RowNumber,CustomerId,Surname,CreditScore,Geography,Gender,Age,Tenure,Balance,NumOfProducts,HasCrCard,IsActiveMember,EstimatedSalary,Exited
1,84392763,Surname_1,656,Spain,Male,20.0,6,42488.06309274111,2,0,1,17883.02683295859,1
2,38014094,Surname_2,366,France,Male,24.0,2,179509.86825715666,1,0,1,98934.60621450163,1
3,27128684,Surname_3,527,France,Male,55.0,0,140882.12103928567,3,1,1,75773.07835454996,0
4,32371687,Surname_4,464,Germany,Male,30.0,2,245943.7757221595,3,0,1,54413.156286435435,1
5,50481050,Surname_5,571,Spain,Male,23.0,0,176454.1134274277,1,0,0,64804.93494315712,0
6,30447100,Surname_6,421,Spain,Female,30.0,3,217596.78331931177,2,0,1,124653.014440225,0
7,18677615,Surname_7,808,Germany,Female,56.0,7,21813.947744028035,4,1,0,47564.44351046858,0
8,22818215,Surname_8,646,Spain,,24.0,6,107737.04706173761,2,1,1,18311.18228382662,0
9,73656358,Surname_9,635,France,Female,57.0,4,195904.41811314586,2,0,1,34538.52813261779,1
10,77454900,Surname_10,646,Germany,Female,42.0,8,125162.8019794714,2,1,1,23892.05617497832,0
11,93031854,Surname_11,561,Spain,Male,59.0,3,209198.75502122045,4,1,1,125296.32895244047,1
12,84815073,Surname_12,473,Spain,Female,23.0,7,39886.63374012552,2,1,1,25533.566795780458,1
13,75345289,Surname_13,550,Spain,Female,57.0,7,100651.87514983151,2,0,0,62619.640695321395,1
14,42496528,Surname_14,545,Germany,Male,26.0,8,206540.9867599355,2,1,0,135903.1350741606,1
15,98658309,Surname_15,476,Spain,Female,27.0,3,167663.67191175328,1,0,1,41564.11957663843,1
16,95180820,Surname_16,842,Spain,Female,19.0,3,220777.82064657082,2,1,0,138883.27416401828,0
17,44835309,Surname_17,778,Spain,Female,48.0,0,28131.791493311324,4,0,1,147710.37013894645,0
18,85854082,Surname_18,652,Germany,Male,37.0,1,191627.59590883864,4,0,0,22346.323077661284,1
19,43819160,Surname_19,560,France,Female,24.0,1,209684.95201742701,2,0,0,134497.33712938125,1
20,67968509,Surname_20,658,Spain,Female,25.0,3,34820.105530511515,4,0,0,21043.972496225877,0
21,22693815,Surname_21,455,Germany,Male,59.0,2,165658.14435285443,3,0,0,99397.30687126113,1
22,30045462,Surname_22,834,France,Female,29.0,0,248608.785718858,1,0,0,76474.17397751262,0
23,10165974,Surname_23,460,Germany,Male,33.0,0,120990.73261650806,3,1,1,24170.060763797515,0
24,99793827,Surname_24,693,Germany,Male,23.0,3,113714.64591869253,1,0,1,78212.69726458723,1
25,49625305,Surname_25,757,France,Male,24.0,0,91564.53855835737,2,0,0,126540.02133827722,0
26,21059930,Surname_26,711,France,Female,20.0,2,12812.218089044813,1,0,0,65439.85572091856,0
27,60854652,Surname_27,354,Spain,Female,37.0,4,192706.70673959042,2,0,1,47926.24658832067,1
28,65660863,Surname_28,721,Germany,Male,49.0,8,34293.70632527945,3,1,0,78957.10977297592,0
29,98729896,Surname_29,504,Spain,Male,34.0,8,178759.5626943062,2,1,0,62280.680912577314,0
30,33137564,Surname_30,609,Spain,Female,34.0,5,249564.31780508853,3,1,1,120567.94614527858,0
31,90114122,Surname_31,443,Spain,Female,33.0,2,58241.29857476068,3,1,0,122862.59318894053,0
32,41718592,Surname_32,842,Spain,Female,34.0,7,43394.75715352112,4,1,0,69690.27125834234,1
33,23386384,Surname_33,739,France,Female,41.0,0,226401.35316042157,2,0,0,24157.170103199605,0
34,16084010,Surname_34,702,France,Male,31.0,3,180272.56724551556,1,0,0,118848.21164602513,0
35,99035276,Surname_35,613,France,Female,32.0,2,63046.75485621436,4,1,1,109977.02068686242,0
36,51263724,Surname_36,499,Spain,Female,25.0,8,158516.88060928936,3,1,1,132286.05307798728,1
37,90065821,Surname_37,675,France,Male,56.0,4,115457.80728207258,4,0,1,99886.54259426388,0
38,25853058,Surname_38,785,Spain,Male,27.0,7,246491.77791109527,1,1,1,123278.85200486281,1
39,54562275,Surname_39,490,Germany,Male,46.0,9,126768.84038308164,4,1,1,80226.9629906887,0
40,80336720,Surname_40,577,Germany,Female,25.0,0,146236.18850270135,3,1,1,23597.594899317955,1
41,83108797,Surname_41,492,Spain,Female,21.0,7,89302.50057380482,3,0,1,73284.91871304033,1
42,20643285,Surname_42,709,Germany,Male,38.0,3,69867.58617553019,1,0,1,136000.8830752512,0
43,88492052,Surname_43,680,Spain,Male,25.0,1,95504.54603724506,4,0,0,34597.509099697345,1
44,40859123,Surname_44,459,Spain,,32.0,9,178257.36600391587,3,0,1,16599.177868092032,1
45,17377992,Surname_45,615,Spain,Male,35.0,0,211876.77195874814,2,0,0,97217.79170918647,0
46,57851502,Surname_46,354,Spain,,24.0,5,197308.36908180613,2,1,1,74820.40521977087,0
47,86641030,Surname_47,738,France,Male,29.0,0,232401.51626976818,3,0,1,57039.51717651101,0
48,92748246,Surname_48,383,France,Female,51.0,3,178543.43017875502,3,1,0,119644.21796363262,0
49,22183816,Surname_49,513,Germany,Female,26.0,6,189748.14021401556,4,0,1,135793.4378321456,0
50,37242846,Surname_50,375,Germany,Female,29.0,4,61596.40803583422,4,1,0,112619.02380323259,1
51,45039724,Surname_51,597,Spain,Female,41.0,1,30316.23386411844,1,0,1,109834.91868278879,0
52,22512861,Surname_52,585,Germany,Male,19.0,0,100837.40037294923,1,1,0,110865.17225778758,0
53,68782694,Surname_53,400,France,Male,29.0,9,48238.90864392935,3,1,0,37807.31465955786,1
54,95791776,Surname_54,747,Germany,Female,25.0,1,234025.34307215997,1,0,0,141858.1744791471,0
55,76330676,Surname_55,777,France,,23.0,0,56092.663325813446,3,1,0,53855.89318759297,0
56,40658551,Surname_56,588,Germany,Male,43.0,7,172828.98019344936,2,0,0,120705.00546634686,0
57,56465339,Surname_57,687,Spain,Male,55.0,4,36984.632052779634,4,0,1,46744.98352528582,0
58,98760208,Surname_58,637,Spain,Male,30.0,0,8613.981841007146,2,1,1,17648.32201250605,1
59,58384994,Surname_59,749,Germany,Female,28.0,4,194540.61055969755,3,0,1,108935.17526989682,1
60,70940893,Surname_60,597,France,Female,32.0,5,170172.88063966122,3,1,1,77379.81980314851,1
61,56016910,Surname_61,764,Germany,Female,29.0,5,55188.6247169601,2,0,1,53998.617093893925,0
62,27662009,Surname_62,521,Germany,Male,49.0,1,218266.34822894074,1,0,0,114628.24906736413,1
63,91461031,Surname_63,384,Spain,Female,40.0,7,165891.20936085642,3,1,1,73426.11178967619,1
64,57264259,Surname_64,413,Spain,Female,38.0,5,154789.00285049644,4,0,0,60585.915180328004,1
65,88232866,Surname_65,395,France,Female,57.0,2,110425.61153839467,4,0,0,34080.228306937875,0
66,14832812,Surname_66,390,Germany,Female,36.0,9,110314.35798524767,2,0,0,134484.67508287894,0
67,32833082,Surname_67,595,Spain,Male,24.0,1,85727.02740091154,2,0,0,49140.243122737,0
68,58040935,Surname_68,691,France,,41.0,0,41045.40693736552,1,0,0,58178.98166528416,0
69,35844817,Surname_69,510,France,Female,54.0,3,218717.00566061132,3,1,0,128170.63578381822,1
70,78022237,Surname_70,420,France,Male,21.0,1,83694.27867437692,2,1,0,71976.63905134138,1
71,77570658,Surname_71,438,Spain,Male,42.0,3,77366.45588807226,3,1,0,67382.3416002143,0
72,93180268,Surname_72,560,France,Male,58.0,6,112885.37716715163,3,0,0,30391.558094261538,1
73,35468670,Surname_73,808,Spain,Male,46.0,0,9460.381912382632,2,0,1,133254.68430839397,1
74,10945260,Surname_74,425,France,Male,56.0,4,227529.06042449895,2,0,1,75726.51826029517,0
75,87458819,Surname_75,352,Germany,Female,47.0,1,203990.1815958234,2,1,0,115091.55436307631,1
76,33516534,Surname_76,769,Germany,Female,48.0,8,151235.8571936708,3,0,1,103794.8033631426,0
77,12134713,Surname_77,499,Germany,Male,34.0,2,82432.28761914758,3,1,1,36503.89571911334,1
78,35778966,Surname_78,785,Spain,Female,38.0,7,130063.51319577148,3,0,0,52024.85278645182,0
79,16653805,Surname_79,611,Germany,Male,36.0,7,130510.82973548192,2,0,1,39079.02622678701,1
80,32253701,Surname_80,510,France,Male,30.0,0,122369.35951229643,1,0,1,81242.58047135455,0
81,88495334,Surname_81,549,Germany,Female,42.0,9,203222.42616578945,3,0,0,149691.67842949156,1
82,20945846,Surname_82,442,Germany,Male,32.0,3,74887.83912560748,1,1,1,85639.67292151462,0
83,63863684,Surname_83,692,France,Female,32.0,9,430.07439236378286,4,1,1,28639.075743856076,1
84,15153104,Surname_84,626,Germany,Female,58.0,3,83930.46210641805,2,0,1,75362.7225711018,1
85,81619806,Surname_85,521,Spain,Female,18.0,7,8974.802448452085,2,0,0,53653.840293094225,1
86,95534077,Surname_86,594,Germany,Female,51.0,6,45742.003733089456,4,1,0,15388.750473322863,1
87,58604711,Surname_87,756,Spain,Female,32.0,2,121711.08076156126,3,0,1,131429.95479154377,0
88,68849528,Surname_88,785,Germany,Female,43.0,0,4734.5847726570355,1,1,1,56286.99279076,1
89,90866874,Surname_89,438,Spain,Female,59.0,1,146.10510996398983,4,0,0,56357.05517859883,0
90,41625966,Surname_90,631,Germany,Female,49.0,4,216584.15657013896,4,0,0,134608.6649690022,1
91,98308043,Surname_91,487,Spain,Male,45.0,3,249740.2761965258,4,0,1,29437.69063551641,0
92,79532303,Surname_92,694,Germany,Male,32.0,0,132499.97463418538,3,0,1,14067.588077566137,0
93,22354738,Surname_93,630,France,Male,50.0,3,223192.05166368652,2,1,0,13247.837203158464,0
94,85991718,Surname_94,628,Spain,Male,39.0,6,233297.38580537846,1,0,0,22899.372201308004,0
95,46004257,Surname_95,837,France,Female,56.0,2,137714.14333737502,4,1,0,20963.974901738944,0
96,28995540,Surname_96,848,Spain,Male,35.0,5,241584.3386156671,1,0,1,20060.730216378637,0
97,75349575,Surname_97,708,Germany,Female,44.0,3,37652.662129992656,1,1,0,77866.59931134853,1
98,15051678,Surname_98,621,France,Male,30.0,1,174106.43332999418,2,0,0,140527.00448285675,0
99,32888112,Surname_99,397,France,Male,20.0,7,11629.594958747075,4,1,0,104542.36756807026,1
100,83060225,Surname_100,729,Spain,Female,23.0,3,45522.952953898355,4,0,0,148141.36580845306,1
101,73399652,Surname_101,469,Germany,Male,56.0,4,238609.67930298313,4,1,0,25567.4294875012,1
102,26358338,Surname_102,395,France,Female,30.0,6,142804.5607258111,1,1,1,63714.418857500066,0
103,79192222,Surname_103,575,Germany,Female,43.0,0,187938.733356081,1,0,1,55046.29686364111,0
104,58046734,Surname_104,413,Spain,Male,45.0,0,166695.94227222746,2,1,1,107091.74419256936,1
105,45599375,Surname_105,592,Spain,Female,39.0,5,85596.14752289638,2,0,0,116529.89367199354,0
106,81506225,Surname_106,802,France,Male,47.0,5,14116.332198666092,2,0,0,88895.90803778097,0
107,92331318,Surname_107,558,Germany,Male,47.0,2,55258.53947714043,1,1,0,112275.80578566244,0
108,70973965,Surname_108,772,Germany,Female,47.0,3,110615.08566844533,2,1,1,28918.589122006146,1
109,66421195,Surname_109,828,Germany,Female,22.0,0,34336.22948133766,2,1,0,62034.82633576336,0
110,70257886,Surname_110,615,Germany,Female,30.0,1,64650.98697208193,3,1,1,56149.629074370234,1
111,50079254,Surname_111,517,Spain,Female,46.0,1,143586.60812512363,2,1,1,148758.9853894421,0
112,96130829,Surname_112,428,Spain,Male,37.0,1,203541.08007706178,4,0,1,15951.059821200748,0
113,28782355,Surname_113,478,Germany,Male,23.0,6,74631.22255594953,3,1,0,29796.79754027578,1
114,99774323,Surname_114,786,Spain,Male,59.0,2,194981.0881677858,2,1,1,133793.21730922285,1
115,77997916,Surname_115,507,Spain,Female,46.0,2,57429.75813207005,1,1,1,48632.34537101635,0
116,45709249,Surname_116,803,Germany,Male,44.0,4,242774.07225930897,3,1,1,77832.34079926986,1
117,33891925,Surname_117,554,Germany,Female,29.0,9,186755.5609879762,2,1,0,40188.22168740417,0
118,24347034,Surname_118,538,France,Female,18.0,7,167788.611738594,3,0,1,102130.03184435549,0
119,28438887,Surname_119,509,Spain,Female,42.0,4,7136.995932327167,3,1,0,35594.81291669108,0
120,15948988,Surname_120,521,Spain,Female,21.0,8,113961.42414868019,3,0,1,50258.48804204897,0
121,83587199,Surname_121,698,Germany,Female,21.0,7,112510.31802140185,3,0,0,30905.705413193777,1
122,13268931,Surname_122,601,Spain,Male,47.0,4,115363.63499284527,1,1,1,146624.46337028826,1
123,15031734,Surname_123,384,Spain,,27.0,6,68236.70926623215,3,1,1,14793.18318391886,0
124,42453590,Surname_124,644,Germany,Female,56.0,0,236629.96499574342,3,0,0,26333.984489349765,0
125,42490334,Surname_125,749,France,Female,52.0,4,204243.6368843999,1,0,1,94337.82897383122,0
126,31691665,Surname_126,787,France,Male,26.0,8,160700.54376622304,3,0,1,29807.850606983026,1
127,79043372,Surname_127,664,Spain,Male,28.0,0,164910.50403094816,1,1,1,131704.81343222922,0
128,57604365,Surname_128,648,Spain,Male,33.0,7,57258.28083409584,1,0,0,118904.59138376832,0
129,21683283,Surname_129,709,Spain,Female,27.0,7,147536.47490203558,4,1,0,87716.48676835456,0
130,35473133,Surname_130,556,France,Female,37.0,5,204344.25490081005,1,0,0,108697.75540874184,1
131,35725587,Surname_131,657,Spain,Female,58.0,3,3226.0292609199437,4,1,0,72554.00297161183,0
132,67277006,Surname_132,760,Germany,Female,47.0,7,157980.4130021045,2,0,1,74153.08143608578,0
133,62167865,Surname_133,687,France,Male,30.0,2,37720.20350071898,2,0,0,82144.01307890775,1
134,33106823,Surname_134,745,Spain,Male,18.0,6,106285.06574517163,2,0,1,39570.361102510855,1
135,60647244,Surname_135,589,Germany,Male,49.0,4,199687.04256553782,1,1,0,144591.28330074472,1
136,75443317,Surname_136,487,Spain,Female,37.0,0,164604.54335058198,3,1,1,146139.8163687378,1
137,68100880,Surname_137,549,France,Male,28.0,7,12350.452367263759,1,1,1,54684.57045297714,0
138,24758044,Surname_138,573,France,Female,53.0,2,249341.12531715087,3,0,1,85507.74242193674,1
139,14435484,Surname_139,455,Spain,Female,30.0,7,124236.50741079115,4,1,0,77985.94536109852,0
140,52835366,Surname_140,640,Spain,Female,48.0,3,12899.06660585799,3,0,1,92492.57284237791,1
141,70380560,Surname_141,779,Spain,Female,30.0,8,169944.67155290928,3,0,0,38526.396448898486,1
142,87728108,Surname_142,835,France,Female,59.0,7,17948.687120851402,1,1,1,87673.52052475812,1
143,71489639,Surname_143,569,Spain,Female,21.0,1,244708.52991747344,3,1,0,132575.8497378191,0
144,22831049,Surname_144,392,France,Female,47.0,5,210759.5643677313,2,1,1,45275.58851795793,0
145,83770990,Surname_145,625,Spain,Male,39.0,7,26279.974175453524,3,1,1,19383.642704944592,0
146,84288458,Surname_146,620,Spain,Female,52.0,2,199277.4977302054,4,1,1,12165.64261217281,1
147,82978881,Surname_147,664,Spain,Male,50.0,3,122761.75359979563,1,0,1,83096.22091671795,0
148,10552797,Surname_148,399,Spain,Female,29.0,4,15748.70466425038,1,0,0,80439.5627245725,0
149,67850555,Surname_149,594,Germany,Female,40.0,6,169624.98911390777,2,1,0,108845.62858272054,1
150,49392208,Surname_150,576,France,Male,50.0,3,51785.37572428221,2,1,1,115904.96702375295,1
151,98646202,Surname_151,788,Spain,Female,37.0,5,168328.80799436703,3,1,0,41910.569953571205,1
152,98181419,Surname_152,495,Spain,Female,26.0,6,238608.09815637965,4,1,0,127465.03458374845,1
153,45933158,Surname_153,796,Germany,Female,28.0,5,115683.81377317465,1,1,0,26272.097361096738,0
154,82630926,Surname_154,561,Germany,Male,28.0,8,57438.6513262245,2,0,0,140389.21119843578,1
155,74182518,Surname_155,477,France,Male,48.0,0,86778.16211511544,4,1,1,110287.74691424305,0
156,44551207,Surname_156,363,Germany,Female,19.0,6,120960.06710698672,1,0,1,74995.11712048424,1
157,31953116,Surname_157,437,Spain,Male,28.0,3,10379.148014730416,2,1,1,17014.77266908504,1
158,66817549,Surname_158,767,France,Male,33.0,2,216600.77145982668,2,1,0,54314.74874362721,0
159,69155844,Surname_159,456,Germany,Female,58.0,8,166723.02743289934,4,1,0,29036.0877535735,1
160,34382024,Surname_160,572,Spain,Female,50.0,1,182825.83826206988,1,0,1,147498.5199630677,0
161,93991040,Surname_161,578,France,Female,36.0,1,162379.81078148808,2,1,1,25944.73938684054,1
162,55784586,Surname_162,517,Spain,Female,51.0,2,31679.88875285027,1,0,1,89252.56805067701,0
163,92042052,Surname_163,478,France,Female,45.0,1,148498.15427321647,3,0,0,108287.06871561903,0
164,66861660,Surname_164,594,France,Male,54.0,1,74195.41162581534,2,1,0,114595.425669158,1
165,53390425,Surname_165,673,Germany,Female,27.0,3,185479.69438564204,2,0,0,18452.778030660586,0
166,90927950,Surname_166,507,Spain,Female,43.0,0,137913.35546028562,4,0,0,28950.533705942682,0
167,29214277,Surname_167,725,Spain,Male,48.0,0,173984.8294648005,4,0,1,51116.4579437541,0
168,26153934,Surname_168,493,Spain,Female,41.0,3,71720.95613204224,3,0,0,105243.4925499857,0
169,37854749,Surname_169,841,France,Female,56.0,7,14410.478127836968,1,0,0,60481.68955349102,1
170,70729684,Surname_170,561,France,Male,43.0,2,65222.30469842416,3,1,1,99430.41260121131,0
171,60361259,Surname_171,497,France,Female,56.0,8,139448.69170748733,4,0,1,70092.19311033133,0
172,68642830,Surname_172,572,France,Male,47.0,9,134735.9091529242,2,1,1,22113.016128275973,1
173,30627981,Surname_173,450,Spain,Male,26.0,9,105027.8343130501,4,0,1,136878.5019238272,1
174,89149761,Surname_174,524,France,Female,41.0,7,240144.58523953025,2,0,0,101371.17722492637,1
175,31293056,Surname_175,500,Germany,Male,37.0,1,122642.48284627932,4,1,0,95551.18226151317,1
176,53442578,Surname_176,712,Germany,Female,18.0,7,97792.45911092064,4,1,0,38265.59831194399,0
177,61157496,Surname_177,399,Spain,Male,31.0,2,192915.25025220224,1,0,0,39712.43012722998,1
178,20513012,Surname_178,813,Spain,Male,27.0,6,65525.263608424226,3,1,0,80638.45585364685,0
179,45902502,Surname_179,399,Spain,Female,22.0,1,148641.53824234495,3,1,0,11817.02533877176,1
180,41147414,Surname_180,640,Spain,Male,30.0,8,53924.69259478702,4,1,1,144416.04010006826,0
181,12399908,Surname_181,767,Spain,Female,22.0,2,154438.7735782815,3,1,1,138877.30385299222,1
182,77156681,Surname_182,351,Spain,Female,49.0,7,128111.73670903176,1,1,0,11962.5089035031,1
183,28701110,Surname_183,386,France,Female,48.0,9,148229.75114389477,1,0,0,118828.0392364117,0
184,19069168,Surname_184,756,France,Male,55.0,2,116639.10478230135,1,0,0,112972.75819791794,1
185,88122673,Surname_185,354,France,Male,54.0,8,17671.0284543187,1,1,0,64829.64050959732,1
186,65624194,Surname_186,613,France,Female,24.0,2,224504.94131869724,1,0,1,128387.5822923351,0
187,16924721,Surname_187,424,Spain,Male,38.0,8,129358.48248456752,3,0,1,144630.90679732827,1
188,65926181,Surname_188,364,Germany,Female,37.0,1,243301.23420940834,4,0,1,103853.64072316697,0
189,21398110,Surname_189,556,France,Male,49.0,3,132504.4571391635,2,0,0,27161.76544452081,0
190,74956206,Surname_190,383,Germany,Female,38.0,9,66702.68728303602,4,1,0,47521.52168971897,0
191,40553791,Surname_191,685,Germany,Female,57.0,6,207591.27399508006,3,1,1,75836.35293449761,1
192,52296317,Surname_192,814,Germany,Female,45.0,0,236165.57065621676,1,1,1,128867.88536520029,1
193,50655848,Surname_193,645,Germany,Female,22.0,5,166970.9281463749,4,1,0,92015.01098050058,0
194,93182865,Surname_194,726,Germany,Male,44.0,3,216720.29277058344,3,1,0,85313.02309386244,0
195,30506584,Surname_195,729,France,Female,46.0,7,249350.24766525542,2,0,1,131262.29352129728,1
196,73964522,Surname_196,356,Spain,Male,41.0,4,199726.84824577652,4,0,1,129416.32263324819,1
197,30914703,Surname_197,811,France,Female,25.0,9,52295.048838627095,2,1,0,145511.0911547101,0
198,63885042,Surname_198,402,Germany,Male,49.0,7,240497.25389898167,3,0,0,146023.33211084423,0
199,97410837,Surname_199,778,Germany,Male,32.0,0,147381.61328178653,2,1,1,103049.01985178786,1
200,68113506,Surname_200,573,Germany,Female,59.0,7,129721.49418139925,1,1,0,33185.55527990578,1
201,58276639,Surname_201,726,France,Male,30.0,5,167216.02534785387,4,1,1,41070.58230450778,1
202,61670436,Surname_202,696,Spain,Female,51.0,7,20710.706886086948,1,1,0,78715.37186961262,0
203,86663828,Surname_203,761,Germany,Male,43.0,1,213106.97706701973,3,1,0,21604.752763783577,1
204,49989332,Surname_204,687,Spain,Male,20.0,6,128624.67704521288,4,0,0,77587.70928320505,0
205,17170761,Surname_205,411,Germany,Female,45.0,9,155449.53122216367,4,0,1,43785.923872861575,0
206,35168680,Surname_206,792,France,Female,36.0,8,6133.862862046063,3,0,1,31710.161701622583,1
207,20895737,Surname_207,642,France,Male,31.0,4,17900.71862086348,3,1,1,32722.343322848494,0
208,66208689,Surname_208,848,France,Male,44.0,7,180524.02156490917,1,0,1,98729.72826198483,1
209,36535937,Surname_209,443,France,Male,30.0,8,27929.682111594884,3,0,0,39186.044635837505,0
210,36299749,Surname_210,763,Germany,Male,35.0,0,202209.768550503,4,1,0,55913.44961592759,1
211,13765693,Surname_211,753,France,Male,29.0,9,246198.00491685868,1,1,0,115294.0613550423,0
212,72926029,Surname_212,683,Spain,Male,32.0,0,170394.40818502422,3,0,0,94435.09537068107,1
213,34943234,Surname_213,358,France,Female,38.0,4,117130.57175062128,4,1,0,131316.51724846446,1
214,59173199,Surname_214,710,Germany,,46.0,3,28101.284044712822,3,1,0,26071.62548217197,1
215,24139032,Surname_215,505,France,Female,38.0,3,103461.15081220708,2,1,1,45534.21393923603,1
216,83651715,Surname_216,635,Spain,Male,43.0,2,33825.91230257384,4,1,1,49210.35885603116,1
217,33855017,Surname_217,513,Germany,Male,46.0,6,209343.16130402932,2,1,1,73320.26854023206,1
218,76349417,Surname_218,727,France,,23.0,4,236698.50164309097,3,1,0,53721.81924556697,0
219,42059748,Surname_219,677,Spain,Female,53.0,1,24965.342861081317,1,1,1,79013.90950834236,1
220,86086439,Surname_220,800,Germany,Female,58.0,3,34150.25921387513,3,0,1,83757.91731366729,0
221,99312636,Surname_221,667,France,Female,35.0,0,37434.26438928207,3,0,1,61066.75451972247,1
222,97911433,Surname_222,728,France,Female,48.0,0,202420.33155087905,2,1,1,71575.65322789489,1
223,27360332,Surname_223,803,Spain,Male,46.0,0,94150.68875811319,4,1,0,149917.54000291848,1
224,61772728,Surname_224,487,Spain,Female,43.0,1,213490.73764636545,4,1,1,97088.59549618742,0
225,85255773,Surname_225,425,Germany,Male,37.0,0,223862.22976196173,4,1,1,13241.651345772292,0
226,84024296,Surname_226,847,France,Male,48.0,3,63.617845545066444,2,0,0,113765.6076184862,0
227,40061152,Surname_227,685,France,Male,39.0,8,171349.15151990554,3,0,0,127398.22830272898,1
228,14486178,Surname_228,658,Germany,Male,26.0,8,106798.97280403993,4,0,0,16571.5300168547,1
229,43325816,Surname_229,581,Spain,Male,44.0,3,155388.7556359591,2,0,1,27757.858383457344,0
230,49359134,Surname_230,799,Spain,Female,34.0,0,2797.185666639612,1,1,1,84533.52752231344,1
231,41743658,Surname_231,664,Spain,Female,34.0,5,247836.05115194013,1,0,0,40315.58645741643,0
232,24162986,Surname_232,627,Germany,Female,35.0,5,14278.829793165081,1,0,1,105490.29001004799,0
233,96853486,Surname_233,571,Germany,Male,35.0,1,35531.001042059834,1,1,0,140405.6062642947,0
234,55244039,Surname_234,554,Spain,Male,31.0,0,48981.88161471731,4,0,1,75852.05661777838,1
235,79014503,Surname_235,357,Spain,Male,48.0,7,209233.0241505182,3,1,1,136973.91832740084,1
236,60539037,Surname_236,796,France,Male,46.0,6,43321.90044204212,2,0,0,131635.40656422594,0
237,82091959,Surname_237,570,France,Female,58.0,1,219222.46793787825,3,0,1,64881.58326252508,0
238,17748466,Surname_238,644,France,Male,53.0,2,167277.19342482756,3,0,0,13434.393466259078,1
239,81901839,Surname_239,689,France,Male,36.0,5,236190.42003771564,2,1,0,20565.624630234634,0
240,75769977,Surname_240,538,Germany,Female,29.0,3,189643.7025419766,1,1,0,12051.848834366414,0
241,48420362,Surname_241,839,Germany,Female,38.0,6,213804.4498513526,4,1,0,38855.90477497413,1
242,97040691,Surname_242,533,Spain,Female,25.0,1,175939.55153690526,2,0,0,70210.79954894757,0
243,48673692,Surname_243,587,France,,46.0,1,148768.9424466612,3,1,0,32546.396124858813,0
244,87866473,Surname_244,430,Spain,Male,42.0,6,230573.15914758173,4,0,1,127565.89574725999,0
245,40869637,Surname_245,470,Spain,Female,21.0,4,97006.88368791933,3,1,1,132585.146796792,0
246,69678644,Surname_246,682,Germany,Female,20.0,5,197078.7490649568,3,0,0,143433.03316338817,0
247,64742296,Surname_247,388,Spain,Female,28.0,8,183023.46120607146,3,0,1,123714.52695306343,0
248,42554655,Surname_248,493,France,Female,26.0,1,171344.65294972903,2,1,1,27420.285664813415,1
249,42063639,Surname_249,735,France,,55.0,8,43346.564042513026,3,0,0,55344.49710960817,0
250,39614183,Surname_250,798,Spain,Male,50.0,1,164277.12704050695,1,0,1,141082.37476710425,1
251,13547230,Surname_251,685,Germany,,43.0,7,62946.947889084535,4,1,0,136638.90099068085,0
252,97964266,Surname_252,562,Germany,Female,28.0,8,236009.0423083603,2,0,1,60905.75448794713,1
253,47991466,Surname_253,379,France,Male,45.0,6,8737.64913359651,4,0,1,131727.2585821585,1
254,82043339,Surname_254,433,Spain,Female,36.0,8,37528.76557847423,2,1,1,140663.8709792247,0
255,16668607,Surname_255,835,Germany,Female,57.0,2,205147.78581639813,1,0,0,103897.7703226026,0
256,76808910,Surname_256,793,Spain,Female,56.0,3,67410.98461665612,4,1,1,83918.56947702247,0
257,85179441,Surname_257,626,Spain,Male,40.0,0,114469.4758882703,4,0,0,25456.048872105566,0
258,54500956,Surname_258,654,Germany,Female,57.0,5,97240.34465917891,4,1,1,69667.3662792634,0
259,71179392,Surname_259,436,Germany,Male,18.0,9,144273.89208632376,1,1,1,78820.42332861443,1
260,62937430,Surname_260,818,Germany,Female,32.0,8,179316.56852111203,4,1,1,65593.6776642662,0
261,26515612,Surname_261,410,Spain,Female,49.0,0,129818.05691054357,4,1,0,76043.54410564926,1
262,65293847,Surname_262,538,France,Female,33.0,9,210929.16538255592,2,1,1,54306.38837237356,0
263,90691717,Surname_263,586,France,Male,22.0,2,30352.49387670294,4,0,0,25714.29014568251,1
264,80957725,Surname_264,766,Spain,Female,41.0,2,209413.8255708362,1,0,0,27842.465965149935,1
265,69888246,Surname_265,475,Spain,Male,34.0,7,25585.7798676829,4,1,0,71187.57947325255,1
266,14199639,Surname_266,546,Germany,Female,52.0,6,118651.03075057216,1,1,1,61391.91125486639,0
267,42113342,Surname_267,684,Spain,Male,47.0,6,223610.50833515654,1,0,0,97579.87823411678,0
268,73308531,Surname_268,674,Spain,Male,49.0,8,1655.0746548751326,4,1,0,66110.40184180863,1
269,52346849,Surname_269,579,Germany,Female,54.0,8,30534.463216030206,3,1,0,123049.54168513496,1
270,40725234,Surname_270,455,France,Male,35.0,4,100057.10327684894,2,1,0,23448.164935141827,1
271,22748149,Surname_271,795,Spain,Male,58.0,4,219875.8320182539,2,0,1,130579.34773817408,1
272,46289136,Surname_272,425,France,Male,18.0,0,88543.29555025064,1,1,0,20464.115568286557,1
273,37786206,Surname_273,731,Spain,Female,32.0,0,107023.09404252966,3,1,0,113007.39636721603,0
274,55814155,Surname_274,703,France,Female,42.0,7,237533.2906194076,1,1,0,119913.55806586712,0
275,29808966,Surname_275,716,France,Female,35.0,0,182526.22036400225,4,1,1,65259.75845955223,1
276,22203524,Surname_276,718,Spain,Female,49.0,8,168936.38424584514,1,1,0,74465.86610535659,1
277,26769123,Surname_277,464,Germany,Female,48.0,8,105336.13450370677,4,0,0,49551.97137035898,1
278,45030102,Surname_278,575,Germany,Male,28.0,6,192586.5885640763,1,1,1,128169.29286104592,0
279,24250457,Surname_279,350,Spain,Male,40.0,6,111423.29724269621,4,1,1,98616.56058831808,1
280,20487429,Surname_280,580,Spain,Male,27.0,5,201363.90078049147,3,1,0,82686.39594569856,1
281,34059479,Surname_281,785,Spain,Female,51.0,0,13615.956865393047,3,1,0,131193.60872491758,0
282,69788367,Surname_282,451,Germany,Male,51.0,3,106504.98631823901,1,0,0,102989.1980468397,0
283,25763561,Surname_283,789,France,Female,55.0,3,201226.89772261406,2,1,1,134708.62885854003,0
284,82214548,Surname_284,593,France,Male,44.0,5,128981.00125175343,3,1,0,93693.43647930044,1
285,46959218,Surname_285,544,Germany,Female,21.0,8,41999.10976513885,1,1,0,49238.36087723833,1
286,40030158,Surname_286,783,Spain,Female,35.0,7,10043.11373430611,3,0,1,81796.62594542738,1
287,10458609,Surname_287,760,France,Female,45.0,1,160621.8200093462,2,0,0,89146.50388259628,0
288,69754475,Surname_288,471,Spain,Female,48.0,5,236300.85792363092,4,0,0,106343.07824043634,0
289,17930241,Surname_289,537,Germany,Female,49.0,7,46365.27934712195,2,1,0,72411.16003767197,1
290,86852409,Surname_290,797,Germany,Male,30.0,4,238565.79494960696,4,1,1,114898.71465897163,1
291,65677950,Surname_291,609,Spain,Male,50.0,5,202267.93048604546,2,1,0,83890.31870074291,1
292,24587338,Surname_292,811,France,Female,52.0,4,115953.92163083643,3,0,1,36603.02843604713,1
293,53848789,Surname_293,387,France,Female,29.0,9,9063.706241416447,1,0,1,21104.23426300111,1
294,89345260,Surname_294,684,France,Female,40.0,2,49561.584149894115,2,0,1,46078.53365547156,1
295,57797009,Surname_295,472,France,Female,31.0,8,20173.738666777797,3,0,0,106947.88808999839,1
296,82013915,Surname_296,433,Spain,Male,24.0,5,194682.38279879175,1,1,0,35532.509871383896,0
297,78351625,Surname_297,429,Germany,Male,19.0,3,234697.32818425074,3,0,1,130362.81725100566,1
298,53168892,Surname_298,760,France,Male,29.0,1,227487.0377284398,2,1,1,68838.4335558169,1
299,85148868,Surname_299,839,Spain,Male,23.0,7,100018.79728029192,4,0,1,24170.96323308906,1
300,42382737,Surname_300,691,Germany,Female,48.0,2,179075.9903674175,2,1,0,67972.21297510926,1
301,19633366,Surname_301,794,Spain,Female,25.0,0,38494.62301155118,1,1,1,54675.430647493915,1
302,39793816,Surname_302,609,Germany,Female,45.0,5,108395.62503161468,3,1,0,149269.88917516818,1
303,83966994,Surname_303,604,Germany,,29.0,2,89410.2247923908,3,0,1,75403.53829610471,1
304,58679689,Surname_304,502,Germany,Male,43.0,0,201473.3892806093,3,1,0,55595.325489593895,0
305,11847087,Surname_305,353,Spain,Female,43.0,7,164262.70234850235,3,0,1,137703.6458608499,0
306,85830609,Surname_306,542,Spain,Female,33.0,0,159254.97173576834,4,0,0,99758.51075114467,1
307,33436823,Surname_307,506,France,Female,39.0,8,188119.13512016894,1,0,1,127501.33591360555,1
308,82329777,Surname_308,630,France,Male,44.0,7,228537.36978577223,4,1,0,144380.8702673192,0
309,32131440,Surname_309,472,Spain,Female,32.0,9,98505.96315635533,4,0,0,104605.50145297946,1
310,53518302,Surname_310,422,France,Male,25.0,1,225976.1161880874,4,1,0,79727.65591942806,0
311,39952621,Surname_311,512,Germany,Female,24.0,1,147320.23575028317,3,1,0,100861.39550571684,0
312,15238899,Surname_312,798,Germany,Female,50.0,6,16809.660552936646,4,1,1,113817.72545363902,0
313,21003015,Surname_313,577,Germany,Female,55.0,1,147947.71197424264,4,1,1,135463.4514932767,1
314,57443438,Surname_314,500,Germany,,52.0,7,42950.117042846265,1,0,0,85001.63038199558,1
315,40433233,Surname_315,724,Spain,Male,49.0,1,171572.83762586437,3,1,0,93051.05711521379,0
316,72759931,Surname_316,446,Spain,Female,42.0,6,61599.53089373357,2,1,1,63388.894064951404,1
317,46404165,Surname_317,609,France,Male,33.0,7,64063.290908317336,1,1,0,92571.41718062684,0
318,76019580,Surname_318,702,France,Female,48.0,1,86835.88500506498,2,1,1,87692.9879733109,1
319,73880706,Surname_319,662,France,Female,53.0,3,111756.65528620535,1,1,0,56748.23069700714,0
320,52691553,Surname_320,705,France,Female,40.0,5,130926.53000904837,4,0,1,52642.69763702179,1
321,36689538,Surname_321,811,France,Male,42.0,9,11297.942435660985,3,0,0,129269.64927599771,0
322,63969995,Surname_322,721,Spain,Male,39.0,6,62612.4252777624,1,1,1,75308.54084688515,1
323,64064807,Surname_323,521,France,Male,19.0,4,21019.181504470045,1,1,0,107726.81788567321,1
324,63518222,Surname_324,492,Germany,Male,19.0,2,68844.80682598345,4,1,0,59573.799896172,0
325,30647095,Surname_325,371,France,Female,27.0,0,116284.56229727699,2,1,0,25999.95848884787,0
326,73983362,Surname_326,520,Spain,,33.0,0,156087.77405546306,1,0,1,33112.06077124397,1
327,46237646,Surname_327,432,France,Male,20.0,3,195645.2534173323,3,1,1,145909.63494736096,1
328,71563949,Surname_328,745,Spain,Female,22.0,5,64219.270780467436,3,1,1,106249.22610073225,1
329,62484069,Surname_329,517,France,Male,51.0,5,180358.23037982814,3,0,1,101569.41884437192,0
330,37407875,Surname_330,442,France,Female,26.0,7,232840.10202165268,1,0,1,117858.7909823393,0
331,17033740,Surname_331,786,Germany,Male,48.0,6,106607.69941832268,2,1,1,38294.2543290799,1
332,84351704,Surname_332,572,France,Female,42.0,2,22525.294860177346,1,0,1,105136.69838246929,1
333,11352894,Surname_333,597,Spain,Female,49.0,9,32534.099782446978,4,0,1,82709.54822224053,1
334,78395696,Surname_334,766,Germany,Female,56.0,0,113834.2695616765,4,0,1,109743.67206219479,1
335,74023606,Surname_335,695,Spain,Male,37.0,0,103681.82029663483,1,0,1,128764.76537697672,0
336,17071560,Surname_336,714,Spain,Female,33.0,6,66169.40804823498,2,0,1,61599.0806705284,1
337,63089717,Surname_337,486,France,Male,25.0,3,105856.79239900681,1,0,1,143105.6792665099,0
338,65554039,Surname_338,551,France,Male,41.0,2,156111.86407042277,4,1,1,53275.74468419521,1
339,98520757,Surname_339,537,France,Female,36.0,2,201404.27329875226,2,1,0,113547.56201082571,1
340,38952138,Surname_340,483,Spain,Male,55.0,9,92354.39572300525,4,1,1,95396.30998829799,0
341,97917595,Surname_341,738,France,Male,27.0,9,51137.58233473798,3,1,1,53632.05905689475,1
342,67088831,Surname_342,589,Spain,Female,32.0,1,199202.07176115428,1,0,1,89638.39299315991,0
343,95844203,Surname_343,764,Spain,Male,26.0,4,242706.80835608154,4,0,0,120151.81934507359,1
344,41254632,Surname_344,370,France,Male,30.0,5,122566.11782227473,2,1,0,18989.405026859607,1
345,71538429,Surname_345,824,Germany,Male,32.0,0,31075.53781811201,3,0,1,29674.680530675367,1
346,28495048,Surname_346,470,Germany,Male,18.0,8,174997.89424430236,4,1,0,58771.01681881233,1
347,70725369,Surname_347,677,France,Female,50.0,2,221881.2407868496,3,0,0,105310.94512694741,0
348,91780191,Surname_348,372,Germany,Male,26.0,1,195913.00112958357,2,0,0,29278.89757840361,0
349,91391733,Surname_349,667,Germany,Male,51.0,8,233107.24059580185,4,1,0,24580.934983080602,1
350,24263837,Surname_350,684,Germany,Male,34.0,7,81602.69791960018,2,0,0,66518.8707939861,1
351,62895117,Surname_351,652,Spain,Female,37.0,0,244268.14293597685,1,0,1,14750.342784249755,0
352,68826201,Surname_352,504,France,Female,23.0,1,154706.09399967408,2,1,0,63284.25309083459,1
353,56688858,Surname_353,564,Germany,Male,56.0,8,169608.02021347033,4,0,0,84640.77481779715,0
354,96907553,Surname_354,489,Germany,Male,35.0,6,217093.19089913485,3,1,0,93964.05061449381,1
355,62199552,Surname_355,827,Germany,Female,22.0,8,185488.4042896596,3,1,1,81495.61776213624,0
356,88869084,Surname_356,740,Spain,Female,47.0,5,122362.10058948962,3,0,0,52863.2909214971,1
357,98333956,Surname_357,728,France,Male,20.0,8,92673.07574979303,2,1,1,93281.67210910778,0
358,85102867,Surname_358,799,Spain,Female,50.0,7,137229.87593753517,2,0,1,130139.44397755753,1
359,45274716,Surname_359,398,Spain,Female,36.0,3,206194.37173398357,4,1,1,92205.1996850022,0
360,36424372,Surname_360,542,Spain,Female,28.0,6,138789.72597319778,1,0,0,137803.09160203364,1
361,57063389,Surname_361,597,Germany,Male,52.0,0,192665.14550422915,3,1,1,121783.19150438464,0
362,74996231,Surname_362,544,Spain,Male,39.0,4,138503.6117085858,1,1,0,146178.36490392918,1
363,39763572,Surname_363,660,Spain,Female,45.0,7,33281.2559359546,2,1,1,31864.366040623132,1
364,25874247,Surname_364,599,Germany,Male,41.0,1,161865.0593570366,4,0,0,48381.555775047564,1
365,12655377,Surname_365,517,France,Male,34.0,0,114734.41446640095,3,0,0,23512.573360131093,1
366,77696321,Surname_366,847,Germany,Female,29.0,8,10417.40230287949,3,1,1,138863.78237902818,1
367,84386683,Surname_367,721,Spain,Female,41.0,3,212485.27560052174,4,1,1,117985.92005378309,0
368,13505545,Surname_368,447,France,Female,45.0,2,129821.76293434897,1,0,0,132930.7010617043,0
369,63672786,Surname_369,575,Spain,Female,19.0,4,165005.55350111015,3,1,1,38845.70744572502,1
370,32165485,Surname_370,803,France,Male,25.0,3,232227.23044041297,2,1,0,80885.19570517562,1
371,82554865,Surname_371,545,Germany,Female,50.0,0,57455.17397081229,1,1,1,41318.75263545923,1
372,16890369,Surname_372,557,France,Female,41.0,5,177807.3196367868,4,1,1,111426.43683395296,0
373,56331501,Surname_373,495,France,Female,38.0,2,210934.8111941397,1,0,0,123717.27458704363,0
374,16284473,Surname_374,584,Spain,Male,53.0,7,131571.3300590837,2,0,1,70958.92849838473,0
375,55591646,Surname_375,776,France,Female,21.0,0,179904.19109163005,1,0,0,141005.77683762778,1
376,90832650,Surname_376,494,France,Female,32.0,8,27839.313070662647,1,1,0,55053.61541586018,0
377,52302926,Surname_377,746,France,,56.0,0,76607.76127932101,3,0,1,119813.00966308963,0
378,58271168,Surname_378,395,Germany,Male,40.0,7,174668.89159241482,1,0,0,145037.22799785886,0
379,13173097,Surname_379,430,Spain,Female,47.0,4,196009.30114608322,3,1,1,110838.94299337991,1
380,93971183,Surname_380,696,France,Male,30.0,7,167395.17079689808,3,0,1,22961.45010396125,1
381,20967339,Surname_381,552,Germany,Male,38.0,4,140452.50209884066,4,0,0,122833.50967378891,0
382,14473600,Surname_382,773,France,Female,51.0,3,241432.4556763003,4,0,0,92354.5858795543,0
383,68020049,Surname_383,551,France,Male,49.0,1,22242.154215711573,3,1,0,123644.716040976,0
384,15239861,Surname_384,372,Germany,Female,39.0,5,41016.756295748884,1,0,0,74791.71547780855,0
385,23043776,Surname_385,540,Germany,Female,22.0,0,219014.91386337287,3,0,1,75169.92173059337,0
386,36380513,Surname_386,431,France,Female,24.0,0,79867.24489144898,1,1,1,109710.21323946872,1
387,72556978,Surname_387,704,France,Male,22.0,4,110718.06799839603,2,1,1,115665.44489582158,1
388,73011031,Surname_388,654,France,Male,33.0,1,228398.7467238353,1,1,0,52865.988116473214,0
389,93272417,Surname_389,640,France,Female,47.0,5,5187.040588102931,3,1,1,142343.38972790277,1
390,24927206,Surname_390,675,Spain,Female,28.0,1,183433.56383440833,1,0,1,138579.41982267835,0
391,58415094,Surname_391,816,Spain,Male,18.0,1,5440.005508032308,4,1,1,45769.770048273866,1
392,90606365,Surname_392,520,France,Female,37.0,5,175682.8410247839,2,1,1,23746.240928260188,0
393,52526406,Surname_393,442,Spain,Male,54.0,5,124658.33204489764,4,1,1,137821.7810739543,1
394,67948582,Surname_394,481,Germany,Female,49.0,7,224077.39251538782,3,1,1,13865.27500623789,1
395,66419766,Surname_395,444,Spain,Male,21.0,2,213060.8873640818,2,0,1,62181.71789283896,0
396,62019807,Surname_396,577,Spain,Male,48.0,0,107281.07753018287,3,0,0,148151.40026266105,1
397,32221778,Surname_397,824,France,Male,48.0,7,194307.86709977442,3,1,0,112234.78304126616,1
398,80134612,Surname_398,546,Spain,Female,23.0,8,205010.6211990874,2,1,0,148611.34092669273,0
399,41527843,Surname_399,709,France,Male,37.0,1,3578.052653135877,3,1,0,32002.06266198152,1
400,44189250,Surname_400,646,France,Male,51.0,0,204009.5751692398,2,1,0,54106.69819402444,1
401,18879669,Surname_401,795,Germany,Female,45.0,8,136269.9401702591,4,0,1,95436.23440842984,0
402,83390678,Surname_402,547,France,Male,29.0,2,10149.15759500326,1,1,1,83286.10550900434,1
403,32932396,Surname_403,720,Spain,Female,25.0,5,80741.94868729415,1,1,1,38920.671658344436,0
404,26603652,Surname_404,783,Spain,Female,45.0,3,154044.4319549086,4,0,0,12356.795289211834,0
405,98635333,Surname_405,467,Germany,Female,30.0,1,129423.44505905152,1,1,1,121744.51111007395,0
406,70032893,Surname_406,521,Germany,Female,22.0,3,8429.28464605519,3,0,0,120815.99065594898,1
407,74830854,Surname_407,369,France,,29.0,9,11502.95998926154,4,0,0,115824.25950375244,1
408,87870990,Surname_408,559,Germany,Male,34.0,3,155533.00263731356,4,1,0,75165.6672673666,1
409,48194524,Surname_409,785,Germany,Male,31.0,4,73878.82459293432,4,0,1,137949.72539082455,1
410,30300106,Surname_410,620,France,Male,52.0,4,241820.67235656892,3,0,1,149757.15688811796,1
411,44154577,Surname_411,825,Spain,Female,30.0,6,180713.07144062326,1,0,1,143807.530673121,0
412,23377174,Surname_412,499,France,Male,54.0,4,1095.0648427338895,2,1,0,80819.66809718283,1
413,69165224,Surname_413,819,France,Female,49.0,8,189103.25172335762,1,0,1,149378.16891313778,1
414,67610218,Surname_414,568,Germany,Male,54.0,2,247535.61898906715,2,0,1,103142.11404814335,1
415,61246941,Surname_415,526,France,Male,33.0,4,24662.111198605537,1,0,0,81790.53958048152,0
416,75058439,Surname_416,660,Spain,Female,43.0,5,201554.20022539585,1,1,0,131403.84190764284,1
417,83469761,Surname_417,756,Germany,Female,25.0,7,81396.2215880368,2,1,1,128676.27738027032,0
418,51778985,Surname_418,394,Germany,Male,49.0,3,219503.60478257659,4,0,0,59221.5202019599,1
419,82594312,Surname_419,395,France,Male,51.0,5,233468.24862969626,1,0,1,147289.76254928502,0
420,75682602,Surname_420,438,Spain,Male,42.0,2,156689.46569963882,4,0,1,107440.50082443755,1
421,14617264,Surname_421,729,France,Female,24.0,2,96177.74279720118,2,1,0,100056.56209376043,1
422,68098034,Surname_422,487,Germany,Female,22.0,4,116417.280993073,4,0,1,54304.81810558049,0
423,90511652,Surname_423,384,Germany,Male,44.0,2,33802.56886632094,2,0,1,109001.36782747209,1
424,80687205,Surname_424,424,France,Male,28.0,0,66862.43532111568,3,1,0,23229.293687630197,1
425,61052263,Surname_425,556,France,Male,58.0,9,78076.33201525413,2,1,0,137926.0231638701,1
426,18985409,Surname_426,557,Spain,Female,34.0,4,91793.41531292014,2,1,1,61672.22746761506,1
427,88873658,Surname_427,762,Germany,Male,37.0,8,223817.35444012104,4,1,0,83221.92116064357,1
428,46592376,Surname_428,523,Germany,Female,48.0,4,134006.6140989937,1,0,1,108816.01230386944,1
429,31121860,Surname_429,554,Spain,Female,39.0,5,19110.47358178214,2,1,0,99534.51336980799,0
430,45608837,Surname_430,439,France,Female,32.0,6,21402.938346133604,2,1,0,80923.80994838761,0
431,55414131,Surname_431,441,Germany,Female,24.0,8,147061.11354506956,3,1,0,42481.17564726998,0
432,38359586,Surname_432,578,Spain,Male,49.0,5,238305.31956451057,3,1,1,53423.36346313748,0
433,58424632,Surname_433,424,France,Female,44.0,9,163047.6095600398,1,1,1,108877.82678464278,1
434,96573885,Surname_434,603,France,Female,24.0,5,186713.83897711406,2,1,1,10320.82399896378,0
435,68202911,Surname_435,747,Spain,Female,39.0,7,64447.235766178084,2,1,0,25067.642891134332,0
436,30663042,Surname_436,673,Germany,Male,42.0,4,225566.29352776424,2,0,1,13559.62039519275,0
437,49170724,Surname_437,353,France,Female,57.0,6,93118.69893450444,1,1,0,17655.740414006672,0
438,67198471,Surname_438,442,Spain,Male,19.0,2,242883.40516478274,3,0,0,48289.52996216685,0
439,83710039,Surname_439,504,France,Male,45.0,0,194214.67734603587,1,1,0,133938.7513316201,0
440,92747034,Surname_440,832,Spain,Male,54.0,9,134471.4183186978,4,0,1,16418.79274408874,0
441,60141584,Surname_441,426,Spain,Female,59.0,6,168208.68068332341,2,1,0,147340.56951615482,1
442,23853763,Surname_442,539,France,Female,43.0,6,21861.915682260784,2,0,1,130145.1548378317,0
443,44352040,Surname_443,404,France,Male,41.0,3,170439.6402088135,3,0,0,114281.27340299003,1
444,69928254,Surname_444,393,Spain,Male,28.0,7,130372.07863092067,1,0,1,133209.43574935885,0
445,37137367,Surname_445,366,France,Male,36.0,8,45292.803934800424,2,1,0,144788.4649412906,1
446,40070408,Surname_446,375,Spain,Male,28.0,0,133499.1646099985,1,1,0,92229.91940954172,1
447,53018440,Surname_447,500,France,Female,53.0,0,129457.31527458596,1,1,0,47247.586917315544,0
448,49064581,Surname_448,729,Germany,,31.0,6,245216.28285315927,4,1,1,14698.752950956628,1
449,31985574,Surname_449,794,Spain,Male,53.0,5,223932.4287052775,2,1,1,70880.83368783492,1
450,63884838,Surname_450,625,France,Female,34.0,5,98983.35468671485,2,1,1,19322.62486029414,0
451,60102695,Surname_451,519,Germany,Female,27.0,9,40589.826373502365,1,1,0,97206.19871713665,0
452,22836906,Surname_452,618,Spain,Male,36.0,5,79051.05177127871,4,1,1,51538.266999731415,1
453,44579846,Surname_453,793,Spain,Male,25.0,7,84304.80932198343,3,0,0,20762.50807727355,0
454,95376912,Surname_454,406,Spain,Male,52.0,4,37940.698537749144,4,1,0,36101.82950004023,1
455,99078571,Surname_455,585,Spain,Male,34.0,8,40303.182211647334,3,1,0,132839.4777924896,0
456,66059707,Surname_456,469,France,Male,55.0,1,188323.52636337612,4,1,1,114782.99219728443,0
457,40106285,Surname_457,815,Spain,Male,44.0,7,89933.68388550945,3,0,0,147063.2241027391,0
458,93095308,Surname_458,697,France,Male,42.0,6,9667.640303633012,3,0,1,76825.90099183311,1
459,88704065,Surname_459,607,Germany,Female,58.0,0,95261.41252397413,2,0,0,69726.80281551837,1
460,93026794,Surname_460,677,France,Female,36.0,2,25717.960995574413,2,0,1,109671.47297577481,0
461,91049193,Surname_461,418,Spain,Female,49.0,4,2797.490922460927,3,0,0,19448.938062913072,1
462,61299243,Surname_462,727,Spain,Female,53.0,1,43288.133154800176,1,1,1,25776.78020595087,1
463,14466716,Surname_463,452,Spain,Female,35.0,8,117690.39820557875,4,0,0,145754.52897585265,1
464,61146276,Surname_464,378,France,Male,44.0,0,40730.39469615094,4,1,1,46066.55950511247,0
465,58377020,Surname_465,398,Spain,Male,59.0,1,17432.917566478744,1,0,0,70433.44981140061,0
466,60549137,Surname_466,491,France,,43.0,1,40801.143791725946,2,1,1,118351.70682614695,0
467,75005978,Surname_467,452,Germany,Female,44.0,2,50343.707914007166,3,1,0,82940.02565607538,1
468,99923479,Surname_468,752,Germany,Female,45.0,6,51499.50532080333,4,0,1,24427.862660188643,0
469,56839030,Surname_469,423,Spain,Male,40.0,0,14456.700377132925,2,1,0,59131.74604943941,1
470,71602514,Surname_470,369,Germany,Male,21.0,5,171995.8967167356,3,0,1,52280.13642055682,1
471,66033631,Surname_471,385,France,Male,30.0,0,225393.4773944342,4,0,0,68803.68890455943,1
472,40890540,Surname_472,649,France,Male,41.0,8,131344.7423249937,3,0,1,84607.8366950745,1
473,11588423,Surname_473,598,Spain,Female,44.0,5,236642.65603878567,1,0,0,116571.2195183768,0
474,18799167,Surname_474,761,Spain,Male,33.0,1,54673.06341765665,4,1,0,100054.15419577768,1
475,50032219,Surname_475,516,Germany,Female,42.0,8,32326.46126368052,1,1,0,69693.40733774082,1
476,15202447,Surname_476,575,Spain,Female,46.0,1,56387.77722439606,1,0,0,21246.31248719176,0
477,18925578,Surname_477,519,Germany,Female,49.0,9,119561.9313172122,3,1,0,50341.54701128408,0
478,27173380,Surname_478,713,France,Female,42.0,4,47371.88252217098,4,1,0,96454.01568242324,1
479,66735548,Surname_479,750,Spain,Female,55.0,0,123173.98324833497,4,0,1,105054.29381138721,0
480,59926258,Surname_480,457,Spain,Female,57.0,5,138103.35351527607,2,1,0,143286.69110837774,1
481,99812235,Surname_481,780,Spain,Female,33.0,4,165375.5615440364,4,1,1,90017.96231011295,1
482,85589722,Surname_482,592,Spain,Female,26.0,4,103314.94519630708,2,1,0,67866.92290025987,1
483,67951681,Surname_483,842,Spain,Male,57.0,7,222926.27197405772,3,0,1,118448.43086354583,0
484,93218922,Surname_484,498,Spain,Female,49.0,9,4562.863853079385,3,0,1,50280.923645379364,0
485,87843206,Surname_485,688,Germany,Female,59.0,7,114831.06867852785,2,0,0,125323.8738202371,0
486,19086582,Surname_486,706,Germany,Female,54.0,9,60972.19385192371,2,1,0,48045.57691019197,1
487,19787382,Surname_487,725,Spain,Male,57.0,8,44377.67114146327,4,1,0,76914.76748950256,1
488,38447997,Surname_488,542,Spain,Female,32.0,1,27408.191342115002,3,1,0,26421.57729387704,0
489,23512270,Surname_489,594,Germany,Male,39.0,9,80301.250076153,2,1,1,52783.058066913014,0
490,56697911,Surname_490,359,France,Female,59.0,3,113463.5895506335,1,1,1,79393.70397997588,0
491,19643343,Surname_491,792,Spain,,44.0,6,10796.925134884616,1,1,0,142607.4382934169,0
492,63090680,Surname_492,763,France,Female,23.0,3,197767.397197151,4,0,1,139333.70646993263,0
493,71576919,Surname_493,722,France,Male,54.0,1,232039.91387662795,1,1,1,142238.79336854207,1
494,85639383,Surname_494,536,France,Male,21.0,2,102218.83636757964,1,0,1,129999.02677901348,1
495,29921232,Surname_495,713,France,Male,56.0,4,159953.25537273043,1,1,1,20070.062298011813,1
496,14549445,Surname_496,374,Germany,Male,47.0,3,25488.950197638333,2,1,0,104270.49122272566,0
497,70146211,Surname_497,744,Germany,Male,51.0,2,136266.4352120425,1,1,1,46632.5783968382,1
498,83134150,Surname_498,845,Germany,Male,50.0,9,65031.81061622329,2,0,1,122471.48387134199,0
499,37067334,Surname_499,606,Germany,Female,23.0,6,33966.08051625169,2,1,0,103039.27236429794,1
500,46292389,Surname_500,805,France,Male,44.0,5,153627.25963784463,1,1,1,90605.7024176871,0
501,92559604,Surname_501,819,Germany,Male,31.0,7,89231.26475103463,3,0,1,58449.54916290687,0
502,48737133,Surname_502,645,Spain,Female,50.0,6,35521.5128387871,2,1,0,104907.9176514177,0
503,61884178,Surname_503,677,Spain,Male,18.0,5,206757.41384127986,4,0,0,130435.81029693356,0
504,42494868,Surname_504,425,Germany,Female,27.0,1,164390.18804550942,2,0,0,148214.49010711856,0
505,38967789,Surname_505,366,Germany,Male,46.0,5,249456.35653820544,2,1,0,33460.886341927064,0
506,49277728,Surname_506,728,Spain,Male,48.0,9,19780.193116973238,3,1,1,52779.84500982156,0
507,81350677,Surname_507,802,France,Female,31.0,9,200115.91333289206,4,1,1,48911.5025865119,1
508,41829079,Surname_508,800,Spain,Female,46.0,9,104012.52581348663,1,0,0,32430.090203703938,1
509,75740144,Surname_509,508,Germany,Male,33.0,5,201340.3376265215,2,1,1,67846.10992712513,1
510,11931805,Surname_510,617,Spain,Male,21.0,6,216339.31432817402,2,1,0,61074.94585845353,1
511,37201002,Surname_511,760,France,Male,25.0,3,146815.1046172512,2,1,0,107322.49526061882,0
512,15620606,Surname_512,731,France,Female,36.0,5,29778.133608965916,1,1,0,133314.3562000693,1
513,95488437,Surname_513,506,France,Female,21.0,2,52619.13452864667,1,0,1,83235.473312948,0
514,76114558,Surname_514,398,France,Male,33.0,1,68699.11715573545,4,1,0,122688.29359672975,1
515,76731618,Surname_515,563,France,Male,28.0,3,99915.21727827063,4,1,1,97122.17538838783,0
516,72739655,Surname_516,773,France,Male,20.0,9,161886.38553287613,1,0,0,32915.75618400989,1
517,41732261,Surname_517,393,Spain,Male,54.0,4,33852.3747318657,3,1,0,72903.7349400749,0
518,97709225,Surname_518,736,France,Female,44.0,1,31875.540359526945,3,1,1,106179.67549824833,0
519,40835102,Surname_519,481,Spain,Male,58.0,3,132021.54421938423,3,1,1,60284.18180646797,0
520,79175359,Surname_520,377,Germany,Female,45.0,7,65039.16111590069,1,0,0,15757.13794868797,1
521,16607342,Surname_521,798,France,Male,28.0,1,35658.66276971957,2,1,1,133032.17262043193,1
522,31125507,Surname_522,631,Spain,Female,20.0,1,216429.17071142627,4,0,1,88278.7019706534,0
523,48244105,Surname_523,358,Spain,Female,58.0,3,167123.40946051158,2,0,1,47892.24283463686,1
524,83508989,Surname_524,744,France,Male,38.0,4,35880.95651316425,1,0,0,63322.86971504794,1
525,79486601,Surname_525,613,France,Male,43.0,9,190666.88390570082,4,0,1,108941.40311394092,0
526,48330922,Surname_526,388,Spain,Male,58.0,4,89584.42898368332,1,1,1,102898.56539113609,1
527,32831610,Surname_527,757,France,Male,31.0,7,28889.616532311924,2,1,1,24431.806319268013,0
528,30856712,Surname_528,392,Spain,Female,19.0,7,158869.92480886995,2,0,0,54681.04274465702,1
529,65459915,Surname_529,708,France,Female,45.0,6,9197.018470133156,4,1,1,134191.03828371654,1
530,10413692,Surname_530,709,Germany,Male,57.0,0,109575.82358305654,4,0,0,124758.75167807146,0
531,86374509,Surname_531,390,Germany,,30.0,7,41263.89885521956,1,1,1,54881.80388688106,0
532,77297607,Surname_532,385,Spain,Female,57.0,3,144190.18532807217,4,0,1,21920.084056347652,1
533,47365595,Surname_533,410,Germany,Male,29.0,9,102248.19531012668,1,1,1,10172.60364590184,1
534,77770286,Surname_534,565,Germany,Male,57.0,6,218551.99574731657,1,1,0,106616.53575076858,0
535,74180349,Surname_535,452,Spain,Female,48.0,2,169666.44079495902,1,1,0,117551.57738454467,0
536,32725867,Surname_536,492,France,Female,42.0,4,73849.00937521069,4,1,1,57021.85288417179,1
537,70959215,Surname_537,352,Spain,Female,37.0,3,56542.59045520352,3,0,0,147102.65232499375,0
538,47568057,Surname_538,553,France,Female,28.0,3,189561.31361692084,3,0,1,144532.30754323187,0
539,65533381,Surname_539,683,Spain,,43.0,4,219816.26812205,3,1,1,90947.02076877751,0
540,66080042,Surname_540,643,Germany,Female,44.0,5,114593.27899989966,2,0,1,119439.98598377817,1
541,62877304,Surname_541,581,Germany,Male,53.0,3,90937.13779000798,1,1,1,38628.703670606155,1
542,50667507,Surname_542,782,France,Male,27.0,0,186258.04816226783,3,0,0,23595.848504323185,1
543,73135166,Surname_543,743,Spain,Female,31.0,1,103242.95774169873,2,1,1,14091.607791810708,0
544,52208125,Surname_544,765,France,Female,58.0,2,243499.02681893957,2,0,1,76121.8747256317,0
545,79135594,Surname_545,715,France,Male,52.0,7,123964.55344155447,2,1,0,84507.54803716372,0
546,59134699,Surname_546,459,Germany,Female,55.0,8,151445.2760665971,1,0,1,95520.4175064691,1
547,60256999,Surname_547,690,Spain,Male,27.0,4,236337.72429182535,3,1,1,42045.67204613199,0
548,62832277,Surname_548,546,Germany,Female,20.0,0,29947.485051180305,1,1,0,132099.52096519934,1
549,43068536,Surname_549,436,Germany,Female,51.0,6,47692.17325583827,1,1,0,102063.69456427997,0
550,73087263,Surname_550,452,Germany,Female,35.0,0,44277.874222909406,1,0,1,127013.93300106715,0
551,19604924,Surname_551,734,Germany,Female,47.0,4,203046.01586209307,1,1,0,123178.9936537007,0
552,88638237,Surname_552,694,Germany,Male,48.0,2,204630.97156233966,2,0,1,20169.40666277069,0
553,69014375,Surname_553,679,Spain,Male,28.0,2,188201.7719797411,3,0,1,31346.266622124338,0
554,97024925,Surname_554,595,France,Male,18.0,5,41548.34203707158,1,1,0,142622.26310155357,1
555,84291192,Surname_555,375,Germany,Male,37.0,2,222662.52437743355,2,1,1,96977.6525395053,1
556,51771731,Surname_556,694,Spain,Male,48.0,6,35375.114092686985,2,0,0,142294.10132916327,1
557,80181079,Surname_557,430,Spain,Female,36.0,6,242197.46362063618,4,0,1,69494.61998423433,0
558,81684375,Surname_558,695,France,Female,30.0,0,75677.9515956591,4,1,0,109960.52701540646,0
559,82777562,Surname_559,574,Germany,Female,25.0,5,179733.97761513077,1,1,0,140416.02738579444,1
560,54125287,Surname_560,700,Spain,Female,48.0,9,73578.85821206139,2,0,1,90287.53262085289,1
561,82476306,Surname_561,769,Germany,Male,40.0,9,66520.2227504926,3,1,0,118837.67519660559,1
562,41963177,Surname_562,572,Germany,Male,54.0,7,18796.86750890497,1,0,0,59013.77628200162,0
563,51321113,Surname_563,764,Germany,Male,48.0,0,35291.44664554837,2,1,0,66737.8516341885,1
564,47934191,Surname_564,611,Germany,Male,59.0,7,219161.48306778976,4,0,1,91121.61585282498,1
565,58038036,Surname_565,515,Germany,Female,41.0,5,155861.89346499447,1,0,1,39961.22227412049,0
566,24809870,Surname_566,734,Germany,Female,43.0,0,193308.91489357423,3,0,1,145503.37237574105,0
567,70284551,Surname_567,577,Spain,Male,20.0,8,214232.50967486665,2,0,1,97492.85973046391,0
568,47846057,Surname_568,593,Germany,Male,50.0,8,69734.66990564375,1,1,1,142471.3918517346,0
569,79053523,Surname_569,552,Germany,Female,48.0,8,236303.0245946881,3,1,1,80498.78775761707,1
570,50173464,Surname_570,822,France,Female,38.0,4,152155.41541393037,1,0,0,26335.315993098484,1
571,18280240,Surname_571,838,Germany,Female,43.0,6,245730.18184250736,1,0,0,37511.94938864536,0
572,36344845,Surname_572,552,France,Female,40.0,7,77297.90190489219,2,0,0,10310.2410715466,0
573,96657183,Surname_573,592,Germany,Male,39.0,6,2393.941546370709,2,0,0,35332.94141480418,0
574,69414741,Surname_574,847,France,Female,28.0,3,180002.14469077616,3,1,0,42022.72482534798,0
575,36388695,Surname_575,705,Spain,Female,20.0,2,73000.52824260588,4,1,0,74279.78568062722,1
576,49437458,Surname_576,570,Spain,Female,55.0,3,224423.3633446907,1,1,0,114781.43273848495,1
577,76996021,Surname_577,622,Spain,Female,50.0,5,223868.8850375676,3,0,0,102647.16617918178,0
578,52644429,Surname_578,843,Spain,Male,44.0,1,91887.64766562729,4,0,0,53261.954686054974,0
579,80519211,Surname_579,820,Germany,Female,39.0,5,91820.87834953018,2,1,0,125482.83059325974,0
580,89458305,Surname_580,456,France,,27.0,6,136860.20037561443,2,0,1,37832.55639560848,0
581,61348520,Surname_581,373,Germany,Female,38.0,4,139506.78073175915,2,1,1,32895.13807082988,1
582,53214393,Surname_582,369,Spain,Female,21.0,7,243311.2047458432,4,0,1,58188.38690493859,0
583,27976313,Surname_583,821,Spain,Female,46.0,2,215143.45293714316,2,1,0,19245.03242214819,1
584,83856357,Surname_584,515,France,Male,30.0,9,196534.79318731884,2,0,1,67203.78884602751,1
585,80728958,Surname_585,510,France,Female,56.0,0,240144.63162704234,2,0,0,49600.433215901874,0
586,45057714,Surname_586,608,France,Female,33.0,0,17850.340809705795,3,1,1,20203.22477364388,1
587,23948542,Surname_587,800,Germany,Female,49.0,2,150986.8084166222,4,1,1,81832.2225070702,1
588,54062987,Surname_588,801,Germany,Female,19.0,3,118322.00530123185,4,1,0,23910.499455594843,0
589,82432650,Surname_589,827,France,Female,56.0,0,72454.59683985476,4,0,1,67502.64577013615,0
590,45040151,Surname_590,756,Spain,Male,27.0,3,162823.66694943624,2,1,0,26795.960007518577,1
591,58758805,Surname_591,767,France,Female,19.0,9,206176.59775441437,1,1,1,121843.39847200902,0
592,27895848,Surname_592,713,France,Female,58.0,0,485.2180853976429,2,0,0,40345.810734527,0
593,84860150,Surname_593,816,Spain,Female,46.0,8,69528.82568619023,1,0,0,138811.00183197734,1
594,61588112,Surname_594,471,France,Male,35.0,3,15394.793860299655,1,1,1,41751.84220474983,0
595,13235649,Surname_595,368,Spain,Male,53.0,7,222409.6232835616,4,1,0,100301.83122225126,0
596,68735597,Surname_596,823,France,Male,42.0,0,136663.87212200035,4,0,1,23920.895519111782,1
597,98526947,Surname_597,768,Spain,Male,58.0,9,188077.8815643077,1,0,1,30568.03283832013,0
598,30592031,Surname_598,376,Spain,,30.0,6,125744.29696594464,1,1,1,148502.38658062104,1
599,15960300,Surname_599,511,Germany,Male,40.0,4,80236.0172800437,3,1,1,16952.19350794224,1
600,66431163,Surname_600,386,Spain,Male,21.0,0,110220.0426756125,1,1,1,100656.20977189677,1
601,67610050,Surname_601,605,France,Female,35.0,7,59709.013034543124,3,1,1,126262.00243324814,1
602,57834315,Surname_602,809,Germany,Male,23.0,1,187402.31088128564,4,0,1,134489.30895077303,1
603,63593433,Surname_603,798,France,Male,51.0,5,170029.30722703962,4,1,0,132121.51956099947,1
604,44191773,Surname_604,829,France,Male,27.0,1,20914.906965799535,3,0,0,99453.96904171241,0
605,19646605,Surname_605,525,Germany,Female,58.0,0,123737.86754489188,2,1,1,115236.51101290478,0
606,15100192,Surname_606,546,France,Female,44.0,1,58986.376855713286,4,0,0,10531.205125648514,0
607,91679110,Surname_607,552,Germany,Male,27.0,7,175821.01785534588,2,0,1,43501.93480213606,1
608,92967060,Surname_608,732,Germany,Male,36.0,9,235351.8865833339,1,1,1,96423.7582068819,1
609,79515730,Surname_609,542,Germany,Female,46.0,0,231326.36077975255,4,0,0,67319.88429586668,1
610,38065372,Surname_610,392,France,Male,23.0,5,60607.11287974469,2,0,0,112061.92159687042,1
611,41567000,Surname_611,653,Spain,Female,52.0,4,162419.16316681105,4,0,0,47595.16062710473,0
612,27488720,Surname_612,657,France,Female,37.0,5,39126.75779694086,4,1,1,96566.96235454177,0
613,69462632,Surname_613,745,France,Female,24.0,0,58844.93709419511,2,0,1,11593.84065200636,1
614,63175975,Surname_614,431,France,Female,21.0,4,244171.0775373603,3,1,1,138014.77609944495,1
615,67574939,Surname_615,365,Spain,Male,24.0,5,111558.60433686874,1,0,1,24691.77386634675,0
616,17013609,Surname_616,539,Spain,Male,22.0,0,160253.59923498493,1,0,0,40787.281165015156,1
617,27109921,Surname_617,772,Germany,Female,48.0,3,5421.428217883634,4,1,0,97032.64636562337,0
618,18015307,Surname_618,694,Spain,Female,50.0,6,6430.4896162867,1,1,0,33612.4956218392,0
619,73924138,Surname_619,784,Germany,Female,35.0,0,233595.44642405855,1,0,0,37659.4494465257,1
620,31194508,Surname_620,474,France,Female,44.0,7,18383.021802616222,1,1,1,87237.5740144067,1
621,41228135,Surname_621,659,France,Female,58.0,7,17518.020463025223,1,1,0,16233.988016464096,0
622,16862510,Surname_622,742,Spain,Female,43.0,6,142223.42268480393,2,0,1,99439.0421587864,0
623,94040081,Surname_623,412,Spain,Female,43.0,3,212768.90164449156,4,1,1,48559.15777943956,0
624,41029360,Surname_624,547,Spain,Male,58.0,5,87131.1098329414,4,0,0,107435.14530766044,0
625,35633823,Surname_625,767,Germany,Female,18.0,1,141832.7576635613,4,0,1,21459.13089121588,0
626,65917756,Surname_626,449,France,Female,49.0,7,30012.648521141076,3,0,0,53098.25263303682,0
627,35350703,Surname_627,543,Spain,Female,39.0,7,56324.00496320661,1,0,1,91717.23365847187,0
628,70898756,Surname_628,381,Germany,Male,39.0,4,51888.10692618484,4,1,1,107926.42346163616,0
629,77921055,Surname_629,663,France,Male,18.0,3,149065.9817474926,2,1,1,79910.29444077154,0
630,21662033,Surname_630,595,France,Female,44.0,2,10205.688965817055,4,0,0,45558.60149768815,1
631,77303114,Surname_631,674,Spain,Male,59.0,4,238007.16775698247,3,0,0,29014.63356473606,1
632,78634519,Surname_632,572,France,Male,36.0,9,115653.5485475921,1,1,0,146789.51205898757,1
633,98546050,Surname_633,663,Germany,Male,48.0,6,12589.754390890328,4,1,0,61367.65157956664,0
634,57033861,Surname_634,753,France,Male,42.0,9,17819.366292869567,3,0,1,141616.2980297686,0
635,99990272,Surname_635,397,Spain,Female,20.0,9,2970.544970013256,3,0,0,127677.144987897,1
636,52618882,Surname_636,523,Spain,Male,59.0,4,60039.30583721001,2,0,1,76113.5761158525,0
637,39926662,Surname_637,637,Spain,Female,38.0,4,75376.20803232753,3,1,1,11808.243531286238,1
638,27921690,Surname_638,787,Germany,Male,55.0,3,222657.65600776422,3,1,1,27433.567402915192,1
639,80115881,Surname_639,622,Germany,Male,36.0,7,172775.29165495656,1,1,1,134165.48681245514,1
640,66198935,Surname_640,576,Germany,Female,58.0,0,142632.01764699363,3,0,0,64203.77606607298,1
641,89870953,Surname_641,432,Germany,Male,18.0,5,62801.554616821246,3,0,0,89229.41807711724,0
642,56432007,Surname_642,412,France,Female,54.0,7,124061.13485415396,4,0,0,31306.08885839686,1
643,95283140,Surname_643,575,Germany,Male,22.0,2,210219.4773675195,1,1,1,70287.35929783912,1
644,99392990,Surname_644,677,France,Male,59.0,6,110767.57902311749,4,0,1,67321.384620659,1
645,93600134,Surname_645,519,France,Female,55.0,0,186786.9300821119,1,1,0,104719.48138812855,1
646,52307552,Surname_646,766,Germany,Female,29.0,8,222409.77952959854,4,1,0,70434.32375766076,0
647,15122740,Surname_647,524,Germany,Female,54.0,3,93372.15651134103,3,0,1,29398.888921558977,0
648,18756813,Surname_648,795,France,Male,32.0,9,87649.92974809732,4,1,1,19052.72959047142,0
649,54171120,Surname_649,713,Spain,Male,48.0,1,158762.26628467217,4,1,0,108833.28571716302,0
650,52144190,Surname_650,710,France,Female,25.0,6,194681.65000105396,3,0,0,59682.106099860284,1
651,47975623,Surname_651,606,Spain,Female,41.0,6,177380.6638037713,1,1,0,80201.56327992989,0
652,53103454,Surname_652,360,Spain,Male,52.0,9,157686.06224264222,4,1,1,117870.8768002732,0
653,64091201,Surname_653,745,France,Male,27.0,1,34742.102402245844,2,0,1,106488.64161047123,1
654,33372757,Surname_654,832,Germany,Female,43.0,2,138052.1414795178,2,1,1,124039.01545019125,0
655,20769109,Surname_655,356,France,Male,44.0,4,65521.34535146839,3,1,0,91090.97511364646,0
656,86671975,Surname_656,764,Spain,Female,20.0,0,189386.88028865863,2,0,1,148866.19208140543,0
657,13310146,Surname_657,352,France,Male,43.0,3,183996.35003672584,3,0,0,23618.684217206086,0
658,53142927,Surname_658,829,France,Female,54.0,1,142943.88136394846,4,0,1,23246.959217904354,0
659,94188409,Surname_659,692,Spain,Female,47.0,2,24073.21090472908,2,1,1,17537.124866848855,1
660,89302707,Surname_660,641,Germany,Male,45.0,0,109242.30879660977,3,0,0,141070.17195692775,0
661,47051217,Surname_661,625,Spain,Female,32.0,9,231373.40446519724,2,1,1,78519.50767441401,0
662,70262927,Surname_662,536,France,Female,46.0,0,95310.22890098514,1,1,1,148998.14792770977,1
663,24489554,Surname_663,364,France,Female,49.0,6,172672.78791439396,4,1,1,95296.9843573686,1
664,39292311,Surname_664,405,Spain,Female,46.0,6,67168.38104840081,1,0,1,68665.44018739577,1
665,79293401,Surname_665,802,France,Female,54.0,1,56866.67106175489,4,1,1,100092.21972586306,0
666,94078163,Surname_666,352,Germany,Female,48.0,1,10134.337649675335,3,0,1,111462.97831631693,0
667,67056548,Surname_667,636,Germany,Male,52.0,9,180675.4306491975,1,0,1,56419.57823014147,1
668,31908464,Surname_668,664,France,Female,23.0,2,145443.58146867566,3,0,1,51976.44208268239,0
669,14568214,Surname_669,765,Spain,Female,59.0,8,88329.88648719425,3,0,1,92550.7047276519,0
670,24866329,Surname_670,777,France,Female,37.0,4,241264.5914938263,1,0,1,54197.62565483224,0
671,92910851,Surname_671,535,Germany,Male,40.0,9,86440.78402185936,2,0,1,118778.61218054255,0
672,61912455,Surname_672,449,France,Male,36.0,9,125834.86445327455,2,0,0,16257.510084945483,1
673,80039281,Surname_673,358,Germany,Male,49.0,0,144629.8102008326,2,1,1,47210.15114121972,1
674,39961845,Surname_674,377,France,Male,38.0,1,244911.7624995688,1,0,0,86672.06964612899,1
675,44446604,Surname_675,493,France,Female,43.0,8,230736.9686789467,3,1,0,85632.5845724079,1
676,34321076,Surname_676,545,France,Male,19.0,6,234255.74180826827,4,1,1,121181.31115339937,1
677,24984014,Surname_677,421,France,Male,27.0,7,154398.92999877027,4,0,1,43295.176031505594,0
678,65261969,Surname_678,575,France,Female,58.0,7,98261.4358338226,4,0,0,133409.56920633907,0
679,31768683,Surname_679,706,Spain,Male,33.0,9,239783.09754744553,2,0,1,104187.39032882248,0
680,48181379,Surname_680,397,France,,26.0,7,56250.299282940534,3,0,1,99094.9366400547,0
681,47683094,Surname_681,446,Germany,Male,44.0,3,174892.73178770233,3,0,1,59487.285337686124,1
682,86411865,Surname_682,404,France,Male,30.0,4,221060.56422723303,3,0,1,71419.23212213116,0
683,18542654,Surname_683,832,Germany,Female,22.0,7,153547.33008942156,2,0,0,23740.878900745993,0
684,34149585,Surname_684,605,Spain,Male,40.0,2,64057.56609498453,2,1,1,83615.76144004356,0
685,40625990,Surname_685,618,Germany,Female,42.0,8,61047.028817394406,1,1,0,69224.51029853115,0
686,88127746,Surname_686,600,Germany,Female,18.0,4,131822.84502515066,1,1,1,130732.18716672249,1
687,27044097,Surname_687,720,Germany,Female,42.0,6,46091.5339231735,3,1,1,149307.9303435289,0
688,41018652,Surname_688,410,France,Female,23.0,7,43406.81876390387,2,0,0,65971.86767336458,1
689,64101224,Surname_689,669,Germany,Male,28.0,8,94715.80748317018,1,1,0,119137.29471365856,0
690,25643091,Surname_690,362,Germany,Male,41.0,0,133707.43850080375,2,0,1,84419.15590579339,1
691,11932771,Surname_691,555,Germany,Female,59.0,3,84199.18458829043,1,1,0,59507.3418547872,1
692,26505993,Surname_692,562,France,Female,53.0,9,29084.993399402403,2,0,0,16790.722859324964,1
693,62787697,Surname_693,673,France,Female,56.0,8,165555.14468125894,1,0,1,109376.191660023,0
694,86959813,Surname_694,567,Germany,Male,31.0,2,209604.7678533999,4,0,1,148042.85954443715,1
695,77703036,Surname_695,803,France,Female,53.0,4,225620.02003533966,3,1,0,133554.62614252645,1
696,32831829,Surname_696,391,Spain,Female,50.0,2,27741.543309905304,2,0,0,117175.09479424274,0
697,48373151,Surname_697,367,Germany,Female,42.0,8,162490.600785898,1,0,0,114916.05910197106,0
698,98677697,Surname_698,452,Germany,Male,42.0,3,14844.220928185243,2,1,1,14469.374028260849,0
699,13010814,Surname_699,423,France,Female,45.0,6,9909.441576381183,4,1,1,20484.035864443133,1
700,35602753,Surname_700,573,Germany,Female,20.0,0,73056.3714340671,4,1,1,107031.73713938949,0
701,60987662,Surname_701,749,Spain,Male,31.0,0,166035.04840084878,4,0,1,144831.38286369896,0
702,16821283,Surname_702,574,Spain,Female,30.0,0,44612.17259523767,4,0,1,148679.55752093813,0
703,71596952,Surname_703,568,France,Female,47.0,9,232357.32216575937,1,1,1,106077.07984756783,1
704,25127314,Surname_704,490,France,Female,29.0,1,100213.24067340836,4,1,1,105628.2270929189,1
705,77971216,Surname_705,750,France,Female,37.0,6,3909.2119328998365,1,1,0,69987.28212424502,1
706,88425241,Surname_706,602,France,Female,19.0,8,25321.936285031017,3,0,1,14530.319664554787,1
707,38543695,Surname_707,357,France,Male,59.0,1,189311.39372136496,1,1,0,87376.20013014006,0
708,46063253,Surname_708,450,Spain,Female,29.0,8,19654.006934257173,1,1,0,102092.82019851141,1
709,56324366,Surname_709,752,Germany,Male,44.0,3,174250.53641085717,2,1,1,73941.4671367836,0
710,98934630,Surname_710,547,Spain,Female,58.0,2,197692.6878567089,4,1,0,65186.26802794583,1
711,39118251,Surname_711,690,Germany,Female,37.0,9,118497.4281112276,1,1,0,104282.14136460061,1
712,53458859,Surname_712,561,Germany,Female,40.0,8,183898.52030232066,2,0,0,38652.080399541905,1
713,26318203,Surname_713,619,France,Male,30.0,1,111650.00493139129,3,1,0,29487.002775616053,1
714,65507920,Surname_714,614,Spain,Male,46.0,8,165570.2808734698,1,0,1,69502.12751790948,1
715,73633646,Surname_715,393,Germany,Female,45.0,5,28527.987883586793,4,0,0,131968.79848674324,1
716,83114868,Surname_716,423,Spain,Female,48.0,3,32487.483322248045,1,0,1,101082.7896593977,0
717,36669964,Surname_717,564,Germany,Male,57.0,9,195367.2555419013,2,0,0,63247.028398517905,1
718,74908915,Surname_718,810,Germany,Female,30.0,6,141083.08174247495,1,0,1,19073.306091092883,1
719,47063335,Surname_719,697,Spain,Female,38.0,1,161281.2420962995,1,1,1,11727.4451101724,1
720,18148771,Surname_720,382,Germany,Male,50.0,2,152853.0580136857,2,1,0,40182.09559337452,0
721,12734680,Surname_721,576,Germany,Male,55.0,3,221982.337546317,1,1,0,65943.248821872,1
722,27083220,Surname_722,640,France,Male,43.0,6,17961.91654788412,4,1,0,117652.64369196052,0
723,52850654,Surname_723,480,Germany,Male,24.0,5,115798.86058030969,4,0,0,48176.75045304054,0
724,68102162,Surname_724,759,Germany,Male,21.0,0,119594.78191647177,3,1,0,149386.92546265863,0
725,45699587,Surname_725,415,France,Female,42.0,4,239209.5374310263,4,0,0,19983.064822493187,0
726,89282853,Surname_726,468,Spain,Male,36.0,6,208143.9991230909,2,0,0,28522.814072346773,0
727,78627252,Surname_727,490,Spain,Male,57.0,2,33632.41174028459,2,0,1,87883.72355634056,0
728,11816257,Surname_728,646,Germany,Female,28.0,9,168801.26547355333,2,1,0,65994.2094144557,1
729,39397501,Surname_729,836,Spain,Male,41.0,8,113954.29961649068,2,1,1,74181.877561911,1
730,80861573,Surname_730,510,France,Male,45.0,8,190602.364843348,4,1,0,141306.6437119326,1
731,50748558,Surname_731,845,France,Male,47.0,3,197393.06067740222,2,1,0,90498.4156682896,0
732,25228111,Surname_732,820,Germany,Male,55.0,5,82594.29950990685,3,1,1,125303.06855912805,0
733,10020636,Surname_733,368,France,Female,41.0,8,124628.79489021609,1,0,0,33428.69814945359,0
734,82264937,Surname_734,733,France,Female,34.0,8,98747.26152654664,4,0,1,135759.70815602154,0
735,99096717,Surname_735,780,Germany,Male,31.0,8,67726.35461051988,1,0,0,83461.24066711024,1
736,16339694,Surname_736,829,Spain,Female,36.0,6,103164.97851685113,1,1,1,138083.02793885808,1
737,43232825,Surname_737,696,Spain,Male,37.0,5,141298.49746832228,4,1,0,129390.81353906356,1
738,93560129,Surname_738,650,France,Female,56.0,1,29506.33426288654,2,1,1,20029.564050758996,0
739,94737595,Surname_739,477,France,Male,49.0,4,211702.99098246417,2,0,1,17498.887054579325,0
740,53129557,Surname_740,445,Germany,Male,21.0,3,18061.31588387569,2,1,1,129356.30959058175,0
741,21680112,Surname_741,548,Spain,Female,53.0,2,5526.2373501280545,2,0,1,123511.34903463906,0
742,34285950,Surname_742,499,Spain,Male,34.0,3,1823.8361718908025,1,0,1,54720.60833763544,0
743,71706279,Surname_743,357,Spain,Male,38.0,5,226523.6077231148,4,0,1,140503.8452771344,1
744,63710765,Surname_744,646,France,Female,32.0,3,37784.94692215384,3,1,0,135208.3735274983,0
745,15084834,Surname_745,426,Germany,Male,34.0,4,77808.53106862502,4,1,1,39583.13120001413,0
746,71931801,Surname_746,665,Germany,Female,23.0,8,81853.74636182452,1,1,1,139185.2805313635,0
747,58886483,Surname_747,548,Spain,Male,47.0,0,224252.13053184273,2,0,0,47989.53976644608,0
748,81613758,Surname_748,712,Spain,Male,51.0,9,198427.59288609758,4,0,0,98777.43958790961,1
749,15530740,Surname_749,474,France,Male,21.0,5,240429.8251603713,3,0,0,89439.89000548644,1
750,33962146,Surname_750,788,France,Male,27.0,0,8130.089357505366,3,1,0,114513.26391970762,1
751,22291351,Surname_751,513,Spain,Male,50.0,1,184181.8350324101,2,0,0,82562.84745003766,1
752,16891507,Surname_752,444,Germany,Male,59.0,6,33395.33652489593,2,0,0,147522.9772286379,1
753,80643489,Surname_753,675,Germany,Female,24.0,1,48488.3299570833,1,1,1,141371.78086522064,1
754,19074533,Surname_754,532,Germany,Male,43.0,2,194595.1654390018,1,1,0,113485.13510488621,1
755,86859357,Surname_755,548,Spain,Female,50.0,1,212198.0484485176,3,0,1,53967.209832121975,0
756,84528838,Surname_756,577,France,Male,41.0,9,71265.86742487035,2,0,0,70979.46188948216,1
757,44217829,Surname_757,476,France,Male,19.0,9,166211.6868734689,4,1,0,89465.04872599799,0
758,47205681,Surname_758,557,Spain,,26.0,7,187858.04667887714,1,0,1,91505.60854760911,1
759,63066525,Surname_759,790,Spain,Female,32.0,3,14199.97573718293,3,1,0,96411.94454787308,1
760,29595901,Surname_760,651,Germany,Male,54.0,7,81709.65076297593,1,0,0,101309.2248407303,1
761,91428927,Surname_761,469,Spain,Male,56.0,6,204033.14708978715,1,1,1,141533.62589413082,1
762,22645088,Surname_762,795,Germany,Male,35.0,5,236045.58921479082,1,0,0,123493.01053314842,1
763,61351759,Surname_763,396,Germany,Female,25.0,1,184307.5759792001,2,1,0,96621.73157369549,1
764,37038010,Surname_764,706,Germany,Male,35.0,9,193654.15655699885,1,1,0,111257.9727308086,0
765,11825361,Surname_765,424,France,Female,45.0,8,59715.223326679225,4,1,0,35749.7231827074,1
766,40184942,Surname_766,367,Germany,Female,35.0,1,223920.76631348795,1,1,1,79555.52942809495,0
767,97117713,Surname_767,714,France,Male,32.0,0,139413.06141694175,4,1,1,54590.23362168163,1
768,52954167,Surname_768,770,France,Female,20.0,4,62873.74328493878,3,1,0,45722.51865593692,0
769,24949863,Surname_769,466,France,Female,34.0,4,37740.87314463839,4,1,0,143103.65719628942,0
770,73124112,Surname_770,474,France,Male,22.0,1,84816.2231594414,1,0,0,121112.14821260652,0
771,13741899,Surname_771,847,Germany,Female,52.0,0,217382.70004560283,3,0,1,34970.78560747605,1
772,20405708,Surname_772,491,Spain,Female,53.0,4,164120.35611571808,2,1,1,72867.07242844447,1
773,37780228,Surname_773,737,Germany,Male,31.0,3,62174.31028383336,3,0,1,112772.8368525624,1
774,39449825,Surname_774,800,France,Female,58.0,1,12826.50866710769,4,1,1,102917.63280012076,1
775,35640890,Surname_775,544,Germany,Male,41.0,2,106025.42822475411,4,0,1,137771.2411511203,1
776,19232702,Surname_776,563,Germany,Female,31.0,3,67398.37598455514,2,1,1,118033.11042724634,1
777,81087258,Surname_777,589,Spain,Male,20.0,0,68456.40189641081,2,1,0,123586.48787202795,0
778,86981800,Surname_778,608,Germany,Male,52.0,1,92792.12036564747,1,1,1,30369.49202502814,0
779,54424128,Surname_779,759,Spain,Male,27.0,8,31186.406138077076,1,1,0,114372.69979728918,1
780,54890294,Surname_780,776,Spain,Female,22.0,8,149671.5937176791,2,0,0,142002.29711317748,0
781,66752556,Surname_781,357,France,Male,52.0,3,162707.84583015493,4,0,1,117627.44953304679,1
782,12596411,Surname_782,777,Germany,Male,19.0,5,158913.36737534494,1,0,0,73651.19888132121,1
783,72115922,Surname_783,736,Spain,Male,28.0,7,78094.30668612938,4,0,0,30070.277438195997,1
784,60954753,Surname_784,538,Germany,Male,44.0,2,189489.1248774005,2,0,1,137915.3577706299,1
785,46623000,Surname_785,384,Spain,Female,38.0,3,198630.62138073676,3,0,0,72288.37947950786,1
786,96364298,Surname_786,599,France,Male,37.0,6,208817.64495255167,3,1,0,30412.460220950827,0
787,83844271,Surname_787,405,Spain,Male,32.0,8,117520.3205406328,2,1,0,54491.74342018166,1
788,42738399,Surname_788,494,France,Female,21.0,4,56836.815303678595,1,0,0,147587.68560112242,1
789,43971552,Surname_789,564,France,Male,45.0,9,140303.05622463734,3,0,0,108442.76643038476,1
790,57637859,Surname_790,727,Spain,Female,48.0,6,218945.84733612966,3,0,1,100225.75580628453,0
791,53793109,Surname_791,464,Spain,Female,26.0,7,91915.92583962383,3,1,0,61650.05641440653,1
792,12882476,Surname_792,700,France,Male,47.0,4,97944.30434279391,1,1,0,90414.47797534092,1
793,85599758,Surname_793,452,Germany,Male,46.0,0,225180.3765541629,3,0,0,64137.60313784496,1
794,65457344,Surname_794,395,France,Male,20.0,2,180894.4678831793,2,1,0,126108.91287297987,0
795,13165179,Surname_795,588,France,Male,27.0,1,183954.996751023,1,0,0,101501.198989572,0
796,70444415,Surname_796,705,Germany,Male,34.0,4,151089.5433791927,4,1,1,57273.04070714259,1
797,48904725,Surname_797,686,France,Male,55.0,4,20177.327956264173,3,1,0,96773.55470979137,0
798,47725137,Surname_798,701,Germany,Male,26.0,7,82042.43592185473,2,1,0,107634.18688785493,0
799,31327792,Surname_799,539,Germany,Female,44.0,0,1857.7871263193158,2,1,1,46603.485356817924,0
800,83432401,Surname_800,538,France,Female,51.0,4,81659.95172879646,2,0,1,62807.692609219645,0
801,78397589,Surname_801,573,Spain,Male,18.0,5,149040.12449004684,4,1,1,76667.30854606214,1
802,96060243,Surname_802,758,Germany,Female,44.0,9,189648.91137581083,3,0,0,58076.70361476667,0
803,12609829,Surname_803,848,Spain,Female,48.0,3,32219.316620848676,3,1,0,55289.21214122524,1
804,65386711,Surname_804,648,Spain,Male,37.0,5,196931.7597322986,2,1,0,110869.00062791492,0
805,41511846,Surname_805,594,Spain,Female,24.0,8,200139.11946404152,3,1,0,25553.1980937056,0
806,54171411,Surname_806,645,Spain,Male,18.0,4,173303.83605367315,4,0,1,34939.396849866294,0
807,65416866,Surname_807,608,Spain,Male,29.0,9,187899.96082325873,3,0,0,120266.65260946278,1
808,24306010,Surname_808,584,France,Female,36.0,3,80215.22432718614,4,0,1,149960.11780493637,0
809,29593266,Surname_809,526,Germany,Female,45.0,4,130409.82189015321,1,1,1,10375.54604310864,1
810,46691294,Surname_810,823,Spain,Female,33.0,1,244387.29432895005,3,1,1,84725.62037594989,0
811,32064186,Surname_811,506,France,Male,24.0,6,44270.35189107381,3,0,0,122755.72498308215,0
812,83702841,Surname_812,361,Germany,Female,23.0,3,129790.83617054152,2,0,1,99318.58354758858,1
813,10187362,Surname_813,749,France,Female,40.0,6,169306.15074353016,3,0,0,28070.38320877786,1
814,22857428,Surname_814,727,France,Female,23.0,0,204502.0744913412,3,1,0,63885.83037835311,1
815,83812464,Surname_815,433,France,Male,46.0,4,142489.5261613107,3,1,0,79481.6799278286,1
816,48576837,Surname_816,389,Germany,Female,53.0,1,66145.30361093595,2,1,1,135752.30126910208,1
817,53381420,Surname_817,783,France,Female,26.0,3,92539.33794896898,3,0,0,126926.29698879179,1
818,82116470,Surname_818,799,Spain,Male,52.0,7,85856.24885269495,3,0,1,82312.70414893409,1
819,52621935,Surname_819,363,France,Male,55.0,4,107682.9831110906,3,1,0,33475.24764623303,0
820,65304820,Surname_820,811,Spain,Male,50.0,1,144784.06588008304,3,1,0,102968.5398068697,0
821,33263438,Surname_821,677,France,Male,19.0,0,176883.50626192827,3,0,0,111631.3682638705,1
822,79308727,Surname_822,419,France,Female,37.0,2,19872.501055731573,4,1,0,11642.40435460215,1
823,73847640,Surname_823,430,Germany,Female,21.0,3,16997.407618865367,4,1,0,66736.84382941801,0
824,90040158,Surname_824,688,Germany,Male,51.0,1,18697.732579573163,4,1,0,121259.4330932695,1
825,79300001,Surname_825,391,France,Female,59.0,7,102357.83417833466,4,0,0,109475.38951682362,0
826,24279167,Surname_826,689,France,Male,19.0,9,170352.525577522,1,0,0,48698.26251114792,1
827,28498436,Surname_827,717,Spain,,54.0,7,75083.8180525581,1,0,1,37674.2307357196,0
828,55673161,Surname_828,732,Germany,Male,25.0,1,174183.43871805997,3,1,1,116935.58840233597,1
829,47461707,Surname_829,734,France,Female,42.0,0,102589.18156745631,1,1,1,54282.2168512201,1
830,81518709,Surname_830,675,France,,32.0,7,176164.90683752307,1,1,1,97349.1638972972,1
831,16076220,Surname_831,556,Spain,Male,57.0,7,130857.64117195395,2,1,1,77175.74173530945,0
832,89015568,Surname_832,563,France,Female,49.0,9,29416.186863056748,1,1,1,120776.26868473926,1
833,87168698,Surname_833,548,Spain,Female,47.0,2,22772.355329531452,3,0,1,53221.88588519825,1
834,23059486,Surname_834,749,France,Female,32.0,1,5934.908059988142,4,1,1,22008.99577021041,0
835,94484420,Surname_835,761,Spain,Female,51.0,8,44241.0316177049,2,1,0,94111.80629779222,1
836,68899564,Surname_836,433,Germany,Female,19.0,1,204227.59612893814,3,0,0,37627.15914849747,0
837,48348722,Surname_837,418,Spain,Male,27.0,0,111302.31871375973,1,0,0,28719.479471050592,0
838,13933548,Surname_838,554,Spain,Female,34.0,6,227479.0112215573,2,0,0,146651.89700232202,0
839,79751511,Surname_839,477,France,Female,59.0,6,204098.42015326433,3,0,1,90454.27497850085,0
840,43588101,Surname_840,507,France,,25.0,6,2046.0249808283982,2,1,1,41870.08621364318,0
841,69600774,Surname_841,766,Spain,Male,37.0,2,32621.521027807103,2,1,0,81944.29169266655,0
842,68768649,Surname_842,669,Germany,Male,30.0,9,15189.406542035267,3,0,1,11333.396959371927,0
843,69114637,Surname_843,540,France,Female,21.0,6,14735.182624187493,2,1,0,16935.646045787842,1
844,29203470,Surname_844,577,Spain,Male,47.0,6,200236.75880908204,1,1,0,74804.28262627259,0
845,44399311,Surname_845,399,Germany,Female,31.0,0,50755.179715080005,4,1,0,71689.6622288507,1
846,71497640,Surname_846,492,France,Female,26.0,1,101175.7194884613,4,0,0,91096.05618444874,0
847,20139472,Surname_847,384,Germany,Male,50.0,4,206627.2114859039,1,0,1,106669.29202957777,0
848,14339216,Surname_848,493,Spain,,50.0,9,215548.03575189575,2,1,0,137979.67923353863,1
849,23606352,Surname_849,616,Germany,Male,23.0,7,209841.32906823576,4,1,1,85201.63732476466,1
850,43683289,Surname_850,765,Germany,Female,54.0,4,21655.71435053576,4,1,0,14714.496366870693,1
851,75339455,Surname_851,382,France,Male,28.0,0,19622.873718826926,3,0,0,27981.658253504254,1
852,24163448,Surname_852,354,France,Female,45.0,0,218400.9609256513,4,1,1,67731.69980580866,1
853,60093438,Surname_853,467,Spain,Male,51.0,8,235976.5070821162,2,1,0,83947.29285294432,0
854,11768632,Surname_854,707,Germany,Male,43.0,3,122138.39160995896,4,0,1,59846.63974314482,0
855,55855670,Surname_855,651,Germany,Female,59.0,7,194131.0267035452,3,0,1,85369.98583965842,1
856,14360636,Surname_856,365,France,Female,49.0,6,23885.46952002901,2,1,1,49303.3469874053,1
857,14587042,Surname_857,486,France,Male,46.0,1,76719.34818861964,2,0,0,89695.3643411811,1
858,41415236,Surname_858,649,Germany,Male,23.0,0,248226.68903275725,2,1,1,58272.993751497124,1
859,96063643,Surname_859,758,Germany,Female,52.0,2,108679.23194172332,1,0,1,66960.95842650051,1
860,33271924,Surname_860,712,France,Male,18.0,7,132463.77850117823,3,0,0,138838.6054380334,0
861,59879785,Surname_861,711,France,Female,47.0,3,200028.24102939758,2,0,0,17835.996920040358,0
862,16119499,Surname_862,662,Spain,Male,26.0,4,224677.748115841,4,1,0,53732.00807389666,1
863,93375677,Surname_863,522,Germany,Male,59.0,8,65832.59013294698,2,1,0,33802.815252881686,1
864,52651571,Surname_864,643,Spain,Female,49.0,2,128521.78267705507,3,1,0,90706.7573340471,1
865,17479253,Surname_865,545,Germany,Male,24.0,8,167968.79549384993,1,0,1,80625.20020713231,1
866,58221220,Surname_866,742,Spain,Female,22.0,2,220478.99938558813,1,0,1,121427.8543499648,1
867,70538754,Surname_867,646,France,Male,41.0,5,137721.6948669871,1,0,0,73634.76727867188,1
868,90553317,Surname_868,621,Spain,Female,36.0,3,178902.09934384597,1,1,1,132739.33972107002,0
869,10281320,Surname_869,470,Spain,Male,50.0,5,128016.57242890938,2,0,1,103618.55825755386,1
870,27789421,Surname_870,665,France,Female,59.0,1,245422.17828274687,1,1,0,137829.72412594227,1
871,46836136,Surname_871,684,Spain,Male,31.0,4,206660.71690142693,1,0,0,16960.95321637138,0
872,66898685,Surname_872,572,Germany,Female,33.0,9,62343.20445107658,1,0,1,38116.52187892664,0
873,52116268,Surname_873,412,Germany,Male,46.0,9,98807.64628965122,2,1,0,105404.49831590058,1
874,68059378,Surname_874,832,France,Male,54.0,4,123373.91290981056,4,1,0,31829.570146763515,1
875,36158269,Surname_875,798,Spain,Male,39.0,7,127223.11581933183,3,1,1,111707.43886340063,1
876,83721943,Surname_876,566,Germany,,46.0,2,197047.2065307986,2,1,0,10520.631744517033,1
877,94485670,Surname_877,659,France,Female,21.0,4,190211.76510395258,1,1,0,109667.92528958492,1
878,84517691,Surname_878,838,Spain,Male,56.0,9,211626.39969227373,1,1,1,56578.963405277835,0
879,69314954,Surname_879,641,France,Male,46.0,6,18902.946508616013,4,0,1,123285.83540385903,0
880,88184264,Surname_880,477,Germany,Male,30.0,0,11909.07375253919,4,0,1,63897.271272786165,1
881,89314207,Surname_881,754,France,Female,45.0,5,17154.712980181037,4,1,1,113998.18749933626,1
882,29337721,Surname_882,779,France,Female,27.0,7,148951.8963292003,4,0,0,43041.1047772699,0
883,87555829,Surname_883,454,Germany,,47.0,3,2290.3853804017995,3,1,0,13636.990723294708,0
884,96290519,Surname_884,427,France,Male,23.0,2,198298.6097556396,4,1,1,132865.485155405,0
885,59622326,Surname_885,582,Spain,Male,42.0,6,131307.75629481318,2,1,0,144699.42196424023,1
886,20648897,Surname_886,380,France,Female,18.0,7,187141.2834207086,1,1,1,148035.2495955013,1
887,23624037,Surname_887,474,Germany,Female,41.0,9,249011.84930565555,1,0,0,92251.8441185246,0
888,42739511,Surname_888,704,France,Male,45.0,2,12351.231735453994,1,1,0,52976.35026999989,0
889,56563081,Surname_889,717,France,Female,23.0,8,66200.07285280418,3,0,1,132328.7861331479,1
890,12482133,Surname_890,442,Spain,Female,53.0,7,80729.95750327807,3,1,1,20018.511289264476,0
891,80988356,Surname_891,424,Spain,Male,39.0,8,99647.39881599152,4,1,1,122695.48660718044,1
892,10243381,Surname_892,749,Spain,Male,49.0,8,216619.41723303712,3,0,1,54757.99579677321,1
893,62200060,Surname_893,696,Spain,Female,52.0,4,137771.83036335692,3,1,0,47050.243374828344,1
894,59261225,Surname_894,506,France,Male,23.0,4,136178.93425122942,4,1,0,120180.10907534986,0
895,30141439,Surname_895,776,Spain,Female,24.0,0,37283.371882153995,4,0,0,69367.61537282178,1
896,85204978,Surname_896,605,Germany,Female,32.0,9,86685.81824747467,2,1,0,146754.9910717074,1
897,63903687,Surname_897,450,France,Female,33.0,1,161119.1595426914,3,0,0,110466.83741487334,0
898,43867267,Surname_898,748,Spain,,34.0,6,138503.29083477007,2,1,0,25402.92740445897,1
899,30096760,Surname_899,672,France,Female,32.0,6,154049.8348261881,3,0,1,73360.00872370144,0
900,29501173,Surname_900,683,Germany,Male,34.0,0,65073.606989065,1,0,0,15520.99592849052,0
901,26526103,Surname_901,649,Spain,Female,37.0,3,43988.671086901966,4,1,1,85536.5439038508,0
902,72407229,Surname_902,416,Germany,Female,54.0,8,190002.43810443988,2,0,0,11604.19237219844,1
903,18809158,Surname_903,464,Spain,Female,35.0,4,73164.29113830902,3,0,1,90309.27474765124,1
904,58752254,Surname_904,508,Spain,,47.0,6,100125.92036698617,3,1,1,85764.2995605717,1
905,45372425,Surname_905,783,Germany,Male,45.0,6,196106.79125391762,3,0,0,102723.89428130238,1
906,60990330,Surname_906,372,Spain,Male,49.0,8,147762.89223454945,2,0,1,53787.15994972821,0
907,55608647,Surname_907,456,France,Female,43.0,2,154879.24239129634,3,0,1,148736.65752657436,0
908,83953024,Surname_908,742,France,Male,34.0,0,53345.03963223489,4,1,0,92861.191719789,0
909,78286566,Surname_909,475,Spain,Female,52.0,3,237425.18367141444,2,1,0,12008.017769260017,0
910,36500719,Surname_910,705,Germany,Female,48.0,4,18252.024535676093,3,0,0,75764.76286291244,1
911,63484089,Surname_911,490,France,Male,26.0,9,228503.36972386745,1,1,0,48177.69391431359,1
912,35961572,Surname_912,845,Germany,Male,29.0,9,142976.6223475421,3,1,0,33302.487715603565,1
913,73534036,Surname_913,523,Germany,Female,31.0,7,152664.95625363564,2,1,0,94880.48091561905,0
914,28742711,Surname_914,678,Germany,Male,19.0,0,242126.1594397439,2,1,0,53602.9313886587,0
915,47847767,Surname_915,399,Spain,Female,34.0,8,81269.05240584617,2,0,1,146431.64377084846,1
916,20609738,Surname_916,603,Spain,Female,25.0,2,203598.6193163879,3,1,1,128112.70283969784,1
917,97815262,Surname_917,360,Germany,Female,43.0,5,84014.68755705637,2,0,0,147171.26202078725,0
918,37114507,Surname_918,353,Spain,Female,29.0,5,218285.314251408,3,1,0,23925.831614501833,0
919,75568995,Surname_919,522,Spain,Female,32.0,1,53171.63238402259,3,0,0,138309.8857456608,1
920,97893525,Surname_920,633,France,Male,21.0,7,228748.48137065157,4,0,1,13410.799874157921,1
921,74898107,Surname_921,602,France,Female,40.0,0,224605.48793598425,2,1,0,81113.03592729541,0
922,87672058,Surname_922,402,Spain,Female,22.0,8,178678.1828497584,3,0,1,59267.17916252163,1
923,17147755,Surname_923,516,Spain,Female,25.0,8,209965.86474208918,1,0,0,57608.84249047808,1
924,42295436,Surname_924,666,Spain,Male,38.0,9,95523.25343936247,3,0,0,92064.29884565897,0
925,56846535,Surname_925,522,Germany,Male,41.0,5,86963.17308978325,1,0,0,30796.50843847489,1
926,59410869,Surname_926,604,Germany,Female,27.0,8,71695.96063425957,3,0,1,144582.23288240464,1
927,86175383,Surname_927,662,Spain,Male,50.0,7,165796.2436871029,1,1,0,61872.96196285966,0
928,12148301,Surname_928,662,Spain,Male,41.0,7,74928.04162960376,2,1,0,146736.62683944099,0
929,90484813,Surname_929,831,Germany,Male,37.0,5,124246.48299077465,3,0,0,58606.29873796501,1
930,25342901,Surname_930,746,Spain,,26.0,5,55186.779312964725,2,0,0,59854.68784040131,1
931,30485915,Surname_931,535,France,Female,59.0,6,138992.32063115074,2,1,0,69761.99525999802,1
932,77128369,Surname_932,676,France,Male,56.0,6,148407.13932046847,4,1,1,105367.42005461967,1
933,24017452,Surname_933,691,Spain,Female,39.0,5,230182.8869139251,1,0,1,133352.67179745273,1
934,11866331,Surname_934,567,Spain,Male,32.0,9,123197.08914067285,2,0,1,92620.35662050707,0
935,50825582,Surname_935,749,Spain,,44.0,5,148078.77470481332,3,1,1,72843.41850015247,1
936,77923052,Surname_936,634,Germany,Female,47.0,7,7701.59758803296,4,0,0,127371.6154502517,1
937,84488690,Surname_937,511,France,Male,44.0,6,238535.59085972275,2,1,1,61674.68551682253,0
938,99903006,Surname_938,444,France,Female,36.0,0,49059.954663433855,1,1,1,31861.080420522056,0
939,60666523,Surname_939,709,Spain,Male,34.0,8,113583.246868901,2,1,0,19482.67265952567,0
940,90229801,Surname_940,657,Germany,Female,57.0,0,106748.85790758961,1,1,1,39199.843127081986,0
941,65640782,Surname_941,680,Germany,Male,37.0,0,47673.424499168585,1,0,0,46764.075368182814,0
942,83918929,Surname_942,603,France,Female,48.0,0,158916.70695603243,3,1,1,135839.86434681976,0
943,83817418,Surname_943,434,Spain,Female,45.0,8,23628.385765160852,1,1,1,102615.43959147224,0
944,29975805,Surname_944,735,France,Male,23.0,7,98973.72572987576,2,0,0,105385.27621329892,0
945,38097159,Surname_945,684,Spain,Male,49.0,2,232946.66104244065,3,0,0,143056.222905926,1
946,69633606,Surname_946,421,France,,42.0,0,76970.182338884,1,0,1,92831.95785024847,1
947,89425851,Surname_947,652,Germany,Male,20.0,8,81748.90938578034,2,0,1,133989.16905290144,1
948,72148161,Surname_948,815,Spain,Male,56.0,1,137003.30360143658,1,0,1,99559.01386637191,0
949,69774234,Surname_949,547,Spain,Male,54.0,4,128701.00109615897,3,1,1,92599.86040109851,1
950,61163486,Surname_950,692,France,Female,36.0,4,68930.36141388242,3,0,1,90522.81615034607,0
951,95241665,Surname_951,800,Germany,Male,27.0,3,34722.09326168624,2,1,1,125057.18937209989,0
952,53401258,Surname_952,580,Germany,Female,22.0,2,64954.91746091786,4,0,0,47771.402949164134,0
953,96624981,Surname_953,434,Germany,Female,48.0,0,131317.1509989769,1,1,1,27116.05205823478,0
954,38554985,Surname_954,737,France,Female,30.0,8,61866.29237918931,2,0,1,138833.54217108863,0
955,70068408,Surname_955,596,France,Male,39.0,4,107625.86331212145,1,1,1,47720.65149448528,1
956,20895992,Surname_956,458,Germany,Male,32.0,1,28053.35047360502,1,1,0,102635.20402115663,0
957,25773523,Surname_957,521,France,Female,28.0,9,99565.86083976305,2,1,1,142826.24154623554,1
958,45942997,Surname_958,777,Spain,Male,59.0,9,33596.60027256603,4,1,1,96088.8002078446,0
959,84251291,Surname_959,816,France,Female,55.0,4,2185.4361243782428,2,1,1,140037.86302020217,0
960,66858536,Surname_960,541,France,Female,43.0,5,153369.81547446776,1,0,1,149965.53119334055,0
961,55199786,Surname_961,722,Germany,Male,55.0,8,43147.82630210953,1,1,1,32026.53827190427,0
962,46926634,Surname_962,605,Germany,Male,25.0,2,217706.97814515803,2,1,0,105536.76119679825,0
963,92961711,Surname_963,738,France,Male,20.0,1,225907.16112344357,1,1,0,10621.867944016936,0
964,63322509,Surname_964,686,France,Male,56.0,4,199410.6353313828,3,1,0,30794.781822005196,0
965,15375555,Surname_965,545,France,Male,45.0,4,247146.5233096468,1,1,1,134131.99169106415,1
966,81862354,Surname_966,714,France,Female,20.0,9,147022.81789323976,3,1,1,24269.863993570325,1
967,50178814,Surname_967,764,France,Female,21.0,3,166085.8983439216,2,0,0,40396.592750456446,0
968,65060253,Surname_968,547,Spain,Female,53.0,9,60657.38225523709,4,0,0,93157.0050547378,0
969,87346744,Surname_969,537,Spain,Female,39.0,8,15198.271573092281,4,1,1,73865.51131714876,1
970,46436657,Surname_970,660,Spain,Male,23.0,8,93123.76232508002,4,0,1,123064.53818847859,1
971,78807808,Surname_971,473,France,Male,30.0,6,171521.88292974638,2,0,0,99311.3127867838,1
972,61381947,Surname_972,733,France,Male,48.0,8,198607.6429492501,3,0,0,102435.42041626651,1
973,83573801,Surname_973,553,Spain,Male,33.0,7,47238.68357353092,1,1,1,31393.87532045831,0
974,43526143,Surname_974,463,France,Male,42.0,5,110438.91047744486,3,0,0,25467.430548988963,1
975,47918474,Surname_975,383,Spain,Male,24.0,7,216137.3704103301,3,1,1,98391.69898134923,0
976,16937330,Surname_976,480,Germany,Female,31.0,8,15878.598982183163,2,0,1,149917.1500235643,1
977,28580066,Surname_977,737,France,Female,56.0,2,207554.32836511766,3,0,1,82956.62146702188,0
978,84945809,Surname_978,383,Germany,Male,28.0,4,179390.0448125626,1,0,0,51599.060992440594,0
979,30128008,Surname_979,666,Germany,,36.0,0,34952.98851221057,2,0,0,148534.78918447826,1
980,79851102,Surname_980,626,Spain,Male,46.0,0,95477.19433278668,1,0,1,140648.87839267845,0
981,93766905,Surname_981,462,Germany,Female,18.0,7,32039.570928942496,2,1,0,69312.56716085155,0
982,72626742,Surname_982,790,France,Male,37.0,8,73779.75682992932,2,0,1,95029.63106769245,1
983,71716402,Surname_983,687,Spain,Male,39.0,7,75894.40295994055,4,1,1,82749.65305559646,1
984,20906890,Surname_984,584,Spain,Female,52.0,0,174350.57728219387,1,0,0,106608.31304856659,0
985,41383030,Surname_985,411,Spain,Female,27.0,9,34991.64520050749,4,1,0,15226.414701946609,0
986,13792070,Surname_986,484,Germany,Male,50.0,2,211763.4076053027,2,0,1,102257.91174838769,0
987,12299823,Surname_987,847,Germany,Male,21.0,3,196189.78669941306,2,0,0,115378.19085914035,1
988,73453455,Surname_988,426,Spain,Female,18.0,9,59577.075291227826,2,1,0,118442.79528785552,1
989,58681170,Surname_989,612,France,Female,44.0,8,217656.2841393993,1,0,0,31069.038641452276,1
990,44029265,Surname_990,573,Spain,Female,55.0,9,148904.13085231077,1,0,0,80127.4334769816,0
991,41728366,Surname_991,511,Germany,Female,52.0,6,239070.5649118323,4,1,1,136991.31078892603,0
992,34446877,Surname_992,409,Spain,Female,27.0,0,28442.197079440957,3,0,0,97903.11493252714,0
993,59682829,Surname_993,481,Germany,Male,51.0,3,99334.65083569623,3,0,1,47162.218264409064,0
994,98885944,Surname_994,540,Germany,Female,59.0,1,21539.949551950154,1,1,0,55155.06876617442,0
995,42456443,Surname_995,526,Spain,Male,38.0,6,117585.02418015826,1,0,0,111480.08006159445,1
996,25478347,Surname_996,651,Germany,Female,37.0,0,147710.64270330634,4,0,0,92658.27113186057,1
997,77193603,Surname_997,538,Germany,Female,49.0,0,11866.537778910224,4,1,0,45558.444269980064,0
998,66037496,Surname_998,758,France,Male,57.0,4,66506.39954127355,2,1,1,128671.2942623592,0
999,93321732,Surname_999,457,Spain,Male,18.0,7,102906.06692569454,2,0,1,149455.95148522776,1
1000,72128304,Surname_1000,592,Spain,Male,54.0,4,24798.699998929667,2,1,1,20239.00197116064,0
1001,44837224,Surname_1001,601,France,Female,53.0,9,35904.56840167358,4,0,1,105816.66074193432,1
1002,93062363,Surname_1002,564,Spain,Male,46.0,4,63743.5992417758,3,0,0,87913.29769342348,1
1003,55012836,Surname_1003,597,Germany,Female,47.0,8,132567.87304407096,3,0,0,130575.46365260234,0
1004,82130157,Surname_1004,722,Spain,Male,56.0,2,11274.766811627285,1,1,0,59964.029679849664,0
1005,97582302,Surname_1005,688,France,Male,41.0,3,157611.06649673963,4,0,1,145004.8464982917,0
1006,80032493,Surname_1006,694,Germany,Female,38.0,7,174513.09981162462,2,0,1,17447.560325637445,1
1007,74004782,Surname_1007,828,Germany,Male,58.0,6,38609.096233034325,3,0,0,10104.990507152259,0
1008,95211979,Surname_1008,416,Germany,Male,32.0,0,136929.27024366503,4,0,0,11690.220877840206,0
1009,50831254,Surname_1009,403,Spain,Male,39.0,4,98132.03927881806,3,0,0,44251.54722139901,1
1010,66286136,Surname_1010,628,France,Female,59.0,6,28840.887044988744,2,1,0,74984.79826615399,1
1011,30181130,Surname_1011,406,Germany,Male,42.0,5,248335.55655136495,3,0,1,50482.95449406604,1
1012,98568275,Surname_1012,512,France,Female,32.0,1,190501.138109688,3,1,1,124131.98972609307,1
1013,40936964,Surname_1013,465,France,Male,38.0,7,113042.4289212773,1,0,0,142784.07091834486,0
1014,38023948,Surname_1014,807,Spain,Male,34.0,8,241637.25119141128,2,1,1,61021.62248008519,1
1015,72447218,Surname_1015,628,Germany,Male,28.0,5,126068.25680315537,3,0,0,53750.00513338954,1
1016,11407432,Surname_1016,710,Germany,Female,26.0,5,9373.250189886301,4,0,0,130271.32541707458,0
1017,68365445,Surname_1017,769,Germany,Female,30.0,9,56132.70003630963,1,1,0,99263.92263038926,1
1018,23888455,Surname_1018,455,Germany,Male,28.0,1,13860.833861506466,4,0,0,129333.66580453744,1
1019,94330287,Surname_1019,524,Germany,Male,21.0,2,248676.92397132557,2,0,1,122261.15883644507,0
1020,48117578,Surname_1020,790,Spain,Male,19.0,3,1044.0913874068535,3,1,0,51607.11329300226,1
1021,57214412,Surname_1021,362,Spain,Female,20.0,8,12788.961755980488,2,0,0,38036.718362938744,0
1022,58565159,Surname_1022,492,Germany,Male,58.0,3,93461.53903796009,2,0,1,47001.385747340384,1
1023,56079405,Surname_1023,500,Spain,Male,52.0,8,45525.41526220699,3,0,1,45940.528266946654,0
1024,19221328,Surname_1024,398,France,Male,39.0,6,221243.85333716398,2,1,0,66658.68751902346,1
1025,76106887,Surname_1025,437,France,Female,34.0,7,122619.87565897236,3,0,1,125695.48373536328,0
1026,89664944,Surname_1026,609,France,Female,33.0,7,147830.69159939192,1,0,0,111992.53365754665,0
1027,63983082,Surname_1027,433,Germany,Male,52.0,0,172607.35132811053,3,0,0,47292.814807280985,0
1028,26119260,Surname_1028,509,France,Female,48.0,8,144465.4855974577,3,1,0,75116.0409021106,1
1029,32275756,Surname_1029,841,France,Male,25.0,7,33789.948868512525,2,1,0,110022.55985826699,0
1030,90169398,Surname_1030,718,France,Male,28.0,4,1313.2893494131881,4,1,0,16323.047026436541,0
1031,66303866,Surname_1031,628,France,Male,36.0,8,83607.0796916821,3,0,1,61986.61258289128,0
1032,39997347,Surname_1032,397,France,Male,22.0,7,48717.74651127811,2,1,0,49162.4145445386,0
1033,88273072,Surname_1033,722,France,Female,27.0,3,98782.76168752328,2,0,1,82703.41022792262,1
1034,22137664,Surname_1034,374,Germany,Male,27.0,9,241535.95318619526,3,0,0,132069.99522004116,0
1035,33468127,Surname_1035,537,Spain,Male,53.0,9,246193.39441465327,3,1,1,137045.8223584671,0
1036,68929324,Surname_1036,720,Spain,Female,58.0,7,192193.78747545957,4,1,1,148242.46535105645,0
1037,84518856,Surname_1037,571,Spain,Male,57.0,1,207662.0756591527,3,1,1,36265.13606817335,0
1038,84115353,Surname_1038,546,France,Male,50.0,5,6285.636353301344,1,1,1,13116.08338129248,0
1039,20439304,Surname_1039,505,France,Female,23.0,2,240884.75954973453,4,1,1,147707.23212532682,0
1040,28429154,Surname_1040,523,Spain,Female,46.0,9,12683.219957646486,1,0,1,50878.02721524558,1
1041,23930829,Surname_1041,571,Spain,Female,45.0,3,221408.17267485717,4,0,1,42396.90727540135,1
1042,27859663,Surname_1042,452,Spain,Female,29.0,9,191136.38978564477,2,0,0,98260.96435843139,0
1043,67854978,Surname_1043,448,France,Female,39.0,8,154863.3305055747,3,0,0,129832.78829073113,1
1044,30985018,Surname_1044,798,Germany,Female,46.0,7,108142.44186553707,2,0,0,40898.49273805473,1
1045,69488283,Surname_1045,450,France,Female,43.0,7,29797.303287060873,1,1,1,66371.94693998201,1
1046,44322021,Surname_1046,724,France,Male,57.0,9,125014.70808995294,3,0,0,48514.02446185492,0
1047,31489411,Surname_1047,761,France,Female,19.0,2,47417.069649232646,4,1,0,23533.533238420598,1
1048,23581361,Surname_1048,569,Germany,Male,29.0,5,189479.49977260653,3,0,0,67906.8766028638,1
1049,37686544,Surname_1049,498,Spain,,18.0,8,42048.205512938366,4,1,1,142964.9872391483,1
1050,11458831,Surname_1050,486,Spain,Male,49.0,1,93283.68992492222,3,0,0,20993.618185456893,1
1051,17093396,Surname_1051,665,France,Male,39.0,9,146250.18793786006,2,0,1,41317.72777471605,0
1052,13812130,Surname_1052,490,France,Male,22.0,6,65923.12063584127,3,1,0,51292.716937768906,0
1053,53423784,Surname_1053,599,France,Female,26.0,1,129036.19329185087,2,1,0,61186.72044553933,0
1054,10654410,Surname_1054,823,France,Female,18.0,2,87315.67917173919,3,0,1,45619.63057986246,0
1055,12422944,Surname_1055,772,Germany,Male,30.0,0,204732.60173226977,3,0,0,49894.46543083748,0
1056,47463002,Surname_1056,391,France,Female,36.0,9,16415.11639805951,1,1,0,34244.512962225715,0
1057,24343641,Surname_1057,644,Spain,Female,25.0,2,39237.4775961048,1,1,0,79785.34051038514,1
1058,57091371,Surname_1058,467,Germany,Female,33.0,9,38933.66567836204,3,0,0,143265.2161253372,0
1059,50362928,Surname_1059,778,France,Male,25.0,7,174906.14961982417,2,1,0,67499.00639400193,0
1060,37589180,Surname_1060,478,France,Female,53.0,7,164044.04787354794,2,0,1,11004.871688498044,0
1061,79978286,Surname_1061,390,Spain,Male,35.0,8,130789.61208093514,1,0,0,104710.35738621857,1
1062,84726967,Surname_1062,848,Spain,Male,30.0,9,211344.26063434457,1,0,0,57394.1696555016,1
1063,21095464,Surname_1063,481,Germany,Female,35.0,4,236122.85170667496,4,0,1,67691.61087112292,0
1064,83385046,Surname_1064,828,Spain,Male,52.0,6,164125.9379652355,3,0,0,117618.89848426278,1
1065,80647253,Surname_1065,413,Germany,Female,28.0,1,22273.38465237952,1,1,0,110701.57778939253,1
1066,19939247,Surname_1066,479,Germany,Male,31.0,8,204863.9699240904,3,0,1,95851.30605114048,1
1067,85412614,Surname_1067,676,Germany,Female,18.0,7,3001.2563934648238,3,0,0,111143.4668193734,1
1068,54303399,Surname_1068,627,Spain,Male,29.0,6,107061.41156175552,4,0,1,35529.75472652324,0
1069,44346655,Surname_1069,373,Spain,Male,56.0,5,140072.82249743864,4,0,0,75781.18261091619,1
1070,94928435,Surname_1070,812,Germany,Female,28.0,7,100395.18364114761,4,0,0,118665.31980969622,1
1071,16804331,Surname_1071,514,Spain,Male,51.0,2,12030.705059157599,1,0,1,71584.79097143048,0
1072,20124070,Surname_1072,805,Germany,Female,41.0,6,17010.699738958912,2,1,1,43798.03221774156,1
1073,64131181,Surname_1073,362,France,Female,59.0,8,144777.67389787175,4,0,1,55269.45810267707,1
1074,39854002,Surname_1074,606,France,Male,33.0,9,151219.8412358733,3,1,0,111346.64975389621,1
1075,56893282,Surname_1075,521,Germany,Female,18.0,0,58667.28779021296,3,1,1,42814.77034113167,1
1076,42898612,Surname_1076,787,Germany,Male,29.0,9,243405.54449783027,2,0,0,112023.51512587802,0
1077,23287155,Surname_1077,369,Germany,Male,23.0,1,87822.92459601487,1,0,1,24299.03046428392,0
1078,14144397,Surname_1078,488,Spain,Male,49.0,2,94754.63072546684,2,1,0,132186.31732599734,0
1079,44264567,Surname_1079,713,Spain,Female,32.0,6,6327.822495666213,4,1,0,137782.6564914708,0
1080,77801724,Surname_1080,804,Germany,Male,53.0,9,166565.66798924567,4,0,0,14616.859941624814,1
1081,52571878,Surname_1081,821,Spain,Female,25.0,0,34933.14189857008,1,1,1,101398.34523868092,0
1082,90844930,Surname_1082,567,Spain,Female,39.0,2,89032.1506184212,1,1,1,36767.12521603896,1
1083,72126137,Surname_1083,847,Germany,Female,34.0,0,189838.39799854183,3,0,1,19873.34415105723,0
1084,66316341,Surname_1084,803,France,Male,21.0,6,153599.3322774182,1,0,1,56460.157239756205,1
1085,46771121,Surname_1085,727,Germany,Male,32.0,6,166857.14720814175,2,0,1,68043.59749422877,0
1086,16545143,Surname_1086,561,France,Male,37.0,1,33343.16140111895,4,0,0,59458.032807351985,0
1087,31889203,Surname_1087,684,France,Female,57.0,8,107221.34484142726,3,0,1,94073.42790367355,1
1088,17771967,Surname_1088,712,France,Male,43.0,4,8021.99127597808,3,0,1,147209.49373018503,0
1089,79532530,Surname_1089,511,Germany,Male,38.0,4,67778.29555710121,3,1,0,31087.564309949816,0
1090,97727790,Surname_1090,441,France,Male,41.0,4,64769.943105601,1,1,1,63243.3186566829,1
1091,59973299,Surname_1091,453,Spain,Female,48.0,3,91254.52347356058,2,0,0,89622.68828410177,1
1092,15828581,Surname_1092,797,Spain,Female,25.0,7,111785.2978054129,1,1,0,106829.34110182911,1
1093,91658871,Surname_1093,759,France,Male,37.0,3,203809.19536630993,1,0,1,19893.93104744664,1
1094,65115482,Surname_1094,532,Spain,Female,30.0,0,182224.38441411068,2,1,0,39470.111158665015,0
1095,22413929,Surname_1095,705,Germany,Female,56.0,3,94301.10116422894,1,0,0,109987.23294595971,1
1096,94164801,Surname_1096,689,Spain,Female,36.0,9,63640.190907018194,4,1,1,126156.72495918367,1
1097,41059611,Surname_1097,456,Germany,Female,41.0,5,66827.11495024835,3,0,0,64472.789884178776,0
1098,55593913,Surname_1098,421,Spain,Female,19.0,5,65601.28061337331,3,1,0,129095.23402131381,1
1099,93047767,Surname_1099,819,Spain,Female,50.0,1,235932.1974813615,1,1,0,39496.06109603488,0
1100,99884069,Surname_1100,539,France,Male,46.0,8,166670.4273178972,2,0,0,13240.368978617682,0
1101,27415431,Surname_1101,666,France,Male,57.0,6,134329.83953549643,2,0,1,64968.68726502274,1
1102,30955366,Surname_1102,380,France,Female,59.0,3,121006.58214151996,2,0,0,97297.93506283745,0
1103,43138528,Surname_1103,417,Germany,Female,41.0,1,12745.581144281898,2,0,0,51743.33337113993,1
1104,30083914,Surname_1104,422,France,Female,19.0,9,100937.63542726972,1,1,1,107051.77317211371,1
1105,54202137,Surname_1105,822,Spain,Male,59.0,9,13243.467832927709,3,0,0,30090.809669986516,1
1106,48242270,Surname_1106,656,Spain,Male,41.0,2,139145.14206666432,3,1,0,74500.89308367434,0
1107,41618684,Surname_1107,385,Spain,Male,29.0,3,66539.7071797915,3,1,0,106525.3224463806,1
1108,54026399,Surname_1108,783,Spain,Female,36.0,2,96608.44078540348,2,0,1,112903.76305514222,1
1109,69629443,Surname_1109,403,Spain,Female,46.0,2,51078.701248387675,1,0,1,11429.614417031224,0
1110,56055519,Surname_1110,610,Germany,Male,20.0,9,64826.669758267955,4,0,0,88808.21299819907,0
1111,85089470,Surname_1111,577,France,Male,25.0,3,191032.08634755271,4,1,0,73185.69447786902,0
1112,35823939,Surname_1112,690,Germany,Female,27.0,1,60926.23968506039,2,1,1,59885.99849452246,0
1113,96798874,Surname_1113,836,Spain,,29.0,5,45248.002616170874,2,1,1,86686.62718890968,1
1114,53991839,Surname_1114,451,Germany,Male,19.0,7,35930.978940218796,1,0,1,126185.35317785619,0
1115,66215152,Surname_1115,841,Germany,Female,43.0,6,6333.241542848838,2,1,1,142519.60311256422,0
1116,74830305,Surname_1116,391,Spain,Female,36.0,1,161948.76206935957,1,1,1,90945.83735593838,1
1117,12451250,Surname_1117,512,Spain,Male,21.0,4,94927.15552307862,3,1,0,114072.77858757968,0
1118,26540967,Surname_1118,692,France,Female,37.0,3,67968.62912984438,4,0,1,92188.64634043348,1
1119,81119698,Surname_1119,636,Spain,Male,23.0,3,63362.82656857087,1,0,1,73171.18526806062,0
1120,66060604,Surname_1120,356,Spain,Male,54.0,6,15470.111439184502,2,1,0,130599.8922622046,0
1121,75043742,Surname_1121,585,France,Male,46.0,0,55273.56637088232,3,1,1,91923.48865850884,1
1122,17462720,Surname_1122,707,France,Male,52.0,3,77073.1696600272,3,0,1,115575.47574329627,1
1123,26658207,Surname_1123,729,Germany,Male,35.0,1,74829.96127849956,3,1,0,38785.53612425337,1
1124,43492212,Surname_1124,745,France,Female,43.0,1,34165.850924526036,1,1,1,139777.16264871025,1
1125,74135934,Surname_1125,505,Germany,Female,58.0,6,82746.61079847498,2,0,1,39275.31385748351,1
1126,63332856,Surname_1126,829,Germany,Male,50.0,2,226487.66962129445,2,1,0,142681.57132805616,0
1127,33654038,Surname_1127,823,Spain,Male,26.0,2,244776.29373271382,1,0,1,83661.6464922909,0
1128,94835857,Surname_1128,592,France,Male,33.0,5,199571.43205500572,3,0,0,126453.27548671023,0
1129,46689048,Surname_1129,565,Germany,Female,57.0,0,125054.0286709246,2,1,1,108721.04239789637,0
1130,53257655,Surname_1130,371,Germany,Male,59.0,9,226821.43913728432,4,0,1,64044.56514477739,0
1131,65010324,Surname_1131,805,Germany,Male,18.0,2,245362.61068232104,2,1,0,86543.2349645372,1
1132,85812774,Surname_1132,376,Germany,Female,54.0,8,137072.41746000433,3,1,1,34057.1194770483,0
1133,15804455,Surname_1133,794,Germany,Female,56.0,8,221713.9591964898,3,1,1,132946.21986558771,0
1134,30913819,Surname_1134,677,Spain,Male,22.0,9,134953.92512525633,1,0,0,101457.05625008544,0
1135,64651774,Surname_1135,590,Spain,Male,52.0,4,197842.16376264425,3,1,1,59655.06463603625,1
1136,12205363,Surname_1136,633,Spain,Female,21.0,6,159484.5125060351,4,1,1,95161.25845079955,0
1137,19271360,Surname_1137,656,Germany,Female,55.0,1,116292.50727424723,1,0,1,107546.83808858867,0
1138,48355214,Surname_1138,691,Germany,Male,52.0,1,235090.46772541202,4,0,1,13027.573868229241,0
1139,76771014,Surname_1139,582,Spain,Female,31.0,9,206135.14792971336,1,0,0,39736.3218869284,0
1140,30709591,Surname_1140,688,Germany,Male,26.0,1,49265.91567814359,4,0,1,24357.410330995895,1
1141,29536148,Surname_1141,638,Germany,,50.0,5,110810.19708470935,3,1,1,15760.814678337274,1
1142,19128599,Surname_1142,626,France,Female,51.0,2,91824.04844546584,3,0,1,105004.03574539015,0
1143,96076680,Surname_1143,802,Spain,Female,23.0,9,172830.70792679154,2,0,1,62688.44758264888,0
1144,22131935,Surname_1144,681,Germany,Male,23.0,1,203346.88692880174,2,0,0,29402.067213104998,0
1145,81908815,Surname_1145,639,Spain,Male,46.0,8,24688.2844825424,1,1,1,68499.44716521766,0
1146,97748708,Surname_1146,355,Germany,Male,31.0,2,13756.967860094255,1,1,0,139509.73126204312,1
1147,68835537,Surname_1147,359,France,Female,49.0,6,170212.52518301347,4,0,0,71801.11436904717,0
1148,41338320,Surname_1148,659,Germany,Male,47.0,5,162545.07578536053,4,0,1,34081.333209659686,0
1149,73161058,Surname_1149,665,Germany,Female,19.0,8,21351.982329334467,1,0,1,98180.93044964799,1
1150,91641644,Surname_1150,503,France,Male,22.0,8,211011.2236046201,3,1,1,27154.607041689684,1
1151,31129204,Surname_1151,541,France,Female,35.0,0,124348.31627272657,4,1,0,119248.58483514628,0
1152,18933631,Surname_1152,570,Spain,Male,21.0,1,241648.80415369186,4,1,0,121104.2206278185,0
1153,20698398,Surname_1153,385,Spain,Female,42.0,0,228391.54978918735,4,0,1,28928.91019704663,0
1154,78411972,Surname_1154,491,Germany,,58.0,4,146536.70279515837,4,1,0,18473.97796547447,0
1155,48657568,Surname_1155,614,Spain,Female,28.0,3,6529.879298733721,3,0,1,148665.78896510167,0
1156,40066447,Surname_1156,597,France,Female,35.0,1,243421.122370766,1,1,1,118963.9958439194,0
1157,65000046,Surname_1157,471,Spain,Male,54.0,3,138711.07173214652,3,1,0,25014.08814141438,1
1158,90207325,Surname_1158,680,France,Male,49.0,8,152745.63625042944,2,0,1,11907.54079747259,1
1159,52913298,Surname_1159,764,France,Male,53.0,1,135031.93302149168,3,1,0,99190.75846158508,1
1160,39649305,Surname_1160,778,Spain,Female,51.0,0,43005.642256661595,4,1,0,55635.22131239128,1
1161,40846067,Surname_1161,784,France,Female,31.0,9,218517.72783384364,1,0,1,114929.55266862977,1
1162,88422715,Surname_1162,380,Spain,Male,21.0,1,180547.85552077868,2,0,0,86266.79952188372,1
1163,15935220,Surname_1163,457,Germany,Female,26.0,0,158652.93247824494,2,1,1,45269.5898521263,0
1164,73510929,Surname_1164,633,Spain,Male,52.0,3,1643.139577512276,3,0,0,85288.02723915329,1
1165,95190222,Surname_1165,599,France,Male,53.0,6,169548.98755892104,1,1,1,140794.6077267066,1
1166,39162094,Surname_1166,786,Germany,Male,24.0,5,141838.78533970943,4,1,1,14377.454299261928,1
1167,22098041,Surname_1167,454,France,Female,26.0,0,194852.12994681628,3,0,0,148793.7961927543,1
1168,96715471,Surname_1168,579,France,Female,46.0,7,87365.8238808708,2,1,0,11501.379124566367,1
1169,98572647,Surname_1169,624,France,Female,23.0,3,229378.86598374922,4,1,0,130938.91428094984,0
1170,89193893,Surname_1170,842,Germany,Male,48.0,5,70021.23782868391,3,0,0,104300.95448223085,1
1171,96770280,Surname_1171,676,Spain,Male,35.0,9,55345.532734842076,3,1,1,76743.60452278607,1
1172,25495150,Surname_1172,826,Spain,Female,57.0,7,58202.685122010545,2,0,0,118249.96073330332,0
1173,41993154,Surname_1173,657,Spain,Female,38.0,8,37713.244978554605,2,0,0,21455.260476962103,1
1174,40283230,Surname_1174,541,Germany,Male,47.0,7,110050.85220944855,1,1,1,98770.95670906737,1
1175,98371243,Surname_1175,809,France,Male,45.0,9,7038.410563178749,3,1,1,25029.219067827304,0
1176,29883262,Surname_1176,396,France,Female,26.0,4,88105.69517550021,4,1,1,59018.64962540309,0
1177,42101251,Surname_1177,827,Spain,Female,54.0,9,187093.43830544566,3,1,0,108102.43355992959,1
1178,31067054,Surname_1178,418,Germany,Female,49.0,8,171153.7681941605,3,0,0,101486.12928616098,1
1179,16795522,Surname_1179,680,France,Male,27.0,6,181903.593403074,3,0,0,18318.848818737057,0
1180,22629412,Surname_1180,752,Germany,Female,18.0,4,182362.35004537605,1,1,0,14965.866621188901,0
1181,98941826,Surname_1181,751,Spain,Female,20.0,6,112361.25551431612,3,1,0,31023.367358353902,0
1182,15408115,Surname_1182,756,France,Female,31.0,6,72437.25121267741,2,0,0,142775.2816790807,1
1183,41457945,Surname_1183,825,France,Male,18.0,8,10842.369922854283,2,1,0,87892.28573016239,0
1184,52699446,Surname_1184,767,Spain,Female,23.0,5,130310.13194298143,2,1,1,118214.08668273596,0
1185,75397531,Surname_1185,405,Germany,Female,50.0,3,178139.95641775106,3,0,0,55359.73437004235,1
1186,34997779,Surname_1186,441,Spain,Male,23.0,8,116112.3278255876,2,1,1,63822.88054028142,1
1187,68485363,Surname_1187,521,Germany,Female,34.0,5,121688.38199485693,1,0,0,81744.9641665267,1
1188,19437201,Surname_1188,690,Germany,Female,21.0,8,116294.65980086038,3,1,1,89913.75314136088,0
1189,87305528,Surname_1189,498,Germany,Female,43.0,6,133676.06083219603,3,0,0,89972.99920727822,1
1190,12025640,Surname_1190,508,France,Female,35.0,4,243415.881661027,2,0,1,125960.637344244,1
1191,77568168,Surname_1191,474,Germany,Male,55.0,3,118247.10027144078,3,1,0,115387.35073677819,1
1192,69406331,Surname_1192,576,Spain,Female,52.0,0,87307.25631351957,4,1,1,53574.984535758194,0
1193,20024715,Surname_1193,352,Germany,Male,53.0,5,124362.64114932095,1,0,1,127649.53074901433,0
1194,86411717,Surname_1194,754,Spain,Female,34.0,8,168258.7948403462,3,0,0,66207.82127242659,0
1195,85376703,Surname_1195,370,France,Male,24.0,3,83774.29183151381,3,0,0,138312.0295116413,0
1196,33540690,Surname_1196,791,France,Male,45.0,8,10612.709648589764,1,1,1,130328.56382760007,1
1197,46818526,Surname_1197,453,France,Male,43.0,9,233049.15374099658,1,1,1,115340.01290753945,0
1198,42469625,Surname_1198,633,Germany,Male,38.0,2,144888.1534415278,3,1,1,104003.64511933818,1
1199,13940724,Surname_1199,826,Spain,Male,50.0,9,179289.0098082996,1,1,0,125811.46124122597,0
1200,44620362,Surname_1200,822,France,Female,53.0,5,100750.63271142484,3,1,0,95075.27732023032,0
1201,50111966,Surname_1201,759,Germany,Female,47.0,1,83697.70286497913,3,1,1,29614.09001317379,1
1202,82634696,Surname_1202,721,Spain,Female,49.0,7,99125.55909635076,2,0,1,135050.12505433138,1
1203,75704648,Surname_1203,469,France,Female,45.0,8,144781.11573878198,2,0,0,64589.5516340559,0
1204,63384806,Surname_1204,565,Germany,Male,40.0,3,163241.98412187299,3,1,0,109840.8301949605,0
1205,85070170,Surname_1205,558,France,Female,37.0,9,228987.41179280358,4,0,1,120186.37289650488,1
1206,67790191,Surname_1206,826,Germany,Male,28.0,8,104193.10227755341,4,1,0,130092.93380598372,0
1207,25235241,Surname_1207,728,Germany,Female,42.0,1,226654.60656472886,1,0,0,41308.29823058992,1
1208,92935613,Surname_1208,401,Germany,Female,21.0,6,181905.7791948819,1,0,1,22671.509484267095,1
1209,19327453,Surname_1209,407,Germany,Male,20.0,2,9891.268215862337,2,1,1,41564.1439492789,1
1210,16525461,Surname_1210,592,France,Male,59.0,5,220507.30940949815,4,1,0,12347.550482955976,0
1211,89535334,Surname_1211,785,France,Female,34.0,2,162672.90894095224,4,0,0,144213.5533081009,0
1212,38264217,Surname_1212,423,France,Male,37.0,7,174678.20865296928,3,0,1,124848.15218089108,1
1213,18171579,Surname_1213,397,Spain,Female,45.0,2,172961.38536799018,3,1,0,58872.361587438674,1
1214,93391316,Surname_1214,355,Spain,Male,22.0,7,174898.33825422174,4,0,0,110476.24969340915,1
1215,83573800,Surname_1215,432,Spain,Male,46.0,6,17808.924916298376,4,1,1,70912.28434920346,0
1216,49562375,Surname_1216,583,Spain,Male,41.0,8,101942.53645106213,4,0,0,105439.5627736342,0
1217,54170789,Surname_1217,408,Germany,Female,40.0,2,27186.44027034736,2,0,1,10015.67972898031,0
1218,29924826,Surname_1218,842,France,Female,43.0,1,122927.77550364495,1,0,0,97676.97915998205,1
1219,99403909,Surname_1219,525,Spain,Female,18.0,4,236972.5992363378,3,1,1,30754.908510573772,0
1220,13760719,Surname_1220,357,Spain,Female,59.0,3,9937.052878348257,1,1,0,149585.2731118985,0
1221,64838402,Surname_1221,822,Spain,Male,45.0,5,38963.44011838171,2,0,0,10169.886210359731,1
1222,59151628,Surname_1222,791,Spain,,32.0,6,27767.906336179454,2,1,0,117357.56387164842,1
1223,75875736,Surname_1223,367,Germany,Female,42.0,5,216107.7334373884,4,0,0,89402.65294596966,0
1224,37978258,Surname_1224,445,Germany,Female,39.0,0,205120.51230294773,4,0,1,92174.20347509884,1
1225,11402448,Surname_1225,701,France,Female,40.0,1,207180.86706783812,1,0,0,102837.14990414788,1
1226,64896903,Surname_1226,773,Germany,Male,23.0,3,121084.79796575326,1,1,1,91247.13226907677,1
1227,25802184,Surname_1227,584,Germany,Male,38.0,4,207000.2223131532,4,1,1,17989.954270987146,0
1228,68754090,Surname_1228,537,Spain,Female,45.0,0,178187.59050284355,3,0,1,18602.9783012387,0
1229,98216326,Surname_1229,718,France,Female,38.0,7,198650.7314809113,4,1,0,130095.0992259339,0
1230,26832821,Surname_1230,772,France,Male,28.0,4,17626.456739457757,1,0,1,99461.48332509531,1
1231,81644447,Surname_1231,592,France,,51.0,7,82309.95806687127,4,0,1,47629.12555485249,1
1232,57996681,Surname_1232,598,Germany,Male,59.0,8,23425.19675543342,2,1,1,87791.65582815184,1
1233,36338785,Surname_1233,639,Germany,Female,25.0,5,139878.83253807537,3,1,1,130660.29266081932,1
1234,37781104,Surname_1234,646,Germany,Male,24.0,9,189044.96423469795,4,0,1,53483.23533936714,0
1235,42673001,Surname_1235,821,Spain,Male,54.0,7,142436.13150306072,3,0,1,115948.50964437873,0
1236,33198873,Surname_1236,451,Spain,Male,42.0,7,232491.32977545113,1,0,0,118182.09448231317,1
1237,19905505,Surname_1237,582,Germany,Female,36.0,0,242990.14338014933,3,1,1,36177.82665108719,1
1238,94218597,Surname_1238,795,Spain,Male,35.0,1,195100.563083224,4,0,1,119031.11230267896,0
1239,59487147,Surname_1239,843,France,Male,41.0,5,187494.28123338908,3,0,1,20053.363391074832,0
1240,49117349,Surname_1240,581,Germany,Female,52.0,4,51552.496081291865,3,1,1,126285.87233396203,1
1241,29131337,Surname_1241,435,France,Male,35.0,1,67401.93311776633,1,1,0,32811.0590156152,1
1242,56846479,Surname_1242,578,Spain,Male,52.0,0,62510.590569209155,4,0,0,59389.531697216626,1
1243,10030168,Surname_1243,661,Spain,Male,24.0,9,165103.5336196658,3,1,1,28360.907966104227,1
1244,27156137,Surname_1244,556,Germany,Male,52.0,7,24018.40800785887,4,1,0,24224.840752297765,1
1245,23993399,Surname_1245,526,France,Male,18.0,3,126037.3071745923,1,0,0,19351.956589101595,1
1246,70859079,Surname_1246,507,Spain,Male,49.0,6,98508.34209847059,2,1,0,86636.98057153403,0
1247,28428020,Surname_1247,841,Germany,Male,52.0,5,58727.299468024044,3,1,0,36369.33284844912,1
1248,15152797,Surname_1248,772,Germany,Male,55.0,2,229468.72918447433,2,1,0,35552.27256221959,1
1249,16819004,Surname_1249,730,Spain,Male,33.0,2,83017.7669812363,1,1,1,116032.31539323374,0
1250,20484790,Surname_1250,592,Spain,Female,53.0,5,122088.86932266272,1,1,0,92276.2993473174,1
1251,19749137,Surname_1251,401,Germany,Female,57.0,6,215465.38254626235,1,0,0,142373.49172754245,1
1252,71227022,Surname_1252,812,France,Male,47.0,2,48836.233365277345,2,1,0,22151.442790167013,1
1253,72646073,Surname_1253,520,Spain,Female,56.0,0,197141.5531818638,2,1,0,80660.51655927944,1
1254,51338270,Surname_1254,600,France,Male,18.0,8,125141.08834122361,2,0,0,10848.322313292088,1
1255,69084807,Surname_1255,537,Spain,Male,25.0,8,175860.30121045848,4,0,0,146149.04261202112,0
1256,51513451,Surname_1256,413,Spain,Male,39.0,8,230528.59864604694,3,1,0,131323.68515494195,1
1257,83215216,Surname_1257,594,Germany,Female,53.0,3,130070.30901063734,4,0,1,101605.45585044252,1
1258,63722395,Surname_1258,645,Germany,,25.0,4,114939.63745178467,4,0,0,74772.09093244777,0
1259,44540324,Surname_1259,643,Germany,Female,51.0,3,164711.13859439478,1,0,1,145167.23123665617,0
1260,17825449,Surname_1260,420,Spain,Female,18.0,7,497.2957956307367,4,0,0,121653.41321820447,1
1261,52545627,Surname_1261,469,France,Female,56.0,1,57829.31582986181,3,0,1,79902.089091295,0
1262,95069140,Surname_1262,687,France,Female,31.0,0,173573.93930172944,3,1,0,148261.8193926084,0
1263,86581863,Surname_1263,431,Spain,Female,30.0,4,35427.26630548437,1,1,0,48307.54183659237,0
1264,20499811,Surname_1264,760,France,Male,24.0,2,4299.0152049543485,3,0,1,22109.973561698265,0
1265,89669847,Surname_1265,448,France,Female,18.0,9,8198.188051624062,2,0,1,106156.4656346759,1
1266,82590045,Surname_1266,837,France,Female,45.0,1,121893.62079305938,1,1,0,25499.13269657892,1
1267,18260104,Surname_1267,721,Spain,Male,59.0,8,23955.670753452006,1,1,0,101319.7675811877,0
1268,86865772,Surname_1268,626,Spain,Female,51.0,7,134844.90000026245,4,1,1,59654.778248265044,0
1269,76000970,Surname_1269,407,Spain,Female,32.0,4,99629.0474719119,4,1,0,105363.73911228549,1
1270,11994494,Surname_1270,563,France,Female,25.0,0,212249.2087529809,3,1,1,96215.27670876005,0
1271,88409096,Surname_1271,763,Spain,Male,18.0,7,257.90078886619995,2,1,1,29541.463282754667,1
1272,13348129,Surname_1272,807,France,Female,40.0,8,179455.7102738708,3,1,1,88822.0784576929,0
1273,54975878,Surname_1273,843,Spain,Female,38.0,5,81677.60848338113,4,0,1,49054.099885552445,0
1274,30797068,Surname_1274,704,Germany,Male,42.0,2,48771.90460620326,4,0,1,61677.44885280434,0
1275,21166970,Surname_1275,756,Spain,Female,54.0,5,178089.97170853245,4,1,1,45385.878232490875,1
1276,10771726,Surname_1276,734,Spain,Male,34.0,3,200912.70156830072,4,0,1,101525.6992342257,0
1277,46381171,Surname_1277,390,Spain,Female,26.0,1,240463.65322472673,1,1,1,49279.07887945489,1
1278,91379665,Surname_1278,800,France,Female,54.0,5,217103.34808098295,1,0,0,137986.5853935341,0
1279,89755353,Surname_1279,728,France,Female,37.0,8,223175.45647044166,1,1,1,80149.05420431943,1
1280,83138169,Surname_1280,677,France,Female,58.0,1,37839.2131442776,2,0,0,96806.3357444199,1
1281,49706962,Surname_1281,542,Germany,Male,34.0,9,188202.9968034088,2,0,0,106150.11209873806,0
1282,31171553,Surname_1282,562,Spain,Male,50.0,5,20666.61235504372,2,1,0,130376.1800745953,1
1283,35834329,Surname_1283,577,Germany,Female,21.0,9,60226.55012204656,1,0,1,143163.8481006572,0
1284,30884690,Surname_1284,493,Spain,Male,44.0,1,161398.63230165458,3,0,0,21882.18202134893,0
1285,21078854,Surname_1285,560,Spain,Male,56.0,8,224876.4425991874,4,1,1,11359.169560888884,0
1286,90791598,Surname_1286,557,Germany,Female,22.0,9,240492.3067802214,4,0,1,42149.727174511754,0
1287,47797147,Surname_1287,544,Germany,Female,30.0,8,230492.6190548099,1,1,1,122905.33975753078,1
1288,88478301,Surname_1288,378,Spain,Male,58.0,3,132030.2679915741,3,1,0,71326.1767550071,1
1289,86411816,Surname_1289,540,Germany,Male,26.0,7,231861.28595687958,3,1,0,83866.07119679323,0
1290,48250626,Surname_1290,825,Germany,Female,39.0,3,58850.78614996592,1,0,1,52246.038864417824,0
1291,66122585,Surname_1291,832,Spain,Male,28.0,7,55630.15896996959,1,0,1,139521.99385074474,1
1292,80289961,Surname_1292,527,Spain,Female,58.0,4,243607.3431381718,2,0,1,61643.841361189334,0
1293,33144135,Surname_1293,547,France,Male,33.0,3,184744.09153066593,4,0,0,145668.3520497445,1
1294,67510964,Surname_1294,764,Germany,Male,39.0,7,65908.92800182935,3,0,1,68170.49424710951,1
1295,62979438,Surname_1295,562,France,Female,59.0,4,136604.7778878622,4,0,1,41125.01799277471,0
1296,63673576,Surname_1296,795,Germany,Female,20.0,8,116421.39274316932,2,0,1,35090.38528572717,1
1297,83752133,Surname_1297,602,Germany,Female,59.0,1,175375.98916359502,3,1,0,134960.50612655986,1
1298,19848367,Surname_1298,744,France,Female,54.0,4,175120.17559817433,3,0,1,75260.29487791896,1
1299,31991507,Surname_1299,359,Spain,Male,23.0,0,70709.73901085273,1,0,1,138741.1668661674,1
1300,42760551,Surname_1300,524,Spain,Male,19.0,2,171861.56317790365,2,1,1,87533.07417639202,0
1301,35891824,Surname_1301,420,Spain,Female,33.0,2,1539.468601080146,2,0,1,115317.64721824827,0
1302,93215056,Surname_1302,687,France,Male,48.0,3,4615.549796161189,2,1,0,72646.78048171927,0
1303,57373560,Surname_1303,805,Germany,Male,38.0,3,134325.868356336,2,0,0,42467.4708907929,1
1304,92875421,Surname_1304,500,Spain,Female,19.0,8,241964.8779582792,1,1,0,119592.39632570164,1
1305,23486965,Surname_1305,522,France,Female,32.0,9,155305.02641410375,4,0,0,120581.423964442,1
1306,50875588,Surname_1306,586,Spain,Female,34.0,2,232682.29383871722,1,1,0,134948.62115441816,0
1307,44072877,Surname_1307,410,Germany,Male,18.0,3,201169.9174713133,3,0,0,97571.35788671732,1
1308,51664541,Surname_1308,712,Germany,Male,28.0,1,84697.00259085956,1,0,1,46953.28148405489,1
1309,31368547,Surname_1309,825,Spain,Male,22.0,6,183974.07698400266,1,0,0,53553.1784625819,0
1310,65463900,Surname_1310,820,Germany,Female,48.0,7,159520.19695844888,4,0,1,96279.41136100564,1
1311,55471005,Surname_1311,696,Germany,Male,35.0,9,243638.17178823688,2,0,1,89125.70096484186,1
1312,44403994,Surname_1312,524,Spain,Male,34.0,7,132965.15166650285,2,1,0,100493.60732619333,0
1313,21091936,Surname_1313,796,Spain,Male,55.0,9,44664.421695308345,2,1,0,92185.22194143075,1
1314,61718092,Surname_1314,451,Spain,Female,18.0,7,125729.79572633222,1,1,1,69517.05466281701,0
1315,41501899,Surname_1315,424,Spain,Female,33.0,9,51905.35422639436,2,0,0,22503.82701190392,0
1316,53235395,Surname_1316,427,France,Male,35.0,4,118687.37366198425,2,1,1,84582.43739592537,0
1317,96247882,Surname_1317,508,Germany,Male,40.0,1,196827.04218097383,4,1,0,50929.89136681197,0
1318,25223377,Surname_1318,606,Spain,Female,29.0,0,28103.58050327544,2,0,0,61129.76958240843,1
1319,45071965,Surname_1319,714,Germany,Female,59.0,7,247359.07363606666,4,1,0,66292.05013764677,1
1320,73695319,Surname_1320,695,Germany,Female,56.0,4,128933.86341233739,4,1,1,41552.892987003055,1
1321,49414819,Surname_1321,521,Spain,,54.0,7,204136.33595396942,2,0,0,35480.810886890904,1
1322,45493289,Surname_1322,765,France,Female,42.0,3,173457.98770918325,4,0,1,141306.61165554018,0
1323,51833872,Surname_1323,681,France,Female,25.0,2,70191.19378082966,3,0,1,38756.94064132775,1
1324,80424885,Surname_1324,658,Germany,Female,34.0,1,178552.53615297485,2,1,1,41297.760934574755,1
1325,23616071,Surname_1325,773,Spain,Male,56.0,3,127685.1987039159,1,0,0,37966.84195437754,0
1326,52744714,Surname_1326,824,France,Female,48.0,7,1856.03366246051,1,1,0,138734.0148121846,0
1327,73092911,Surname_1327,645,Germany,Female,37.0,5,21389.433559791145,1,0,0,26095.813019083755,1
1328,29162681,Surname_1328,370,Germany,Male,39.0,5,4842.048889531852,3,0,0,84298.45286178484,0
1329,62871231,Surname_1329,819,France,Male,49.0,6,82392.8327119686,1,1,1,16047.573188707775,1
1330,82677497,Surname_1330,439,France,,27.0,5,224471.59594435926,4,1,0,76146.24311878142,0
1331,75989730,Surname_1331,650,Germany,Male,33.0,4,134176.57091427938,2,1,1,126370.98341889803,1
1332,21739781,Surname_1332,384,Spain,Male,58.0,6,54450.36283143825,3,0,1,28479.388368569253,0
1333,53415141,Surname_1333,556,France,Male,58.0,8,197581.2552401504,1,1,0,145177.96724047122,0
1334,34228118,Surname_1334,805,France,Female,55.0,2,148169.5288108089,2,1,1,41401.93332252935,0
1335,66431780,Surname_1335,419,France,Female,26.0,6,85391.88380577165,2,1,0,129808.70794410435,0
1336,12352103,Surname_1336,429,Germany,Male,54.0,8,193958.67290541594,4,0,0,112055.78176074433,0
1337,56440727,Surname_1337,454,France,Male,48.0,9,112143.27274323338,4,1,1,126859.63187686393,0
1338,86771176,Surname_1338,495,France,Female,55.0,3,154723.67366073938,3,1,1,93464.15823565838,0
1339,96057347,Surname_1339,460,Germany,,41.0,3,192534.47102622187,3,1,0,113724.04813978409,1
1340,50615269,Surname_1340,420,Spain,Female,40.0,2,239174.9967225603,4,0,0,102085.78589812513,1
1341,24369834,Surname_1341,804,Germany,Female,55.0,2,89817.14551622319,3,1,1,118678.22652109318,0
1342,65550733,Surname_1342,409,France,Female,49.0,9,69232.01784954341,2,0,1,140727.66285473516,1
1343,92758395,Surname_1343,671,Spain,Female,21.0,8,59358.57259735239,1,0,0,51510.96846665382,1
1344,73502558,Surname_1344,584,France,Female,48.0,2,77972.67981110098,4,0,0,110243.9315435927,0
1345,16353281,Surname_1345,583,France,Male,46.0,8,241175.8482337403,2,0,0,24280.664737571195,0
1346,57068821,Surname_1346,745,Germany,Male,22.0,4,32811.20215421126,3,1,1,77244.3897386172,1
1347,45566318,Surname_1347,361,Germany,Female,39.0,0,135040.31409034194,2,1,0,89655.77020839056,0
1348,80456426,Surname_1348,749,France,Female,38.0,9,46688.6665299838,2,0,0,96855.58737286179,0
1349,27868160,Surname_1349,430,France,Female,36.0,4,51970.34967606054,2,1,1,142541.0618615771,0
1350,57188063,Surname_1350,786,France,Male,23.0,4,244594.39801881646,3,0,1,10984.772224952416,0
1351,20935487,Surname_1351,726,Spain,Female,56.0,8,106794.78167246611,4,1,0,107077.69138391574,1
1352,77123471,Surname_1352,425,Spain,Male,44.0,5,39131.46183565985,3,1,0,142585.37730380803,0
1353,49037363,Surname_1353,380,Germany,Female,39.0,6,192754.65735185455,4,0,1,130764.36475433315,0
1354,92735575,Surname_1354,624,Spain,Female,29.0,6,5095.74437016333,2,0,0,13948.10528053225,1
1355,84817511,Surname_1355,846,France,Female,47.0,8,133007.19378901806,3,1,0,147976.744448649,0
1356,10303999,Surname_1356,415,Germany,Female,44.0,0,178460.12255306885,3,1,1,135141.43896622089,1
1357,89931306,Surname_1357,835,Spain,Female,52.0,5,202496.40077213955,2,0,1,98483.91369338866,1
1358,77115399,Surname_1358,420,France,Male,39.0,6,131926.55644254157,1,0,1,46044.2402547202,0
1359,45393038,Surname_1359,351,Germany,Male,56.0,3,47674.50973115256,4,1,0,104139.97463534363,1
1360,71523419,Surname_1360,626,France,Female,22.0,8,211134.0247788564,1,0,1,95745.164757282,1
1361,28091507,Surname_1361,352,Germany,Male,26.0,1,108460.89126362199,3,0,1,96961.12207963306,0
1362,18791431,Surname_1362,420,France,Male,36.0,1,130618.39777349685,1,0,0,25188.0288249898,1
1363,40581634,Surname_1363,488,Spain,Male,21.0,2,73950.59354896513,3,0,0,83106.89307923357,1
1364,97448366,Surname_1364,622,Germany,Male,49.0,6,68104.07850737884,3,0,1,113646.90503163535,0
1365,96629980,Surname_1365,532,Germany,Male,46.0,1,17808.69611804867,3,1,0,25632.06372307654,1
1366,81213554,Surname_1366,846,France,Female,49.0,8,223912.7788618884,4,0,1,99217.44551627678,0
1367,41480440,Surname_1367,707,Germany,Female,39.0,5,95716.54650912006,4,1,1,84315.46779720782,0
1368,39100765,Surname_1368,761,Germany,Female,27.0,4,20090.836377656906,3,0,1,38045.92730961783,0
1369,87352902,Surname_1369,598,Spain,Female,51.0,0,187724.6184800207,1,1,1,29052.172072246965,0
1370,53226603,Surname_1370,494,Germany,,59.0,2,176772.35710982187,3,0,1,33336.512013694955,1
1371,94641289,Surname_1371,410,Germany,Male,54.0,9,152845.53587568778,4,1,0,15993.347316377916,0
1372,47823147,Surname_1372,509,Germany,Female,31.0,3,154650.721416309,3,0,0,147177.8157903814,1
1373,39790930,Surname_1373,665,Spain,Female,53.0,9,17999.653420799485,4,0,1,33465.40938580536,0
1374,64130859,Surname_1374,417,France,Male,58.0,6,129930.3754758055,4,0,1,124844.78547089032,0
1375,80260699,Surname_1375,653,Spain,Male,40.0,5,16876.27051448756,4,0,1,105809.79565138256,0
1376,86342029,Surname_1376,731,Spain,Male,51.0,5,48271.11180416999,3,0,1,42996.010718496975,0
1377,35583902,Surname_1377,365,Spain,Female,36.0,5,205847.59280970955,4,1,0,132448.4508805346,0
1378,88891011,Surname_1378,638,Germany,Female,38.0,2,87101.73302146312,4,1,0,75248.10335681884,0
1379,85048624,Surname_1379,595,Germany,Male,56.0,2,94673.59758720559,1,0,1,67339.29755575821,0
1380,65103489,Surname_1380,464,Spain,Female,48.0,2,180326.99928148894,4,0,1,71002.2924276207,1
1381,76237863,Surname_1381,486,Germany,Male,38.0,5,194500.18865474703,1,1,1,46536.38944206443,0
1382,18631258,Surname_1382,387,Spain,Female,47.0,2,8532.890385238883,2,0,1,136880.3761316462,1
1383,55169843,Surname_1383,821,Germany,Female,43.0,7,68718.59630193806,2,0,0,64011.89208977814,1
1384,52799078,Surname_1384,713,France,Male,53.0,7,110057.43948450727,3,1,1,86441.43781089394,1
1385,92172036,Surname_1385,701,France,Female,44.0,3,165640.66363557213,2,0,0,13547.798835834086,0
1386,20531762,Surname_1386,830,Germany,Male,48.0,0,100740.30020134972,2,0,0,142790.35960898394,1
1387,94836365,Surname_1387,535,Germany,Male,56.0,4,80397.58930207585,2,0,0,130077.1178526127,1
1388,93122014,Surname_1388,829,France,Female,52.0,9,91531.21523601773,3,1,0,59505.100271869895,1
1389,11806819,Surname_1389,596,France,Male,59.0,3,86366.22439553612,2,1,1,135073.97597647188,0
1390,77867246,Surname_1390,429,France,Female,27.0,1,217956.4808265231,2,0,1,56071.013402615165,0
1391,16041490,Surname_1391,666,France,Female,36.0,0,185248.97706851826,4,1,0,27825.320051586477,1
1392,50246552,Surname_1392,685,France,Female,58.0,6,112494.10051950443,2,0,0,51948.73090636989,1
1393,28282084,Surname_1393,758,Spain,Female,36.0,7,159984.49719390846,4,1,1,133930.4386030162,0
1394,10928695,Surname_1394,798,Germany,,28.0,6,140459.78494574424,1,1,0,86886.16690029703,0
1395,12417291,Surname_1395,561,Spain,Female,59.0,8,92318.29357842274,2,0,0,112667.38031776888,0
1396,89860724,Surname_1396,787,France,Male,49.0,0,206460.6689981731,4,1,0,35398.34667288545,0
1397,84305211,Surname_1397,783,Spain,,27.0,9,238479.73784122162,4,0,1,130217.03187377739,1
1398,73425554,Surname_1398,748,Germany,Male,56.0,4,76496.24981624265,3,0,1,91284.54179500112,1
1399,74953192,Surname_1399,547,Spain,Male,24.0,1,4079.4605947622463,1,1,1,83661.29388336324,1
1400,54493763,Surname_1400,624,Spain,Female,58.0,5,158294.61823045972,4,1,1,41666.98922120523,0
1401,14519567,Surname_1401,465,Germany,Male,53.0,6,210078.82238674184,1,1,0,66427.17071193269,1
1402,52925305,Surname_1402,727,France,Female,33.0,6,125833.13364641008,1,0,1,104694.8556419929,1
1403,98953868,Surname_1403,645,Germany,Male,25.0,9,168283.30814114818,1,0,0,110798.92436132231,0
1404,97660609,Surname_1404,521,Spain,Male,34.0,5,87898.07367651137,2,1,1,97014.80359772903,0
1405,68664199,Surname_1405,433,France,Male,20.0,0,150996.9846013027,1,0,0,15157.59384777307,1
1406,86164850,Surname_1406,491,Germany,Female,52.0,1,36340.31039678817,1,1,1,92219.97120120875,1
1407,53800978,Surname_1407,404,Germany,Female,29.0,5,67423.19060853758,1,1,1,143071.65680834674,1
1408,50943605,Surname_1408,745,France,Male,49.0,8,61617.52492115838,4,0,0,106601.9233952938,0
1409,72262986,Surname_1409,776,France,Female,42.0,0,66366.03692044027,2,0,0,88949.92778911455,1
1410,17862740,Surname_1410,723,Germany,Female,58.0,3,173549.31641333614,2,1,1,53067.10444573953,1
1411,11197338,Surname_1411,756,France,Male,29.0,2,245951.996032996,3,0,0,113306.94507222959,1
1412,52508845,Surname_1412,690,France,Female,25.0,4,248240.9612165454,4,1,0,147332.23345607804,0
1413,68176811,Surname_1413,505,Germany,Male,42.0,8,246241.06542168025,4,1,1,61966.93692406615,0
1414,65813816,Surname_1414,657,France,Male,41.0,6,248123.2686700159,2,1,0,17279.66500484781,1
1415,74960116,Surname_1415,520,Germany,,44.0,3,172384.03683190572,3,1,0,30397.778254388533,0
1416,27900364,Surname_1416,794,Spain,Male,39.0,3,155394.93022976472,4,1,1,138241.99407596697,1
1417,16438116,Surname_1417,483,Spain,Female,55.0,0,45358.34787938206,4,0,1,23647.66756167402,0
1418,40347614,Surname_1418,691,Spain,Female,54.0,1,72661.33040314008,1,1,1,120024.53504146049,1
1419,85862703,Surname_1419,408,France,Female,54.0,0,185221.53027069735,3,1,1,142332.34602756542,0
1420,96963835,Surname_1420,607,France,Male,23.0,7,24519.717385305063,1,1,1,45641.73349082175,0
1421,79734930,Surname_1421,653,Germany,Female,31.0,6,204911.9741027486,3,1,1,107660.35053062181,0
1422,19683452,Surname_1422,610,Germany,Male,25.0,7,208502.1164105485,2,0,1,73631.30301251455,1
1423,64893222,Surname_1423,736,Germany,Male,29.0,3,90027.64417858905,3,1,1,23442.00661200573,0
1424,99648535,Surname_1424,616,Germany,Male,27.0,5,29817.164100667702,3,1,0,81368.5066377862,0
1425,22027360,Surname_1425,529,Germany,Female,52.0,0,89014.03296313989,3,0,1,146946.552641244,0
1426,39353086,Surname_1426,677,Germany,Male,49.0,4,130994.07048519726,2,0,1,108380.54144830561,0
1427,23231921,Surname_1427,725,France,Male,47.0,6,240512.0826999066,3,1,0,96987.22519304238,0
1428,77360238,Surname_1428,735,France,Female,38.0,7,123828.33242305432,3,0,1,46681.83552667002,1
1429,40924994,Surname_1429,625,France,Male,52.0,9,140169.62219381623,4,1,0,44404.549846193026,0
1430,57455417,Surname_1430,538,Germany,Female,21.0,7,135216.47660830503,1,1,0,141135.42277250523,1
1431,70223054,Surname_1431,762,France,Female,27.0,1,121557.85105942666,1,1,0,116033.77891976864,0
1432,74015378,Surname_1432,847,Spain,Male,51.0,6,219368.4683533182,1,0,0,102459.01119007159,1
1433,67109521,Surname_1433,408,Spain,Female,26.0,8,54846.52881533275,2,0,1,128175.10928415527,0
1434,26923639,Surname_1434,357,Germany,Female,34.0,3,174804.3793768881,4,1,1,18903.635943720114,0
1435,59552133,Surname_1435,682,France,Male,54.0,6,87936.52872769254,1,0,0,134244.48962331185,1
1436,24193106,Surname_1436,690,Spain,Male,44.0,2,182732.4225075138,3,1,1,113982.25841140153,1
1437,54645469,Surname_1437,764,France,Female,51.0,7,204883.76353293553,2,0,1,87677.43327428162,1
1438,66923295,Surname_1438,670,Spain,Female,47.0,3,239459.05371851375,4,0,1,144518.62582639253,0
1439,92836237,Surname_1439,838,Spain,Female,46.0,5,39069.60227691925,4,0,0,143137.56408081163,1
1440,81485314,Surname_1440,735,Germany,Male,44.0,6,109019.54897469393,4,0,1,118515.2449486593,1
1441,99926562,Surname_1441,383,France,Female,41.0,1,193838.97106766334,3,1,1,138742.9410772088,0
1442,59965557,Surname_1442,774,France,Male,40.0,8,73354.15338826437,2,1,1,132510.7917115576,1
1443,46916366,Surname_1443,384,Spain,Female,57.0,2,15834.852258446357,3,0,1,148466.1032303854,1
1444,61318888,Surname_1444,552,Germany,Female,43.0,5,180594.71241105947,4,0,0,21058.251118988777,0
1445,18518374,Surname_1445,837,France,Female,39.0,0,115227.92995005281,4,1,0,37948.901122335774,1
1446,30384732,Surname_1446,640,France,Male,48.0,5,118251.62851770296,3,1,0,122847.13231956135,1
1447,30856456,Surname_1447,795,France,Female,43.0,1,123943.14337387224,2,0,1,149155.13900258412,1
1448,25167222,Surname_1448,825,Germany,Female,40.0,7,150762.52362328596,2,0,0,72538.02389815603,0
1449,63682539,Surname_1449,420,France,Male,29.0,1,140792.7676184256,3,1,1,49917.42001320913,0
1450,54736010,Surname_1450,409,Spain,Female,49.0,1,136167.4415499476,4,1,0,39197.12666350087,1
1451,11977440,Surname_1451,706,France,,59.0,5,105390.17181081844,4,0,0,148740.61375994806,1
1452,82263585,Surname_1452,554,France,Female,57.0,2,124568.08817152093,1,1,0,142670.37306050296,0
1453,56614484,Surname_1453,632,Spain,Female,52.0,4,134444.17594458757,4,1,1,111400.27532485759,0
1454,10158116,Surname_1454,663,Spain,Female,55.0,2,74133.02489827841,3,0,1,26507.38224971402,1
1455,26670680,Surname_1455,492,France,Female,55.0,2,149228.49409796414,2,0,0,39010.10729650551,1
1456,57281846,Surname_1456,416,Germany,Male,22.0,9,218662.77487724123,2,0,0,64696.00768461858,1
1457,81835706,Surname_1457,677,Spain,Male,30.0,4,176042.35585327883,4,1,0,93038.59734907972,1
1458,75153694,Surname_1458,479,France,Female,47.0,4,159374.49948057174,4,0,0,15737.964532008908,0
1459,62380971,Surname_1459,771,Germany,Male,18.0,9,223116.43653303615,2,1,0,78231.50004205671,1
1460,29026738,Surname_1460,811,Germany,Female,50.0,8,116439.9376082881,4,1,0,97526.04567933995,0
1461,51002756,Surname_1461,464,Germany,Male,51.0,6,189349.63287563756,2,1,0,91903.23048307287,1
1462,49022235,Surname_1462,539,Germany,Male,33.0,9,142283.75239259782,1,0,1,76322.7011720848,1
1463,33683772,Surname_1463,687,Germany,Male,31.0,7,223763.40087718182,1,1,0,40688.18459465156,1
1464,94012586,Surname_1464,714,Spain,Male,19.0,8,86953.69170853021,1,1,0,97737.1452862053,0
1465,37966503,Surname_1465,688,France,Male,32.0,2,220117.8141090747,3,0,1,104299.74648934156,1
1466,26529993,Surname_1466,759,Germany,,43.0,0,59924.13547244457,4,0,0,127320.26864152076,1
1467,92226684,Surname_1467,475,Spain,Female,30.0,4,175473.91087940804,4,1,0,114797.36959851871,0
1468,82754256,Surname_1468,763,France,Female,42.0,6,157225.55635902338,3,1,1,10189.750522422377,1
1469,12082647,Surname_1469,736,France,Male,24.0,9,187434.58171848263,1,1,0,88495.99717492811,0
1470,14989263,Surname_1470,381,France,Male,43.0,2,12274.055041765569,2,0,1,64651.97344913998,1
1471,67116263,Surname_1471,358,France,Female,29.0,8,214703.0746573085,3,0,1,103688.4854807113,1
1472,72291626,Surname_1472,398,Germany,Male,58.0,5,15901.388668587619,3,0,1,36050.08294362187,1
1473,18763351,Surname_1473,482,Germany,Male,42.0,9,175615.73262153048,3,1,1,105116.63415740551,0
1474,99482259,Surname_1474,748,Germany,Male,49.0,2,163928.5966334553,3,1,0,109813.6131252407,0
1475,29170731,Surname_1475,697,France,Male,51.0,0,66804.37570611777,1,1,1,138114.1408603032,0
1476,68445202,Surname_1476,399,Germany,Male,48.0,6,28977.227799983157,4,0,0,101218.16489795667,0
1477,93839806,Surname_1477,445,France,Female,50.0,3,22728.447326284455,2,1,0,33750.42186047119,1
1478,70062546,Surname_1478,558,Spain,Male,36.0,4,155900.69852850708,1,1,0,24474.482469840998,1
1479,70081765,Surname_1479,355,Spain,Female,23.0,8,71594.88585890275,2,1,0,138038.00408167555,1
1480,22415009,Surname_1480,615,France,Male,33.0,7,97084.83252407832,3,1,0,113980.12360912858,1
1481,56934914,Surname_1481,576,France,Female,29.0,7,8109.304676785889,1,0,0,71278.87135985757,0
1482,79770366,Surname_1482,408,France,Female,28.0,7,43438.56034104182,3,0,1,32374.340528105564,0
1483,94777002,Surname_1483,625,Spain,Male,20.0,1,50517.06608713075,3,0,0,67355.56071027368,1
1484,28142697,Surname_1484,844,Germany,Female,23.0,5,226544.98687175452,1,0,1,52217.18371705645,0
1485,66478052,Surname_1485,695,France,Female,36.0,5,184070.3350148915,3,1,1,56867.303700288234,0
1486,33748810,Surname_1486,804,France,Male,21.0,9,196788.57479221432,2,0,1,111720.19000322436,1
1487,93590766,Surname_1487,435,Germany,Female,54.0,1,231875.14490655437,3,0,1,66719.72349516736,1
1488,68106474,Surname_1488,782,Germany,Female,28.0,1,51481.53731507702,4,1,1,70761.44751689147,0
1489,15669464,Surname_1489,661,Germany,Female,50.0,5,4527.7271269184575,1,0,0,85603.81696568536,0
1490,32376169,Surname_1490,355,Spain,Male,58.0,3,25216.013975398077,1,1,1,49097.973422425704,1
1491,76014019,Surname_1491,474,Germany,Male,19.0,1,161804.67172370967,4,1,1,113031.23962345156,1
1492,23370646,Surname_1492,657,Germany,Male,19.0,6,161237.82484451542,1,0,0,44483.66341990879,0
1493,45922187,Surname_1493,618,Spain,Female,57.0,4,173701.18551376878,4,0,1,128400.78998203458,1
1494,33431254,Surname_1494,666,Germany,Male,18.0,0,183374.47087922553,2,0,1,141492.8360444304,1
1495,24118902,Surname_1495,390,Germany,Male,48.0,4,234957.27339811058,2,1,0,143854.79805988568,1
1496,73526298,Surname_1496,631,France,Female,54.0,9,111540.87795237983,1,0,0,48372.293299221055,0
1497,19514168,Surname_1497,431,France,Female,47.0,4,107936.17445186971,2,0,1,46925.9965235063,0
1498,46208785,Surname_1498,756,France,Male,41.0,5,158693.76302894557,2,1,0,18377.361070756626,1
1499,11494311,Surname_1499,470,Spain,Female,37.0,1,107269.05673840398,3,0,1,85641.97486107677,0
1500,23801435,Surname_1500,436,Spain,Female,59.0,0,231543.81658276895,2,0,0,75387.86397953708,1
1501,10592266,Surname_1501,498,Spain,Female,57.0,6,141102.79341082266,3,1,1,121062.31915838429,1
1502,16213305,Surname_1502,392,France,Female,53.0,1,217833.18216104797,3,1,0,11219.93076969503,0
1503,63256978,Surname_1503,719,Germany,,55.0,4,178363.74735919273,3,0,0,121952.1856653245,0
1504,52134531,Surname_1504,388,Spain,Female,46.0,2,239935.90375887384,4,1,0,110351.84724342945,0
1505,47182576,Surname_1505,707,France,Male,57.0,7,13771.31410765811,2,0,0,75446.96266961566,1
1506,15284730,Surname_1506,535,France,Female,22.0,9,195387.00044670634,4,0,0,71824.8684707615,1
1507,43306965,Surname_1507,625,Spain,Female,59.0,6,168582.18827813634,4,0,0,59638.87228240042,0
1508,40263910,Surname_1508,565,Spain,Male,19.0,8,179691.10926445824,3,0,1,23908.985792186337,0
1509,16526160,Surname_1509,616,Germany,Male,51.0,1,144599.49163325413,3,0,1,128267.11724709994,0
1510,19273800,Surname_1510,438,France,Female,37.0,9,10851.728033910129,1,0,1,139621.51767834203,1
1511,74871685,Surname_1511,401,France,Female,19.0,8,33708.53537339705,2,1,1,62173.807010257464,1
1512,44334824,Surname_1512,452,Germany,Female,32.0,9,239522.69910447145,2,1,1,16728.63207649097,1
1513,82997130,Surname_1513,352,Germany,Male,52.0,2,143598.39488453898,4,0,0,61759.81145554138,1
1514,98500955,Surname_1514,434,Spain,Female,20.0,6,185634.14298146387,2,1,1,98598.23351542784,0
1515,35187694,Surname_1515,421,Spain,,30.0,9,167387.6535505335,4,0,1,82827.64947864525,1
1516,83553929,Surname_1516,848,France,Male,21.0,0,81606.41140591871,3,0,1,134864.62934532866,1
1517,60613406,Surname_1517,710,France,Female,44.0,5,218644.5008392171,2,0,0,41973.018342422314,0
1518,24997278,Surname_1518,849,France,Male,33.0,0,115055.83107849273,4,1,0,63926.55170121796,1
1519,44331573,Surname_1519,562,Germany,Female,40.0,6,94042.94228678315,2,1,1,51485.70726045616,0
1520,62012349,Surname_1520,677,France,Male,48.0,6,2858.7813500085545,2,1,1,54699.05363486991,0
1521,30594184,Surname_1521,582,Spain,Male,31.0,8,111642.21596153731,3,1,0,91566.84846669689,0
1522,46498790,Surname_1522,775,Germany,Female,52.0,8,154946.75347688195,1,1,0,117829.51526343402,1
1523,65713025,Surname_1523,413,Germany,,56.0,4,85783.35253039032,4,1,0,70916.56467182565,1
1524,13064604,Surname_1524,418,Spain,Male,36.0,5,208914.00373789205,4,0,0,61087.679544687715,1
1525,32701262,Surname_1525,812,Germany,Male,56.0,5,240714.39649064152,4,0,1,32764.689380253487,1
1526,30420325,Surname_1526,524,Germany,Female,44.0,3,32329.905232949568,4,0,0,136502.1096407908,1
1527,58393679,Surname_1527,421,France,Male,37.0,6,144039.91383544778,4,1,1,68519.243935929,0
1528,18694470,Surname_1528,416,France,Male,54.0,0,42531.25698885468,4,1,0,91425.38128012072,0
1529,19988854,Surname_1529,676,France,Female,36.0,8,134088.8079672392,2,1,1,126083.68769650212,0
1530,33778537,Surname_1530,779,France,Male,38.0,1,167772.36417716698,4,1,0,116088.1785626337,0
1531,67197132,Surname_1531,391,Germany,Female,48.0,8,190299.8644611092,3,1,0,72957.03735874355,1
1532,17743979,Surname_1532,835,Germany,Female,48.0,9,59055.42525490848,3,0,0,139302.33730329206,1
1533,83509014,Surname_1533,637,France,Male,49.0,9,148137.67936057938,1,1,1,24941.041931343574,1
1534,84382553,Surname_1534,355,Germany,Female,27.0,0,155894.28756819305,2,0,1,38122.773139608675,0
1535,83932894,Surname_1535,844,Germany,Female,42.0,9,63091.54669085898,3,0,1,127653.85096203149,1
1536,41166170,Surname_1536,832,Spain,,55.0,8,191161.1087096216,3,0,1,72662.396294749,1
1537,64378648,Surname_1537,646,Germany,Male,27.0,1,13301.067052399445,1,1,1,23702.9686601256,1
1538,10467287,Surname_1538,770,France,Male,53.0,9,126271.41104471107,1,0,1,55516.267531731646,1
1539,62679887,Surname_1539,646,Spain,Male,52.0,8,134526.45665328865,4,0,0,16977.43374376761,1
1540,36501430,Surname_1540,377,Spain,Male,19.0,3,198361.59786034463,3,0,1,137030.37606663117,1
1541,33953080,Surname_1541,559,France,Male,29.0,1,236322.77824145881,3,0,0,10832.478808704658,0
1542,23856117,Surname_1542,404,Spain,Male,47.0,3,91462.21739723382,4,0,0,68964.82274001709,0
1543,56300484,Surname_1543,546,France,Male,59.0,1,119454.11085980675,3,0,0,88165.55334978434,1
1544,74420966,Surname_1544,547,France,Female,44.0,2,218009.72771772507,2,1,0,52303.80168821951,0
1545,85911524,Surname_1545,603,France,Female,40.0,5,135247.23165246155,1,0,1,136993.12476166678,1
1546,18542942,Surname_1546,760,Spain,Female,34.0,4,55308.419105413705,4,1,0,12406.0554101162,0
1547,42294090,Surname_1547,403,France,Female,24.0,3,34301.380788797076,2,0,1,94936.89433467029,1
1548,21269004,Surname_1548,503,France,Male,20.0,2,233747.38884293629,1,1,0,67045.6556139678,0
1549,90070518,Surname_1549,839,Spain,Female,43.0,6,26043.52867177101,3,1,0,28541.613490853204,1
1550,53022960,Surname_1550,772,Germany,Female,56.0,2,137587.88199439403,4,0,0,33721.77810627846,0
1551,45843076,Surname_1551,548,France,Female,31.0,5,51857.75920670538,1,0,1,17808.74643439974,1
1552,83206103,Surname_1552,468,Germany,Female,21.0,2,25384.354903691565,4,1,1,132854.25825349145,1
1553,63958718,Surname_1553,615,Germany,Male,39.0,5,166778.08380133007,1,1,0,35456.75811205044,0
1554,63341321,Surname_1554,739,Spain,Female,27.0,6,146630.18397331453,1,0,1,129124.38026093082,1
1555,79001102,Surname_1555,518,France,Male,36.0,2,198243.87895170765,2,1,1,102127.85428907751,0
1556,38996924,Surname_1556,549,Spain,Male,25.0,3,114059.62632454612,1,0,0,149900.84889902803,0
1557,74545366,Surname_1557,686,Spain,Male,18.0,1,15198.821272232182,3,0,1,59321.71243196644,0
1558,59237390,Surname_1558,666,Spain,Female,29.0,4,15262.839423954289,4,1,0,61911.43417106876,1
1559,47145876,Surname_1559,564,Spain,Male,43.0,3,50474.8362659313,2,0,1,27984.34384950992,0
1560,22969274,Surname_1560,454,France,Female,31.0,8,8550.28257575896,3,1,1,19372.692418027473,0
1561,88784698,Surname_1561,641,France,Female,47.0,4,127979.81260209477,3,1,1,144496.0719236423,0
1562,98597332,Surname_1562,621,Germany,Female,43.0,9,125263.42164752189,3,1,0,68235.10895129628,0
1563,67462802,Surname_1563,638,Germany,Male,59.0,7,220741.8400147299,3,0,0,141427.75138435708,0
1564,70500385,Surname_1564,540,France,Female,53.0,6,176418.51686634857,2,0,1,41356.4678057681,0
1565,88384352,Surname_1565,785,France,Female,48.0,5,11707.347994056288,4,1,1,24867.43475691959,0
1566,79601949,Surname_1566,447,Germany,Male,30.0,9,92257.29235203209,2,0,1,38305.51077804391,0
1567,39468730,Surname_1567,749,Germany,Female,26.0,2,197197.92497255863,1,1,1,103709.84061901015,1
1568,95581662,Surname_1568,354,Spain,Female,20.0,6,160249.86029852243,4,1,1,46723.93972060164,0
1569,82814035,Surname_1569,352,France,Male,43.0,7,118365.46698825106,3,1,0,45136.01495144436,1
1570,86036963,Surname_1570,775,Spain,Female,43.0,8,7396.839592419879,1,0,1,53101.64406534559,1
1571,50807184,Surname_1571,466,France,Female,30.0,8,188404.51411312417,2,0,1,93033.4867191465,1
1572,38692033,Surname_1572,767,France,Female,33.0,1,120884.6688661511,3,0,0,74058.53605604166,1
1573,94239763,Surname_1573,698,Spain,Female,53.0,6,14214.492827512637,4,1,1,106333.95405439437,0
1574,80171800,Surname_1574,408,France,Female,23.0,8,218260.20521034554,3,1,0,34985.55470869576,1
1575,91172150,Surname_1575,709,Spain,Female,25.0,8,31955.908972287645,3,0,0,137005.517702414,0
1576,18280179,Surname_1576,354,France,Male,21.0,0,20507.733189138733,4,1,0,90791.7154082507,0
1577,63831599,Surname_1577,697,Spain,Female,52.0,5,63592.6382082348,2,0,0,36981.2891896101,1
1578,24563438,Surname_1578,354,Spain,Male,27.0,8,27746.584211821413,4,1,0,140543.13263226498,0
1579,32768745,Surname_1579,626,Spain,Male,29.0,6,196981.24557421167,4,1,1,75085.74605460775,1
1580,53460006,Surname_1580,676,France,Female,19.0,9,63839.65671229647,3,1,1,79945.19450710608,0
1581,17302811,Surname_1581,755,Germany,Male,38.0,8,141757.94813440085,2,1,1,99817.3731552046,1
1582,79802575,Surname_1582,847,France,Female,33.0,0,116129.15389685905,1,1,0,20004.90906345268,1
1583,12739859,Surname_1583,393,France,Male,49.0,0,108694.3798740011,3,0,0,61744.141212574505,1
1584,27196273,Surname_1584,550,Germany,Female,23.0,8,184864.39241164588,3,1,1,124227.44050742954,1
1585,51319116,Surname_1585,839,France,Male,25.0,9,6416.40440820529,4,0,0,120814.69993771792,1
1586,88731045,Surname_1586,709,Spain,Male,26.0,4,9384.508713990825,3,1,0,46073.21598324784,1
1587,59385824,Surname_1587,845,France,Male,43.0,7,44412.23243950454,1,0,0,51285.641693246835,0
1588,82186024,Surname_1588,435,Germany,Female,44.0,1,12088.70408468235,3,0,0,105261.64317246723,1
1589,10341582,Surname_1589,656,France,Female,34.0,4,8608.565783190219,4,0,0,142462.05205271,0
1590,54660850,Surname_1590,575,Spain,Female,40.0,7,44603.12450311624,4,0,1,63935.273171686094,1
1591,73309825,Surname_1591,699,Spain,Female,34.0,7,126613.69518691779,4,0,0,78999.94672297125,0
1592,83066273,Surname_1592,662,Germany,Male,33.0,5,133331.5407593348,3,0,0,144041.29136322727,0
1593,14323315,Surname_1593,594,France,Female,36.0,9,196404.5365545082,4,0,0,112126.62428991371,0
1594,15683366,Surname_1594,823,Spain,Female,31.0,7,50005.27033376714,1,1,1,104705.15010372392,0
1595,89725916,Surname_1595,823,Germany,Male,48.0,1,155420.8339661982,3,1,1,125446.91720459273,0
1596,43018112,Surname_1596,722,France,Male,49.0,6,183909.36031468128,4,1,1,138226.88343873114,1
1597,99659098,Surname_1597,846,Germany,Male,52.0,4,2556.224811441965,1,1,1,62104.92958109272,0
1598,85678876,Surname_1598,644,Germany,Female,56.0,6,188456.8607661687,3,1,0,44055.97949809002,1
1599,10027970,Surname_1599,523,France,Female,24.0,8,120074.21803734211,2,1,1,39980.58577886336,1
1600,22790500,Surname_1600,454,France,Female,41.0,7,40478.951539196365,1,1,1,148862.10505159956,0
1601,13211589,Surname_1601,554,Spain,Female,55.0,1,181286.77719699257,3,0,1,58256.4731600471,0
1602,96739583,Surname_1602,402,Spain,Male,40.0,6,209912.58213265083,1,1,1,80597.37441154085,1
1603,39053466,Surname_1603,533,Germany,Male,32.0,6,58250.47003881667,4,0,1,76519.09975793728,0
1604,95995618,Surname_1604,691,Spain,Male,57.0,0,131076.9182586124,1,0,0,51328.5524877829,0
1605,37316163,Surname_1605,725,Germany,Male,27.0,0,88114.97671525151,3,1,0,10357.678460170404,0
1606,15282330,Surname_1606,615,Spain,Male,44.0,8,186210.2800808438,4,0,0,124049.52205192842,1
1607,92856310,Surname_1607,479,Spain,Male,59.0,3,137896.01695645592,4,1,1,110439.88795221085,0
1608,84705624,Surname_1608,633,Germany,Female,49.0,2,169934.95916620342,2,0,0,103144.92787267642,0
1609,16993536,Surname_1609,767,France,Female,18.0,4,209995.44923388347,2,0,0,44302.269440978474,0
1610,15876998,Surname_1610,576,France,Male,55.0,2,218990.11237607486,3,1,0,21784.42673113644,0
1611,14083635,Surname_1611,529,Germany,Female,49.0,4,150334.84668572436,1,1,1,52739.15273188321,1
1612,95226524,Surname_1612,620,Spain,Male,33.0,5,224788.21104259323,4,0,0,73873.58496946392,1
1613,74459528,Surname_1613,544,Spain,Male,41.0,7,151120.42173096773,3,0,0,122742.11673562235,1
1614,56550289,Surname_1614,760,France,Male,56.0,8,200676.461389242,4,1,0,26165.72058986332,1
1615,67526905,Surname_1615,778,Spain,Female,55.0,6,222954.89248909598,2,1,1,21563.9215029103,0
1616,66222642,Surname_1616,381,Spain,Male,52.0,7,138968.31712363823,1,0,1,146593.686457179,0
1617,23022718,Surname_1617,436,Spain,Male,51.0,9,72310.97398037318,2,0,0,108214.12956792899,0
1618,54867253,Surname_1618,540,Spain,Male,31.0,4,88042.28308380369,3,0,0,31147.133825069504,1
1619,35753872,Surname_1619,712,Germany,Female,41.0,1,200116.41137634576,2,0,0,132134.8204880654,1
1620,49423720,Surname_1620,792,Spain,Female,29.0,3,3528.239349088719,3,1,1,55713.62114305022,0
1621,65177381,Surname_1621,555,Germany,Female,47.0,8,244951.06954140676,2,1,0,50714.128013334936,0
1622,27017804,Surname_1622,756,Germany,Female,19.0,8,246201.8189184263,1,0,0,72200.05296027241,0
1623,42522607,Surname_1623,706,France,Male,21.0,8,160414.19338039422,2,1,0,54844.001977977256,1
1624,45187194,Surname_1624,447,Spain,Female,33.0,9,121452.2341364154,4,1,0,104702.36025416,0
1625,63191442,Surname_1625,502,France,Male,20.0,2,94979.55194235458,4,0,1,83504.43893012361,0
1626,49192422,Surname_1626,385,France,Female,43.0,1,83392.52091869884,3,0,1,116471.3264268497,0
1627,11317315,Surname_1627,770,Spain,Male,51.0,3,5608.224999333083,3,0,0,11976.501675023579,0
1628,51326190,Surname_1628,629,France,Female,54.0,0,5638.715642968861,2,0,0,97764.55519320235,1
1629,86712881,Surname_1629,605,France,Female,45.0,9,188515.92446458666,2,0,1,84349.00472689247,0
1630,55502520,Surname_1630,705,France,Female,22.0,6,99240.62277699566,2,0,1,81725.46317617537,0
1631,72947153,Surname_1631,489,Spain,Female,21.0,3,232340.93646898976,3,0,1,44312.04444799584,1
1632,27653749,Surname_1632,350,Spain,Female,26.0,9,79204.31769300759,3,1,1,53459.85861880334,0
1633,29643868,Surname_1633,726,Germany,Female,49.0,3,44860.66508414058,2,1,1,88980.7289536442,1
1634,36938613,Surname_1634,776,France,Male,32.0,5,167771.5994416735,2,0,1,110852.73615838765,1
1635,34066295,Surname_1635,367,Spain,Male,50.0,0,96123.00190050017,3,0,0,68503.70681302669,0
1636,79746133,Surname_1636,632,Spain,Female,20.0,3,3691.2490459349856,3,1,0,105283.39475345094,0
1637,76882460,Surname_1637,522,France,Female,41.0,2,131407.96036125344,1,0,0,48055.22364376286,1
1638,64437370,Surname_1638,403,France,Female,35.0,0,219002.74388011236,1,1,1,94446.63502882134,0
1639,95491019,Surname_1639,468,Spain,Male,52.0,0,208625.62728237192,4,1,1,33963.545322093414,0
1640,13387202,Surname_1640,657,Germany,Male,54.0,7,166594.19571182784,4,0,0,107277.9503279911,1
1641,32802286,Surname_1641,606,France,Female,59.0,4,160524.31327424652,1,0,1,106132.94571730621,0
1642,70902585,Surname_1642,754,Spain,Male,44.0,4,119656.6364325172,3,1,0,65541.29937923183,0
1643,83073307,Surname_1643,792,France,Female,27.0,4,230188.91122135974,4,0,1,47324.56397549427,1
1644,25489563,Surname_1644,663,Spain,Female,45.0,2,215314.80207750754,4,1,1,147777.30703600156,0
1645,24377935,Surname_1645,816,France,Female,58.0,0,10052.530010241368,4,0,0,31059.22561881078,0
1646,33123503,Surname_1646,742,Germany,Female,19.0,6,41706.22820183986,3,1,0,70034.08148528708,1
1647,24384777,Surname_1647,778,Spain,Male,37.0,4,104372.39844287047,3,0,0,134930.3230878127,1
1648,65947556,Surname_1648,616,France,Male,52.0,4,160918.9426330408,4,1,0,42626.48382846673,0
1649,59731489,Surname_1649,470,Germany,Female,41.0,4,147260.24396733064,3,1,0,145157.72552363644,0
1650,76362964,Surname_1650,716,Germany,Male,30.0,9,91228.70736879355,1,1,0,108252.19271950712,0
1651,10556950,Surname_1651,580,Spain,Male,21.0,9,237175.91890610085,2,0,1,107613.82389276609,0
1652,91272455,Surname_1652,845,Spain,Male,54.0,6,21623.910460620536,1,1,0,125476.31091335723,0
1653,51904539,Surname_1653,715,Germany,Female,59.0,8,150003.8330334135,3,0,1,88602.5232748149,1
1654,32462931,Surname_1654,588,France,Female,55.0,4,152303.72494329992,3,1,0,124270.26533677244,1
1655,15107587,Surname_1655,534,Germany,Female,33.0,1,158962.88572075224,3,0,1,118539.70171439824,0
1656,59962951,Surname_1656,352,Germany,Male,40.0,4,20921.199394351526,2,1,0,37248.5612919361,0
1657,96641549,Surname_1657,769,France,Male,36.0,0,83940.94606678409,1,0,1,148846.90249731982,1
1658,25168650,Surname_1658,777,Germany,Female,44.0,9,155779.2001777404,2,1,0,143545.628686139,0
1659,12552484,Surname_1659,387,Germany,Male,44.0,9,105208.49908896182,2,0,1,28917.114955137156,1
1660,90431923,Surname_1660,585,Germany,Female,19.0,9,208728.0810772826,1,1,0,32793.74799760862,1
1661,71050129,Surname_1661,587,France,Male,52.0,8,114485.62516661962,3,1,0,51339.99209314244,1
1662,11369546,Surname_1662,740,Spain,Male,48.0,9,59071.76873513989,2,0,0,107309.45445968516,1
1663,13820933,Surname_1663,445,Germany,Male,32.0,3,28275.100296631772,3,1,1,53372.04744860607,0
1664,74730768,Surname_1664,784,Spain,Male,53.0,0,51019.08882334943,3,1,1,31745.804088095592,0
1665,36286937,Surname_1665,710,Germany,Male,31.0,9,162927.801849648,1,1,0,137694.90448120257,0
1666,47220331,Surname_1666,832,Germany,Female,26.0,1,155812.07663228267,3,1,0,59084.100351220455,1
1667,97537255,Surname_1667,378,Germany,Male,22.0,5,234867.19630871227,2,1,0,122950.21619048338,1
1668,84092219,Surname_1668,767,Germany,Male,41.0,0,189567.51407023103,3,1,1,10988.399976440056,1
1669,77853591,Surname_1669,477,Germany,Female,39.0,2,42691.82591861512,3,1,0,42048.96784005193,0
1670,76144555,Surname_1670,849,France,Female,39.0,3,141031.856682152,3,0,0,53587.85356311042,0
1671,77170601,Surname_1671,519,Germany,Female,45.0,2,143517.04066194835,3,1,1,63749.41946863589,0
1672,12351383,Surname_1672,548,Spain,Male,40.0,9,196985.3286727698,2,1,1,40815.05138695288,0
1673,10116293,Surname_1673,520,Germany,Male,58.0,7,39375.69148037087,2,0,1,69448.56307655663,1
1674,42684464,Surname_1674,387,Spain,Male,38.0,0,160465.21066578812,3,1,1,35160.870580238196,1
1675,94234701,Surname_1675,566,France,Male,36.0,7,234048.5074590661,4,0,0,138195.02165821538,0
1676,10211964,Surname_1676,694,France,Female,36.0,5,5388.536580549219,1,0,1,99289.75544591465,0
1677,98869322,Surname_1677,380,Spain,Female,40.0,0,20206.703925225695,1,1,1,37774.99568270802,1
1678,28160244,Surname_1678,813,Germany,Female,57.0,6,141187.69392942666,3,1,1,45094.1062068365,1
1679,33573574,Surname_1679,681,Spain,Male,41.0,2,245170.50087215143,3,1,1,63285.28317349978,0
1680,44005679,Surname_1680,659,France,Female,56.0,1,63274.06963753382,1,0,1,47418.64417998184,0
1681,97009957,Surname_1681,353,Spain,Male,52.0,5,150498.18259646613,3,0,1,11945.131999961633,0
1682,91440900,Surname_1682,741,Spain,Male,42.0,5,249105.3015423174,1,0,1,82723.56681511815,1
1683,74533924,Surname_1683,381,Germany,Female,26.0,1,43910.49769754388,2,1,0,140560.2022924116,1
1684,13526455,Surname_1684,555,France,Female,38.0,5,175690.70770527748,3,0,1,66426.90411220619,1
1685,84055277,Surname_1685,562,Spain,Female,47.0,9,2292.788079728547,1,1,0,136996.96268563194,0
1686,14561349,Surname_1686,835,France,Female,22.0,9,157636.33129581643,1,1,0,14756.188508358868,1
1687,20490067,Surname_1687,758,Germany,Female,49.0,2,223761.73859550097,1,1,1,16124.358611270673,1
1688,62082398,Surname_1688,597,France,Female,42.0,9,174683.4918069962,1,1,1,130388.15937257536,0
1689,36328706,Surname_1689,589,Spain,Male,33.0,0,22673.995296990655,2,1,0,25204.179598211085,0
1690,61647483,Surname_1690,406,Spain,Male,20.0,2,143001.88252375025,1,1,0,117982.84580642146,0
1691,64161046,Surname_1691,497,France,Female,48.0,2,166690.37895770412,1,1,0,53158.44378535258,1
1692,31349090,Surname_1692,746,France,Female,34.0,7,208288.38963272737,4,1,0,114016.42542471738,0
1693,46666011,Surname_1693,376,Spain,Male,53.0,8,225438.14965523256,1,1,0,115361.37554884626,1
1694,19456492,Surname_1694,662,France,Male,59.0,1,232046.24145388792,4,1,1,29689.984372321753,0
1695,41477635,Surname_1695,570,France,Male,40.0,9,63708.54310971638,4,0,0,145508.52329376052,1
1696,47890864,Surname_1696,413,Germany,Male,26.0,8,66244.39375714802,3,1,1,37739.75593317985,0
1697,21868174,Surname_1697,837,Germany,Male,24.0,6,188509.5689757685,2,0,1,131821.84990816808,1
1698,85149453,Surname_1698,634,France,Male,31.0,1,22197.69364157961,3,0,1,91193.2704959778,0
1699,37475732,Surname_1699,774,Spain,Female,20.0,8,109011.55482420146,3,0,0,39670.33298348292,0
1700,60985372,Surname_1700,755,France,Male,54.0,5,234583.28949189195,4,1,0,114553.10594775813,0
1701,18560111,Surname_1701,651,Spain,Female,37.0,5,6030.194825604434,1,0,0,94748.45429724657,1
1702,61772505,Surname_1702,844,Germany,Female,55.0,9,47244.028933852656,1,1,1,45574.792134146504,1
1703,88168954,Surname_1703,427,Germany,Male,53.0,1,154848.1871009205,1,0,1,87219.52133184664,1
1704,39172322,Surname_1704,375,Germany,Male,52.0,3,78322.4714951431,4,0,0,82282.38196591043,1
1705,78315082,Surname_1705,541,France,Female,46.0,2,64407.52315629597,4,1,0,24857.466709756794,0
1706,27825613,Surname_1706,378,Germany,Male,29.0,8,190802.3280096765,2,1,1,74649.0369321644,0
1707,53887287,Surname_1707,623,France,Male,30.0,7,172019.9727193511,3,1,1,17476.405791451838,1
1708,37423367,Surname_1708,362,Germany,Female,45.0,4,119083.0087612629,3,1,0,79133.46103147796,0
1709,85275199,Surname_1709,781,Germany,Male,23.0,0,35258.35425232063,2,0,0,36372.80508198254,1
1710,62594689,Surname_1710,563,Germany,Male,33.0,7,71600.88743132829,2,1,0,96625.5665351215,0
1711,37852299,Surname_1711,686,Spain,Female,57.0,7,4352.5275460720995,2,1,1,75699.41503246986,0
1712,74274057,Surname_1712,628,France,Female,51.0,7,25975.81529084925,2,0,1,105002.76296846743,0
1713,18428229,Surname_1713,677,France,Female,22.0,9,139323.2038716842,3,0,0,119850.39805877568,0
1714,81726968,Surname_1714,411,Spain,Female,38.0,8,187662.33516895925,4,0,0,49746.504021377754,1
1715,89085250,Surname_1715,583,Germany,Male,48.0,7,156266.49890736956,4,1,0,91960.1592885387,0
1716,92373217,Surname_1716,501,France,Female,44.0,7,60641.27096207861,1,1,0,28607.660472823336,0
1717,11296652,Surname_1717,552,France,Female,39.0,2,242323.07127964517,4,1,0,16765.622900620212,1
1718,78910379,Surname_1718,589,Spain,Female,55.0,3,112083.11215519503,4,1,1,19246.805817453285,0
1719,91196302,Surname_1719,729,Spain,Male,50.0,1,175760.08182283488,1,1,0,90863.87617266072,1
1720,98678094,Surname_1720,430,Spain,Female,59.0,6,192867.01795244636,2,0,0,11254.90004261801,0
1721,54231116,Surname_1721,664,France,Male,36.0,0,190024.28655339265,3,0,0,10376.731451731068,0
1722,50092232,Surname_1722,532,France,Female,23.0,6,55153.36131060131,2,0,0,127004.85443060854,0
1723,78792679,Surname_1723,500,Spain,Female,28.0,0,125424.4244228693,3,1,0,84903.29828112751,1
1724,63244348,Surname_1724,655,Germany,Female,56.0,1,244545.0382183911,3,1,0,43860.73478703575,1
1725,47834304,Surname_1725,506,Germany,Male,43.0,2,74477.8454099286,1,0,0,39462.96771361734,1
1726,15169364,Surname_1726,816,Germany,Female,46.0,0,51396.268498900055,4,0,1,24271.12492915577,1
1727,43576415,Surname_1727,382,France,Female,38.0,5,33933.33121292791,3,1,1,91576.97101582913,0
1728,30903161,Surname_1728,508,Germany,Male,37.0,0,59572.5098218981,2,0,0,107520.99809072602,1
1729,50198592,Surname_1729,547,Germany,Female,33.0,7,141112.85058561811,1,0,0,96678.72193790541,1
1730,10612501,Surname_1730,672,Germany,Female,37.0,6,96100.46391335737,1,0,0,148324.30789014278,0
1731,65703073,Surname_1731,577,France,Male,50.0,9,15459.559101234754,2,1,0,89147.4566092067,0
1732,82429842,Surname_1732,652,France,Male,27.0,9,195978.32799544642,2,1,1,23941.877646784225,1
1733,65059005,Surname_1733,427,Spain,Male,19.0,2,133494.98103305476,1,0,0,85163.61929174855,0
1734,79056367,Surname_1734,549,France,Female,37.0,4,179018.5675428924,1,1,0,112439.25060171026,1
1735,58250324,Surname_1735,411,Spain,Male,34.0,9,139108.57102516154,4,0,0,38757.16849696606,0
1736,43879823,Surname_1736,707,France,Male,32.0,8,13528.23595963565,1,0,1,148869.07775186596,0
1737,70032114,Surname_1737,679,Spain,Male,33.0,9,92288.5658301513,3,0,0,23770.21264692672,0
1738,18795686,Surname_1738,730,Spain,Female,28.0,9,34101.077926624675,4,0,0,93944.24377133927,0
1739,52459575,Surname_1739,695,Germany,Female,50.0,1,74884.91890856813,4,1,0,76204.32628938546,0
1740,50212665,Surname_1740,525,Spain,Male,31.0,3,151164.45296343116,1,1,1,123170.04911958586,0
1741,42315529,Surname_1741,782,Spain,Female,26.0,1,133034.08258627728,2,0,1,44285.150878564935,0
1742,94750298,Surname_1742,388,Germany,Female,37.0,0,227937.22699178968,4,1,1,76462.97479038208,1
1743,12702572,Surname_1743,592,Germany,Male,45.0,7,141933.8994273112,3,0,0,99334.65927239938,1
1744,50495607,Surname_1744,788,France,Female,54.0,2,103214.42597532204,1,1,1,110747.85843159637,1
1745,91107140,Surname_1745,356,Germany,Male,18.0,3,16578.46905571997,4,0,0,66648.80665293953,1
1746,15025890,Surname_1746,828,Germany,Female,37.0,6,167335.19318742343,4,0,1,53305.58862985172,1
1747,63017244,Surname_1747,659,France,Male,30.0,4,168016.64278667967,2,1,1,37562.09788447205,1
1748,77359181,Surname_1748,671,Germany,Female,31.0,4,218641.5962944591,2,0,1,69413.26672763734,0
1749,93080707,Surname_1749,730,Spain,Female,47.0,8,158373.9441264577,1,1,0,147011.10144859587,1
1750,17082530,Surname_1750,847,Germany,Male,53.0,4,111141.09645729516,3,0,0,81141.88210825775,0
1751,38481918,Surname_1751,817,Spain,,31.0,8,152462.24221910344,1,1,0,17323.63253188953,0
1752,80577651,Surname_1752,496,Germany,Female,53.0,2,228543.53264195868,1,0,0,58181.28089778845,1
1753,37951336,Surname_1753,416,France,Female,27.0,8,49481.38860422832,1,1,0,57474.649589412824,0
1754,83773187,Surname_1754,794,France,Female,40.0,7,111721.15700613927,2,1,0,45722.24756640694,1
1755,81100113,Surname_1755,488,Spain,Male,51.0,2,87308.86582918937,1,1,1,25520.830951465552,1
1756,54760594,Surname_1756,465,Germany,Female,22.0,5,199038.48306450876,4,1,0,134891.51590158942,1
1757,52035274,Surname_1757,671,Germany,Male,27.0,7,46951.08533533404,4,0,0,130036.17449046504,1
1758,83126646,Surname_1758,642,France,Female,31.0,7,159771.57514895662,2,0,0,81342.01746868913,1
1759,15801265,Surname_1759,591,France,Female,42.0,3,213556.32835809002,2,1,0,120319.90322769283,0
1760,49056431,Surname_1760,378,Germany,Male,54.0,1,10953.097836835068,3,0,0,125784.60572596897,0
1761,52279090,Surname_1761,519,France,Male,53.0,2,87993.91973668488,4,0,0,92456.52537844182,0
1762,44396859,Surname_1762,668,Spain,Female,47.0,7,59499.88004713211,4,1,1,86987.28035389128,0
1763,48341993,Surname_1763,514,France,Male,24.0,8,125532.5803686518,2,1,1,67164.1066407855,1
1764,14346899,Surname_1764,476,Germany,Male,31.0,4,160626.02724077963,2,0,1,52591.9122524849,0
1765,19482262,Surname_1765,648,France,Female,57.0,0,196272.1192032857,1,1,1,135520.22378615438,0
1766,90628447,Surname_1766,574,France,Male,21.0,9,135103.20604669166,1,1,1,126966.28999371835,1
1767,63992691,Surname_1767,783,France,Female,50.0,1,171922.05863064626,4,1,0,123965.52396648118,1
1768,69951107,Surname_1768,642,Spain,Female,55.0,4,195256.05821284655,2,0,0,46965.681301282384,0
1769,36671394,Surname_1769,651,Spain,Male,27.0,0,181674.8881148114,1,0,1,102915.27847505602,0
1770,18071368,Surname_1770,687,France,Male,26.0,5,136284.87376480605,4,0,0,25359.233182526616,0
1771,21896378,Surname_1771,506,France,Male,50.0,4,104257.91682091815,3,0,0,105518.44540186353,1
1772,62662877,Surname_1772,831,Germany,Female,37.0,8,104125.57642736,4,0,1,80746.91565824479,1
1773,32580363,Surname_1773,647,Spain,Male,42.0,1,138937.91021794002,3,0,1,62264.49587164737,0
1774,12700618,Surname_1774,564,Spain,Male,53.0,6,170979.67604066202,4,0,1,127242.46214178317,1
1775,10797688,Surname_1775,720,Spain,Male,28.0,0,211237.21836655636,3,0,0,58217.79732692163,1
1776,62768549,Surname_1776,784,France,Male,33.0,5,171111.11903897318,4,1,0,105580.32488642805,0
1777,83248255,Surname_1777,603,Germany,Male,49.0,8,127904.89162257352,2,1,1,141772.3915574676,1
1778,38662423,Surname_1778,501,Spain,Female,23.0,0,156596.17645982828,3,0,0,85033.08243498873,1
1779,79835932,Surname_1779,812,Spain,Male,47.0,7,163308.07317561604,4,0,1,117877.99687030757,1
1780,76411439,Surname_1780,636,Germany,Female,46.0,5,13958.458132673768,4,0,0,112679.5351552211,1
1781,61535556,Surname_1781,712,Spain,Male,23.0,6,134222.53140268914,3,1,1,71689.15679241664,1
1782,96342204,Surname_1782,774,France,Female,45.0,6,119519.8303353881,4,0,0,19948.7354199872,1
1783,36499787,Surname_1783,478,Spain,Male,21.0,7,221165.7370028308,2,0,0,18732.155007475863,1
1784,21161699,Surname_1784,484,Germany,Male,35.0,7,247160.58554451322,4,0,1,36652.58630784704,0
1785,34033918,Surname_1785,799,Germany,,18.0,0,247545.27651486392,2,0,1,126391.19540448427,1
1786,49925143,Surname_1786,833,Spain,Female,34.0,6,112181.11619109176,4,1,1,92543.1384276081,0
1787,29512974,Surname_1787,450,France,Male,50.0,7,6067.388517676325,4,0,1,106390.54996944164,0
1788,43993226,Surname_1788,394,France,Male,20.0,2,107215.22422124573,2,1,0,40487.76385049586,1
1789,99099628,Surname_1789,692,Germany,Female,53.0,9,187674.69007159394,1,1,1,85450.63020078027,1
1790,88008120,Surname_1790,824,France,Female,18.0,2,229572.2561926365,2,0,0,41902.16970514433,0
1791,61921974,Surname_1791,449,Germany,Female,39.0,0,97457.6920793384,2,0,0,113152.51474030963,0
1792,12081989,Surname_1792,476,Germany,Male,30.0,4,78487.68779953661,4,0,1,132967.46955499507,0
1793,60047835,Surname_1793,372,France,Female,42.0,7,40855.813021203,4,1,1,22284.992541542375,1
1794,81200937,Surname_1794,781,France,Female,19.0,7,45266.1485388326,2,0,0,86635.26261249799,0
1795,11831196,Surname_1795,403,France,Male,45.0,9,51677.39816081013,3,0,0,95989.07342536931,1
1796,67222054,Surname_1796,484,Germany,Female,52.0,7,176941.40405108314,4,0,1,77830.10708655717,1
1797,57539668,Surname_1797,357,Spain,Male,26.0,0,142340.54273391597,2,1,0,90904.72299208166,1
1798,16279004,Surname_1798,671,Germany,Male,57.0,0,27900.578903099853,1,1,0,104626.3545930868,1
1799,11398891,Surname_1799,678,Spain,Female,24.0,2,22939.535678336564,1,1,0,59688.04613512713,0
1800,84985340,Surname_1800,639,Germany,Female,57.0,7,47733.164950496175,4,1,1,89072.09057527564,1
1801,63068113,Surname_1801,675,Spain,Male,47.0,8,6311.682205869001,1,0,0,67854.23038230406,0
1802,96090115,Surname_1802,513,Spain,Male,44.0,5,37648.14540773409,3,1,1,142099.86481879765,1
1803,81640120,Surname_1803,430,Germany,Male,34.0,9,4448.433796770929,1,0,0,45589.10935978036,0
1804,75974170,Surname_1804,539,Spain,Female,43.0,7,93772.2442677939,1,0,0,65931.45910897592,0
1805,81638926,Surname_1805,449,Spain,Male,34.0,6,113609.98502772121,3,0,0,64749.40527627204,0
1806,90512822,Surname_1806,449,France,Male,31.0,5,111084.17562725426,2,1,1,11463.503186026353,1
1807,85310550,Surname_1807,774,Spain,Male,56.0,1,165667.6957094314,4,1,0,130741.9767404043,1
1808,76633568,Surname_1808,794,France,Female,41.0,2,44843.04724206961,3,1,0,37727.8176932339,0
1809,74890604,Surname_1809,355,Germany,Female,22.0,0,234560.8278017435,3,1,1,106794.42753080156,1
1810,75404285,Surname_1810,727,France,Female,19.0,0,209761.686626542,3,1,1,41216.36951761287,0
1811,13768939,Surname_1811,796,Spain,Female,19.0,4,65575.7470257293,1,0,1,45793.01400400903,0
1812,33505861,Surname_1812,718,Germany,Female,58.0,2,202897.68201533114,2,1,0,93292.34189452433,1
1813,34126960,Surname_1813,390,Spain,Male,47.0,0,14674.209427020218,1,1,0,118597.80072182081,1
1814,91113578,Surname_1814,455,Spain,Male,29.0,2,231938.868676786,2,0,1,101691.36301801105,0
1815,25950260,Surname_1815,539,France,Male,32.0,2,4741.392119919225,4,0,1,100925.66971716183,1
1816,71062685,Surname_1816,821,France,Female,42.0,7,236789.27181199167,2,1,1,85952.49882766648,0
1817,94873910,Surname_1817,727,France,Female,43.0,9,196232.99262063947,2,1,1,133214.62057057346,1
1818,39906570,Surname_1818,774,Spain,Female,27.0,0,50834.04772165889,1,1,1,56759.811521711934,1
1819,10838019,Surname_1819,833,Spain,Female,21.0,5,229759.28046472493,1,1,1,143416.22600303043,1
1820,68603443,Surname_1820,697,France,Female,32.0,6,56569.96561436484,1,0,1,48580.54457177237,0
1821,16802239,Surname_1821,622,Spain,Female,38.0,7,175525.916341593,3,0,0,44157.76974236104,1
1822,35916059,Surname_1822,363,Spain,Female,52.0,9,113897.09180575711,4,0,0,132458.22471410487,1
1823,18696760,Surname_1823,693,Germany,Female,29.0,0,202305.33393176613,4,1,1,146973.28071782147,1
1824,71923189,Surname_1824,466,Germany,Male,56.0,2,132792.9419462296,3,0,1,31135.235686662258,0
1825,69031937,Surname_1825,843,Germany,Female,47.0,1,129678.06415595881,3,1,1,17926.228332092214,1
1826,99678316,Surname_1826,756,Germany,Male,32.0,0,173954.54826729003,1,1,1,41552.86213514418,1
1827,44915341,Surname_1827,353,France,Female,24.0,2,230469.94850509803,3,0,1,80351.33929737067,0
1828,67912966,Surname_1828,549,France,Female,22.0,7,157283.8970153362,1,0,0,94147.72640853375,0
1829,82723659,Surname_1829,820,Germany,Female,31.0,8,239517.04979089866,1,1,0,15551.716082542316,0
1830,17856526,Surname_1830,601,France,Male,53.0,1,43396.21017724965,4,1,0,85374.2467789295,0
1831,40516018,Surname_1831,463,France,Male,35.0,8,86991.68056363576,3,0,1,52692.181936920664,1
1832,64624814,Surname_1832,374,Germany,Male,20.0,3,162508.11688711416,3,0,0,125781.87270622596,0
1833,36893459,Surname_1833,648,France,Male,49.0,9,244944.63939236407,1,1,0,11125.698209306564,1
1834,69098519,Surname_1834,358,Germany,Male,39.0,9,160383.21064970427,2,1,1,32766.77686017645,1
1835,69433911,Surname_1835,354,Spain,Male,46.0,6,185767.2095384318,3,0,0,21760.134156426313,1
1836,30530109,Surname_1836,787,France,Female,25.0,4,102072.14169089252,2,1,1,106388.83042880998,0
1837,42847072,Surname_1837,451,Spain,Male,49.0,2,249112.1981383001,2,0,0,55927.11086812362,1
1838,63940882,Surname_1838,647,Germany,Female,36.0,6,79508.4193170082,3,0,0,146891.853368031,1
1839,90985075,Surname_1839,527,Spain,Male,52.0,1,189898.92836940067,3,0,0,137028.06177055265,0
1840,74461142,Surname_1840,359,Germany,Male,48.0,9,104314.24346828905,3,0,0,79812.61795653672,1
1841,60771202,Surname_1841,549,Germany,Male,29.0,3,89009.89601551688,3,0,1,60713.079817129255,0
1842,72655255,Surname_1842,714,Spain,Male,35.0,8,44720.80634491968,2,1,0,142683.3208423593,1
1843,73661725,Surname_1843,800,France,Female,41.0,4,77881.56459866502,2,0,0,50042.00087354495,0
1844,15713249,Surname_1844,844,Spain,Male,43.0,0,38874.51160482872,3,1,0,58557.54596920937,1
1845,87789097,Surname_1845,764,Spain,Female,39.0,4,165329.59731940605,3,1,1,116876.79217676926,1
1846,22142906,Surname_1846,668,France,Male,28.0,5,122684.28207947152,2,0,0,69744.57041633397,0
1847,37121266,Surname_1847,373,Spain,Male,39.0,6,85643.61988992078,1,0,1,110983.27929948317,0
1848,76277635,Surname_1848,672,Germany,Male,36.0,3,210264.1623737965,3,0,1,72397.79963679776,1
1849,10506464,Surname_1849,725,Germany,Male,27.0,8,41757.61448470264,3,1,0,32242.61048426424,0
1850,27776845,Surname_1850,565,France,Male,55.0,8,146139.11820453728,4,1,0,44909.81201364491,1
1851,62036232,Surname_1851,510,France,Male,29.0,5,224118.03190708807,4,1,0,91063.57019812413,0
1852,41758574,Surname_1852,525,Germany,Male,44.0,3,214182.5715017233,4,1,1,117494.35051057255,0
1853,77864055,Surname_1853,533,Spain,,56.0,9,122504.71675091659,2,1,1,96337.20431522843,0
1854,27885481,Surname_1854,612,Germany,Female,46.0,4,45320.17548085421,1,1,0,63172.64454968124,1
1855,91034280,Surname_1855,398,Germany,Male,22.0,7,231066.58820621565,4,1,0,123622.50774849224,0
1856,91437870,Surname_1856,638,France,Female,21.0,7,219117.4114763059,4,1,1,84924.44383601892,1
1857,47472391,Surname_1857,696,Spain,Male,22.0,8,176616.60161334314,2,0,1,10424.68323719041,0
1858,23925241,Surname_1858,616,France,Male,42.0,5,76701.55522734353,2,0,1,37208.567106162096,1
1859,26884777,Surname_1859,772,Germany,Female,28.0,4,130393.43601845346,2,0,1,21764.313434182095,0
1860,99100163,Surname_1860,841,France,Male,36.0,9,17961.033533383852,1,0,1,123626.2718073879,1
1861,87879366,Surname_1861,662,Germany,Female,21.0,0,171161.11051805617,1,0,1,90980.84387156597,1
1862,48783526,Surname_1862,530,France,Female,58.0,0,29476.741872378363,2,0,1,27068.3115847212,0
1863,14024410,Surname_1863,721,France,Female,58.0,3,103187.19485898776,3,1,1,113218.64141648203,0
1864,83405887,Surname_1864,604,France,Male,45.0,5,48954.55138175806,1,1,0,123607.52644589382,1
1865,83699441,Surname_1865,432,Germany,Male,37.0,3,146869.254661494,3,0,1,131346.15202229956,1
1866,65361632,Surname_1866,390,France,Female,22.0,2,186190.77499347154,2,0,0,93408.0621514614,0
1867,59315859,Surname_1867,845,France,Male,47.0,1,25860.155048466728,3,1,0,119624.04335935364,1
1868,25658077,Surname_1868,431,Spain,Female,45.0,3,220720.4508939194,4,1,1,70453.12265659736,1
1869,96936230,Surname_1869,721,Germany,Female,43.0,2,155832.79531429402,3,1,0,27360.795553516615,1
1870,56233853,Surname_1870,849,Germany,Male,39.0,3,11410.854499784018,1,1,0,119786.6495805307,1
1871,13032618,Surname_1871,799,France,Female,22.0,5,34764.923772737406,4,1,1,115353.80262258682,0
1872,86319707,Surname_1872,436,Spain,Male,20.0,1,161212.71108694645,2,0,1,17290.094518174632,1
1873,34885968,Surname_1873,492,France,Male,49.0,0,245497.1100082843,4,1,0,21749.561089151677,0
1874,24539675,Surname_1874,601,Spain,Male,58.0,1,6418.776645011559,2,1,1,132983.9199907433,0
1875,70086436,Surname_1875,615,Germany,Female,40.0,5,89248.95799821192,1,1,1,136323.0496615972,1
1876,99369758,Surname_1876,743,Spain,Male,53.0,0,153876.24746759344,1,0,1,140681.35735910304,1
1877,36658067,Surname_1877,541,France,Female,59.0,8,40319.3991868965,2,1,0,51081.05180398158,1
1878,85452920,Surname_1878,731,Germany,Male,43.0,8,12434.94774751086,1,1,1,141549.51860510648,1
1879,10472329,Surname_1879,807,Germany,Female,39.0,8,165443.79609866784,3,0,1,139193.0462497708,0
1880,30249995,Surname_1880,802,Germany,Male,32.0,4,5895.583289486444,1,0,0,108430.27270751292,0
1881,38878272,Surname_1881,373,Germany,Female,55.0,8,198504.2550541417,3,0,1,15311.738083790207,1
1882,73540733,Surname_1882,471,France,Male,50.0,9,9307.06621780561,2,0,0,137478.1639785015,1
1883,85325328,Surname_1883,679,France,Female,46.0,7,138166.26493203372,3,1,0,52681.021286837626,1
1884,65487770,Surname_1884,719,Spain,Male,21.0,4,148800.14142355628,2,1,0,127601.6206219592,0
1885,35795726,Surname_1885,705,Germany,Female,36.0,5,149491.55005981098,2,0,1,144263.20500325592,0
1886,30300650,Surname_1886,747,France,Male,42.0,1,194767.82662749063,2,1,0,66721.39587223608,0
1887,21597286,Surname_1887,371,Germany,Male,44.0,8,225902.4151296107,1,1,0,62836.32712385756,1
1888,29524046,Surname_1888,467,Spain,Female,51.0,9,52107.392091297974,1,1,1,37927.65592360964,1
1889,44313446,Surname_1889,823,France,Female,59.0,4,246751.93131591892,3,1,1,142016.75991180041,0
1890,84326368,Surname_1890,390,Spain,Female,28.0,2,68771.8315956953,2,0,1,63536.17671661862,0
1891,64214788,Surname_1891,350,Spain,Male,51.0,5,105603.04897697215,3,0,1,10152.917571777569,1
1892,46895227,Surname_1892,780,Spain,Female,48.0,1,184653.60055178028,4,1,0,59978.99989234398,1
1893,15076119,Surname_1893,431,Spain,Male,52.0,3,91320.7076464905,3,1,1,53626.89141486503,1
1894,47462090,Surname_1894,624,Germany,Male,21.0,9,27455.72174581201,3,1,1,130992.22272078837,0
1895,75176156,Surname_1895,571,Germany,Male,38.0,4,3683.347286059513,1,0,0,38235.695224172,0
1896,47928811,Surname_1896,521,Spain,Male,41.0,1,246045.54217136273,4,0,1,123199.96982320608,0
1897,72623780,Surname_1897,797,France,Female,18.0,0,205675.68853195853,3,1,0,116581.90892077534,0
1898,78894090,Surname_1898,537,France,Female,21.0,4,9949.902109803426,2,0,0,43749.03246198372,1
1899,57480331,Surname_1899,663,France,Female,29.0,1,102726.823605449,2,1,1,54198.00712758373,1
1900,20349321,Surname_1900,472,Germany,Male,40.0,2,131544.97039242843,2,0,1,103991.63443714919,1
1901,38482910,Surname_1901,715,Germany,Female,45.0,7,14557.853032728108,1,1,1,17382.234216900266,0
1902,11525121,Surname_1902,362,Germany,Male,47.0,3,183707.71885886774,4,0,1,127292.97771668606,1
1903,93446798,Surname_1903,744,France,Female,27.0,3,139681.77167481137,4,1,1,44498.926714585716,0
1904,85685404,Surname_1904,804,France,Female,38.0,4,37443.561962346634,1,0,0,60947.59955736178,0
1905,46047178,Surname_1905,571,Spain,Female,51.0,8,181071.19537294612,4,0,0,80714.59428934498,0
1906,77589818,Surname_1906,536,Germany,Male,19.0,7,26314.12087358495,2,1,0,108983.49256317555,0
1907,42691331,Surname_1907,591,Germany,Female,23.0,5,177972.6767239823,2,0,0,113286.84655859825,0
1908,54350584,Surname_1908,364,Spain,Female,41.0,1,64181.781936742984,2,0,1,124659.90916502159,0
1909,43955702,Surname_1909,642,France,Male,20.0,3,36961.14960118102,4,1,1,133553.2566985064,1
1910,59329044,Surname_1910,654,Germany,Male,48.0,7,123335.11362461447,3,0,0,98551.93981399293,1
1911,74075037,Surname_1911,643,France,Male,22.0,5,44775.16615552554,3,1,1,23402.38264444034,1
1912,91016682,Surname_1912,451,Germany,Male,56.0,6,131400.73362798453,4,1,0,109622.32757721817,1
1913,44136521,Surname_1913,634,France,Male,24.0,5,37680.87083415531,2,1,1,22998.643140403845,1
1914,57041835,Surname_1914,393,Spain,Male,26.0,7,28323.879641866446,1,0,1,59312.50362268899,1
1915,10860757,Surname_1915,692,France,Female,26.0,2,69307.40408090738,1,0,0,27383.643341264993,1
1916,48626484,Surname_1916,487,Spain,Female,27.0,1,96493.29991040584,4,0,0,34736.068681574216,1
1917,84754725,Surname_1917,497,Spain,Male,50.0,9,124009.47405517435,1,1,0,25787.069873177745,0
1918,90881894,Surname_1918,411,Spain,Female,19.0,9,102850.9963633536,4,0,0,88717.270653215,0
1919,53366581,Surname_1919,838,France,Male,30.0,1,118414.47840893581,3,1,1,91322.64819811114,1
1920,96836459,Surname_1920,566,Germany,Female,33.0,3,77352.61265836304,1,0,1,75191.8446779857,0
1921,50364916,Surname_1921,575,Germany,Female,21.0,7,241910.93356024884,3,0,0,146202.02745919736,1
1922,55114093,Surname_1922,664,Spain,Male,54.0,4,97885.56105104653,1,1,0,75633.89861105816,1
1923,88771013,Surname_1923,503,Germany,Male,36.0,5,234497.65315565985,2,1,0,68199.43200543599,1
1924,32293077,Surname_1924,495,Germany,Female,22.0,5,213377.9557985556,3,1,1,144165.20321488834,0
1925,73758060,Surname_1925,818,Germany,Male,55.0,3,150562.99979475868,3,1,0,28535.305464949153,0
1926,24741272,Surname_1926,707,Germany,Male,19.0,7,143387.64900292913,3,0,0,127820.89928585653,0
1927,86168546,Surname_1927,475,France,Male,40.0,4,180636.2531267376,1,1,1,142314.8749316964,1
1928,50960912,Surname_1928,548,France,Female,28.0,1,119602.55821766116,3,0,1,65395.43530912322,1
1929,64553821,Surname_1929,362,Germany,Male,33.0,7,63417.21735297953,4,1,1,30916.442794268503,1
1930,39906559,Surname_1930,757,France,Male,47.0,2,104449.8851809431,1,0,1,15980.735940477814,0
1931,77332391,Surname_1931,368,Germany,Female,45.0,6,68579.40408942148,2,0,0,90121.23460163643,0
1932,49631581,Surname_1932,716,Spain,Female,48.0,7,175172.01271098564,3,0,1,130064.58130258461,0
1933,34323700,Surname_1933,718,Spain,Male,48.0,6,122198.51055974071,4,1,1,38290.689231197626,0
1934,44233979,Surname_1934,365,France,Male,37.0,8,240584.39221794257,2,0,1,115888.36758065058,1
1935,40223867,Surname_1935,396,Spain,Male,58.0,6,161745.30505760197,4,0,0,105544.46705638352,0
1936,23296607,Surname_1936,357,Germany,Male,28.0,9,42193.05847957611,3,0,0,14097.637617308566,1
1937,16655354,Surname_1937,403,France,Female,52.0,3,131886.71447641443,1,1,0,107982.66554833813,0
1938,19896770,Surname_1938,753,Germany,Male,27.0,0,162736.57779255984,3,0,0,98040.22659702375,0
1939,84307983,Surname_1939,523,Spain,Male,54.0,1,247806.79816064192,4,1,0,138498.2898533282,0
1940,92810159,Surname_1940,694,Spain,Female,23.0,6,122809.62603461473,1,1,0,114438.58385593805,0
1941,80280219,Surname_1941,363,Spain,Female,50.0,4,189114.8248760867,2,1,0,95176.18532748744,0
1942,71742667,Surname_1942,385,Spain,Female,51.0,3,106624.82150174881,4,1,0,60007.78798515382,1
1943,15132063,Surname_1943,730,Germany,Male,56.0,9,249489.9277950517,1,0,1,12646.950447225836,1
1944,94205337,Surname_1944,363,Spain,Female,44.0,4,198040.9666054785,2,0,0,66799.66120846734,1
1945,81405843,Surname_1945,522,France,Male,54.0,3,234722.72177750268,4,0,1,29809.203306491552,1
1946,23094983,Surname_1946,766,Germany,,32.0,7,237419.75264632254,2,0,0,82685.08827332761,1
1947,26791667,Surname_1947,820,France,Male,49.0,8,237228.1461550473,3,1,0,83473.37548406978,1
1948,18119024,Surname_1948,352,France,Female,25.0,2,26248.734055950186,3,1,0,86602.62771339586,0
1949,33465568,Surname_1949,815,Germany,Male,31.0,1,230336.66330024807,3,1,1,111835.47927652657,1
1950,77122152,Surname_1950,573,Germany,Female,19.0,7,88450.02986228303,4,0,0,133830.1364231869,0
1951,84991526,Surname_1951,808,Spain,Female,43.0,8,173418.10751824174,3,1,1,67511.99859616719,0
1952,52798444,Surname_1952,664,Germany,Female,21.0,5,100319.10237209826,3,1,0,116849.51664914945,1
1953,51669841,Surname_1953,438,France,Male,46.0,4,145849.8811323073,1,0,0,62823.25303364043,0
1954,95795584,Surname_1954,735,Spain,Male,26.0,4,165576.92963695774,3,0,0,34316.38109936185,0
1955,40154047,Surname_1955,376,France,Female,58.0,3,86499.15615392753,4,1,0,102609.79353354419,1
1956,87802760,Surname_1956,532,Spain,Male,52.0,7,238001.22272732024,2,0,0,148443.69239094606,0
1957,88859836,Surname_1957,752,Germany,Male,59.0,9,76603.23647086135,3,1,1,40217.66638664817,1
1958,70862566,Surname_1958,461,Germany,Female,36.0,5,242392.17908610005,4,1,0,59925.21050656143,1
1959,58402100,Surname_1959,561,Germany,Male,42.0,0,227469.54270874622,4,0,1,105735.70097953496,0
1960,68951318,Surname_1960,660,France,Male,31.0,4,198621.0251114266,4,1,1,16278.849431896695,1
1961,83925551,Surname_1961,690,Spain,Male,41.0,9,112383.52326925333,4,0,1,119257.78819377505,1
1962,67778687,Surname_1962,822,Germany,Male,25.0,9,194484.91485197234,2,0,0,97979.4651166985,1
1963,27016917,Surname_1963,378,Spain,Male,38.0,6,101303.34521982423,4,1,0,141606.06445139853,1
1964,11999317,Surname_1964,390,France,Female,45.0,6,240425.39431798997,1,0,0,61628.35815180667,0
1965,62153005,Surname_1965,523,Germany,,51.0,1,185140.53816269847,4,1,1,119792.5645651681,1
1966,33425120,Surname_1966,607,Germany,Female,44.0,7,234004.2098007172,2,1,0,25404.58926209595,1
1967,26376362,Surname_1967,750,Spain,Female,56.0,8,102438.71493135675,3,1,1,60201.51761592833,1
1968,29466511,Surname_1968,446,Spain,Male,28.0,8,44826.72974807539,2,1,1,96786.64745006364,0
1969,89474218,Surname_1969,580,Spain,Male,30.0,3,182127.53855832078,1,0,1,65309.92783168362,0
1970,59044284,Surname_1970,561,Germany,Female,24.0,5,196559.2753580267,4,0,1,43231.04621102565,1
1971,24272738,Surname_1971,513,France,Female,43.0,9,205675.9583657,3,0,1,73317.81718469769,0
1972,34495724,Surname_1972,845,Germany,Female,57.0,5,238282.96341158464,1,1,0,54991.742441105846,1
1973,86752185,Surname_1973,360,Germany,Female,41.0,3,2183.5659090055915,4,0,1,110701.33437849936,0
1974,90204071,Surname_1974,817,France,Female,55.0,5,121208.5776737394,3,1,0,144527.03308931942,1
1975,15628505,Surname_1975,796,Germany,Male,22.0,0,76499.76213656545,2,0,0,105900.86183229412,1
1976,39563462,Surname_1976,492,France,Female,28.0,6,46131.95334960962,1,0,0,66882.1835273058,1
1977,87324704,Surname_1977,596,France,Female,36.0,4,41443.27777104534,2,0,0,60945.2595465415,0
1978,78715396,Surname_1978,421,Germany,Female,27.0,4,67543.63381235246,4,0,1,57185.972365492424,1
1979,70834197,Surname_1979,638,Spain,Male,38.0,5,228130.5099841949,2,1,1,81841.42824285783,0
1980,91758895,Surname_1980,457,France,Female,37.0,1,117760.58738277509,1,0,1,108561.57430954083,0
1981,92919873,Surname_1981,785,Germany,Female,19.0,0,230656.66380305873,1,0,1,36719.82251737738,1
1982,20444709,Surname_1982,443,Spain,Male,42.0,6,95364.61744022167,3,0,0,81594.99108552872,1
1983,32600128,Surname_1983,574,Spain,Male,50.0,8,91402.9313642079,3,0,1,21588.009024258907,1
1984,70954469,Surname_1984,841,France,Male,44.0,4,151710.93559368438,4,1,0,126231.980040944,1
1985,85356191,Surname_1985,645,Germany,Female,41.0,1,67959.70152022867,1,0,0,134055.88099729945,1
1986,11870076,Surname_1986,800,Spain,Female,53.0,9,55546.86166623277,4,1,0,106164.12811089469,1
1987,56073243,Surname_1987,642,Germany,Female,52.0,8,84383.16690135971,3,1,0,118024.6194527731,0
1988,37299673,Surname_1988,665,France,Male,20.0,6,30470.97816937919,3,0,1,30589.177261432473,1
1989,99530418,Surname_1989,777,Spain,Male,33.0,3,25231.577733197257,3,1,0,45355.71719692444,1
1990,10148481,Surname_1990,482,Spain,Male,45.0,1,85552.2251291588,4,0,1,143477.89971292042,1
1991,46903401,Surname_1991,615,France,Female,39.0,9,215954.1979876243,3,0,0,42381.23271504021,1
1992,36703070,Surname_1992,477,Spain,Male,55.0,9,19177.789432883896,1,0,0,70230.04653971207,0
1993,99323087,Surname_1993,611,France,Male,26.0,4,117944.39251614112,1,0,0,129651.91370070798,1
1994,17180180,Surname_1994,545,France,Female,27.0,6,97468.63406485795,3,0,0,89326.89443471527,1
1995,50719468,Surname_1995,694,France,Male,26.0,2,59139.828218985305,2,0,1,124192.57129117017,1
1996,51298108,Surname_1996,443,France,Female,45.0,7,83476.77025065533,2,0,1,144837.1476890343,0
1997,13911491,Surname_1997,661,Spain,Female,47.0,9,152381.9884981474,1,0,1,133267.63909498352,1
1998,53840776,Surname_1998,738,France,Female,18.0,9,175532.87586071432,1,1,1,147737.54702099788,1
1999,59553651,Surname_1999,818,Spain,Male,18.0,6,135769.4222414535,3,0,0,121397.70765144979,1
2000,27212375,Surname_2000,568,Germany,Male,51.0,1,57871.63556892641,2,0,1,111147.87012732707,0
2001,31673263,Surname_2001,589,Germany,Female,19.0,2,120912.30124663783,3,1,1,145544.26103038952,0
2002,14874096,Surname_2002,732,Spain,Male,52.0,3,225147.69540133345,4,0,1,95357.43541712487,0
2003,44712392,Surname_2003,467,Spain,Female,31.0,4,213278.43377124428,2,0,0,110097.45132361716,0
2004,79171253,Surname_2004,656,Germany,Female,44.0,7,210962.91001191316,3,1,0,83887.56116426132,0
2005,16375310,Surname_2005,503,Germany,Female,39.0,1,231852.8949183449,3,0,1,78592.2919866879,0
2006,23018014,Surname_2006,568,Spain,Female,39.0,7,174872.9908876565,4,0,1,120067.75586289118,1
2007,97060196,Surname_2007,653,France,,39.0,6,142602.64383229704,4,1,1,104063.79834999912,0
2008,53174713,Surname_2008,467,France,Female,46.0,9,146804.07066886668,3,0,1,142770.13580849094,1
2009,87161511,Surname_2009,564,Spain,Male,35.0,4,20280.473138923866,1,1,0,61197.21696008901,1
2010,26927341,Surname_2010,625,Germany,Male,22.0,4,75823.30633815266,1,0,1,104460.66932382513,0
2011,33968297,Surname_2011,506,Spain,Female,41.0,9,177012.2200072747,3,0,1,143952.53085088203,0
2012,57603067,Surname_2012,661,Spain,Female,20.0,9,48744.03494873583,4,0,1,44786.23978660872,1
2013,60516959,Surname_2013,686,Spain,Female,30.0,8,232579.60403642137,1,0,1,121880.87087351247,0
2014,13350887,Surname_2014,409,France,Female,51.0,3,32979.65180578474,1,0,0,115877.593950386,1
2015,81495108,Surname_2015,791,Spain,Male,24.0,1,31078.823417834523,2,0,1,25195.331013099487,0
2016,90954935,Surname_2016,769,France,Female,42.0,8,165671.15529401353,4,1,1,65816.14475852174,1
2017,40019666,Surname_2017,835,Germany,Female,24.0,4,240773.6603828494,1,0,0,42046.05746973632,0
2018,70092481,Surname_2018,843,Spain,Female,54.0,0,107523.26026924633,4,1,1,41467.80838583535,0
2019,31890387,Surname_2019,849,Germany,Male,21.0,0,165688.04074259565,3,1,1,101264.81078863688,1
2020,20543078,Surname_2020,833,Germany,Male,47.0,1,59722.96059804519,3,1,1,81295.06931130128,1
2021,41875049,Surname_2021,830,Germany,Male,19.0,7,113900.66417138526,3,1,0,134997.4792933722,1
2022,23620014,Surname_2022,813,France,Female,41.0,0,25358.683577893004,2,1,1,87240.3891453485,1
2023,59157374,Surname_2023,675,Germany,Female,51.0,9,100977.80483728627,4,0,1,86132.45771521906,0
2024,33719375,Surname_2024,838,France,Male,28.0,2,63122.57589521483,4,1,0,118629.29920014652,1
2025,97532552,Surname_2025,498,Germany,Female,24.0,0,50813.423783656915,1,1,1,21787.198484878485,0
2026,39670396,Surname_2026,363,France,Female,28.0,8,35903.48092668205,4,1,1,125425.39451708081,1
2027,86350544,Surname_2027,710,Spain,Male,18.0,1,226500.4210467567,4,0,0,90927.7873714782,1
2028,60867274,Surname_2028,670,Germany,Female,55.0,7,139702.85737210975,1,1,0,99731.39948195171,1
2029,52854651,Surname_2029,364,Germany,Female,42.0,8,48165.23294473629,1,0,1,12762.969827606477,0
2030,47447374,Surname_2030,445,Germany,Male,37.0,1,197091.86272445248,2,0,0,74208.98034493934,1
2031,34285187,Surname_2031,753,Germany,Male,42.0,3,26907.66721807511,3,0,0,40531.837010923016,1
2032,23510080,Surname_2032,692,Germany,Male,48.0,0,131043.5822894487,1,1,0,86784.60482727896,1
2033,62966235,Surname_2033,840,Germany,Male,52.0,4,239820.61178941748,3,1,1,92816.17229364952,1
2034,98968705,Surname_2034,595,Spain,Female,38.0,8,192664.89787971607,2,0,0,122212.5539441026,0
2035,54791844,Surname_2035,527,Spain,Male,47.0,0,73850.3455380821,4,1,0,43624.817421506305,1
2036,67946560,Surname_2036,589,Spain,Male,19.0,0,14861.002205146246,1,1,1,103884.1700435468,0
2037,27001151,Surname_2037,680,Germany,Male,18.0,1,129949.86082343005,3,0,0,13499.070028395772,1
2038,48462804,Surname_2038,564,France,Male,29.0,4,111811.8839149554,3,0,0,17281.72115768034,1
2039,33392145,Surname_2039,660,Germany,Male,41.0,5,111673.86074977843,4,1,1,136479.13109913561,1
2040,65544315,Surname_2040,581,Germany,Male,40.0,1,37843.04546144404,1,1,0,132970.17135377202,0
2041,68737011,Surname_2041,644,Germany,Female,44.0,2,223481.6362677031,4,0,1,38108.807447792155,0
2042,69642613,Surname_2042,468,France,Male,58.0,0,130637.15484560096,3,0,1,111721.26111208323,0
2043,94369632,Surname_2043,647,Spain,Female,39.0,4,95821.05441386535,4,1,0,14155.098691089463,0
2044,24160253,Surname_2044,512,Spain,Female,30.0,7,35450.63687973754,1,0,0,132191.43617170284,1
2045,75241822,Surname_2045,621,France,Male,57.0,1,14481.533611061526,4,1,1,140775.0502033158,0
2046,60443422,Surname_2046,420,Germany,Male,43.0,1,162414.64076969554,2,1,0,57911.13133916944,1
2047,84619906,Surname_2047,413,Germany,Female,31.0,8,107226.27403656823,1,0,1,56098.21966160965,0
2048,63815745,Surname_2048,422,Spain,Male,31.0,7,26164.743560846,2,0,1,94637.77894217799,0
2049,50583217,Surname_2049,467,France,Male,39.0,7,180170.1070713531,2,1,0,93165.4642673256,0
2050,96062859,Surname_2050,767,France,,37.0,8,157880.92316933416,2,0,1,15846.799260054657,1
2051,32469524,Surname_2051,691,Germany,Female,21.0,9,60667.246358150354,1,1,0,125950.57303989452,0
2052,94583472,Surname_2052,791,Spain,Male,19.0,5,3932.0756464971682,3,0,1,145255.10838804377,1
2053,99210328,Surname_2053,585,Germany,Male,40.0,2,169286.3987786932,3,0,1,87006.24995222517,1
2054,47067521,Surname_2054,394,Spain,Male,19.0,9,148343.8974530561,3,0,0,22324.856996699447,1
2055,30852591,Surname_2055,772,France,Female,41.0,5,224355.00804984558,3,0,0,21728.845968138274,0
2056,26170692,Surname_2056,511,Spain,Female,21.0,1,141469.2001845161,4,1,1,34696.9656660254,1
2057,78270454,Surname_2057,428,Spain,Female,43.0,8,227184.34207343933,3,0,0,117342.72118132711,0
2058,32713171,Surname_2058,762,Germany,Female,46.0,7,229350.82849289454,3,1,0,100421.30946624978,0
2059,10379572,Surname_2059,624,France,Female,50.0,1,8446.333704035718,2,0,1,41361.812566020046,0
2060,97587676,Surname_2060,773,Spain,Male,43.0,2,29533.08079267014,2,0,1,63010.60536746321,1
2061,52848999,Surname_2061,464,Germany,Male,21.0,9,198112.50818414014,1,0,1,123376.729002088,0
2062,67954343,Surname_2062,487,Germany,Male,54.0,9,117022.79552542782,2,0,1,22845.68532726304,1
2063,21969807,Surname_2063,609,Spain,Female,39.0,2,229467.64945206835,1,1,0,138430.26057866134,0
2064,86556038,Surname_2064,468,Germany,,40.0,5,154165.83128212838,2,1,1,117348.85622150046,0
2065,76265654,Surname_2065,706,Spain,Female,33.0,8,110518.39982795891,4,1,0,140117.3816346886,0
2066,49175316,Surname_2066,726,Spain,Male,50.0,7,230772.3656128967,4,0,0,17909.684479768574,1
2067,67777984,Surname_2067,489,France,Female,59.0,4,47954.22411142355,3,0,0,95680.54465389637,1
2068,82982359,Surname_2068,587,France,Female,28.0,5,90302.0759868478,4,1,0,96361.80268124299,0
2069,67917958,Surname_2069,421,France,Female,40.0,3,156642.1018901809,1,1,1,79271.20019621946,0
2070,98876208,Surname_2070,660,Spain,Male,55.0,2,101321.47033287302,2,0,1,37323.59916775135,0
2071,73688519,Surname_2071,610,Germany,Female,25.0,0,55014.30472868932,4,1,0,41005.35806962784,1
2072,33170227,Surname_2072,412,Spain,Male,18.0,6,45211.56258783493,4,0,0,80493.90389226419,0
2073,60288674,Surname_2073,418,Germany,Female,22.0,4,30796.96551066857,4,1,1,126817.11640680519,0
2074,56100530,Surname_2074,792,France,Female,22.0,3,78421.40207181059,4,0,1,37364.12326978624,0
2075,66378164,Surname_2075,663,Germany,Male,32.0,0,59693.97977682672,4,0,1,46250.5132492708,0
2076,15225994,Surname_2076,714,France,Female,45.0,0,202186.87647158472,1,1,1,122447.05470526649,1
2077,53364764,Surname_2077,766,Spain,Female,40.0,2,240877.52873716832,4,1,0,138564.0133631338,0
2078,11317661,Surname_2078,809,France,Male,18.0,8,75460.58436757288,4,1,0,17987.71891543611,0
2079,61096880,Surname_2079,730,Germany,Female,51.0,5,53484.41905382692,3,1,1,28032.251854932427,1
2080,60241497,Surname_2080,831,Germany,Female,32.0,1,4740.369769771408,1,1,0,102074.99567911416,1
2081,14075001,Surname_2081,485,Spain,Female,33.0,0,238826.87689236272,3,1,1,81631.35814583141,1
2082,57024469,Surname_2082,372,Germany,Male,59.0,8,39571.291243821805,3,1,1,64895.69286789235,0
2083,56949674,Surname_2083,716,Germany,Female,46.0,6,214248.09022409888,4,0,0,138783.13292056252,0
2084,52207875,Surname_2084,827,Spain,Male,34.0,7,244914.51614592574,4,0,0,139946.31940262832,1
2085,77770559,Surname_2085,838,Spain,Female,22.0,2,193323.2387824879,2,0,1,59318.29400495507,0
2086,75912092,Surname_2086,607,France,Male,53.0,9,166541.16371517026,2,0,1,144316.19518780807,1
2087,65154540,Surname_2087,793,France,Female,53.0,0,228974.55549484302,2,0,0,113284.18183923698,1
2088,12086256,Surname_2088,741,France,Male,22.0,4,144954.45627435014,3,1,1,103637.56766608772,1
2089,58266063,Surname_2089,799,Spain,Male,40.0,6,84233.36527641279,3,0,1,102950.72551014324,1
2090,92850257,Surname_2090,526,Germany,Female,44.0,3,114997.50927214939,2,0,0,36712.91043938666,1
2091,39312893,Surname_2091,527,France,Female,35.0,2,232478.0810301875,1,0,0,149557.21656616358,1
2092,32819538,Surname_2092,547,France,Male,27.0,0,42777.57317280953,3,0,1,64928.252043188775,0
2093,33140716,Surname_2093,486,Spain,Male,49.0,1,147189.73476409126,4,1,0,96240.25271930963,1
2094,76895274,Surname_2094,422,Spain,Female,21.0,1,78518.8960412729,3,0,1,111876.13936485232,0
2095,76006128,Surname_2095,744,France,Male,57.0,1,14865.727253182831,2,0,0,144614.10885721902,1
2096,59929208,Surname_2096,462,Germany,Female,19.0,7,41030.630644220524,2,0,0,138461.02655607456,1
2097,32176920,Surname_2097,497,Spain,Female,36.0,2,43535.9872673039,4,0,1,106755.61863525286,1
2098,91851959,Surname_2098,533,France,Female,50.0,2,22456.84011676277,2,0,1,15487.186802180167,1
2099,42258741,Surname_2099,583,Germany,Female,49.0,8,238956.06141248203,3,0,0,42905.22328421811,1
2100,56734136,Surname_2100,666,Germany,Female,56.0,0,76581.55074647779,4,0,0,100109.34057015245,0
2101,49674524,Surname_2101,355,Germany,Male,50.0,2,214015.18991044324,4,1,1,73788.02824314976,0
2102,51669272,Surname_2102,492,Spain,Male,44.0,8,54022.81107583412,4,0,0,45910.505952600695,0
2103,60404295,Surname_2103,696,Germany,Female,38.0,8,179419.2961500029,4,0,1,82798.95813979152,1
2104,19655708,Surname_2104,449,Spain,Male,38.0,1,54277.67951638002,3,0,1,146856.34600752094,1
2105,37604624,Surname_2105,625,France,Male,54.0,6,221555.7667830793,3,1,1,71772.14452785879,0
2106,72473279,Surname_2106,539,Spain,Male,42.0,8,55883.84231029892,3,1,1,73617.04444583223,0
2107,27356907,Surname_2107,726,France,Male,54.0,7,167630.53275933952,4,1,0,34024.32221303732,1
2108,63927301,Surname_2108,717,France,Male,54.0,7,94771.38456923673,2,0,0,53532.365598599165,0
2109,98536864,Surname_2109,662,Germany,Female,38.0,3,215095.88303207356,1,1,0,37939.88008376334,0
2110,24006684,Surname_2110,437,Spain,Male,23.0,7,68324.58849092184,1,0,0,119262.08865249726,0
2111,74356732,Surname_2111,453,France,Male,57.0,6,71562.16895204448,4,0,0,131269.85759043958,0
2112,39531595,Surname_2112,478,France,Female,40.0,0,187513.30289020122,4,1,0,131260.01072749577,1
2113,83736751,Surname_2113,434,Spain,Female,21.0,4,88805.27668906421,1,1,1,99044.40676488566,0
2114,10995096,Surname_2114,473,France,Female,45.0,3,48626.252430904126,2,1,1,30919.443572830998,1
2115,45732700,Surname_2115,790,Spain,,19.0,8,140455.1889176531,1,0,0,31290.84365802933,1
2116,58174041,Surname_2116,798,France,Male,46.0,1,21396.647702698225,1,1,0,123330.12946217919,1
2117,98807616,Surname_2117,655,Germany,Male,32.0,2,116279.34847173463,4,1,1,53874.25425615874,1
2118,62447783,Surname_2118,374,Spain,Female,39.0,1,173749.73597638903,2,0,0,128037.80675874362,1
2119,16830546,Surname_2119,493,Germany,Male,50.0,6,87161.29406910439,3,0,0,66442.04967834069,1
2120,67545842,Surname_2120,505,France,Female,32.0,7,217968.55287194878,1,0,0,38296.98695516684,1
2121,92332734,Surname_2121,462,France,Female,24.0,9,185431.92312872145,3,0,1,133405.2935959621,1
2122,85381561,Surname_2122,721,Spain,Female,49.0,1,239249.26109120075,2,0,0,77053.77260103832,0
2123,42198138,Surname_2123,728,France,Male,50.0,9,90487.8861155731,4,0,0,137559.504273294,1
2124,56232654,Surname_2124,820,Germany,Female,21.0,5,242190.10131489646,1,1,0,137056.03688964772,1
2125,22873879,Surname_2125,739,Germany,Male,24.0,0,123289.0272879767,1,0,0,29080.075730253324,0
2126,14396113,Surname_2126,843,Germany,Female,53.0,1,100798.9781244844,2,0,0,104756.5071587002,1
2127,91766168,Surname_2127,516,Spain,Female,52.0,9,170853.06240663046,1,0,0,89496.68474672418,1
2128,61592698,Surname_2128,441,France,Female,36.0,8,97115.97939310074,3,0,0,69545.95148573877,0
2129,59172349,Surname_2129,390,Germany,Female,18.0,5,151570.48934644315,3,1,1,113765.4033031737,1
2130,99024884,Surname_2130,744,Spain,Female,36.0,1,217480.73717229848,4,0,1,142697.78750196964,1
2131,28325762,Surname_2131,595,Spain,Female,58.0,6,122546.68529670253,2,1,1,106059.46866867237,0
2132,12215258,Surname_2132,673,Spain,Male,38.0,1,6343.807080601005,4,0,1,66263.07111918254,0
2133,97968517,Surname_2133,820,Germany,Male,54.0,9,116485.16301985673,3,0,1,25020.37449043173,1
2134,87428580,Surname_2134,827,France,Female,21.0,5,213358.87157761556,1,1,1,43332.51938929686,1
2135,69494430,Surname_2135,691,France,Male,42.0,9,244724.01108954113,2,1,0,39818.847637359926,1
2136,64086402,Surname_2136,698,Germany,Female,19.0,8,193601.72658654716,3,0,0,90007.00277769327,1
2137,92170106,Surname_2137,424,Germany,Male,50.0,0,91881.49023993924,1,0,0,74109.45448847281,1
2138,63987956,Surname_2138,362,France,,19.0,8,246385.70479512695,3,1,0,149609.7336911298,0
2139,71863119,Surname_2139,462,France,Female,56.0,7,217009.05447135554,3,1,0,137151.66006182227,0
2140,43881509,Surname_2140,551,France,Female,55.0,8,76669.79669897053,3,0,0,49729.306909369676,0
2141,90255409,Surname_2141,379,Spain,Male,50.0,9,177666.0952812612,2,0,1,74691.06881684196,1
2142,49718856,Surname_2142,360,Spain,Male,31.0,3,75501.03148403516,4,1,0,127007.10029781549,0
2143,85394314,Surname_2143,725,Spain,Male,22.0,4,208297.1871325341,3,0,0,52565.59345701619,1
2144,88246589,Surname_2144,627,France,Female,24.0,8,223224.55365974497,3,1,0,124920.0340878686,0
2145,63122639,Surname_2145,785,Spain,Male,47.0,1,201260.3828020712,1,0,0,35949.666589999615,0
2146,21925439,Surname_2146,704,Germany,Male,48.0,8,103925.13305168801,2,1,0,140336.1106546041,0
2147,41045750,Surname_2147,775,Spain,,31.0,6,144296.7357862894,1,0,1,59114.28118607104,0
2148,71291982,Surname_2148,421,Spain,Male,56.0,9,15573.34374668598,1,1,0,59818.30666514797,1
2149,31726303,Surname_2149,622,France,Male,41.0,8,217267.83641376652,1,1,1,17857.582551321622,0
2150,48252098,Surname_2150,609,France,Female,37.0,9,188024.44419593574,4,1,0,53240.120704639536,0
2151,62642070,Surname_2151,415,Germany,Female,40.0,4,53803.970824122334,4,0,1,11750.69166280359,1
2152,61414648,Surname_2152,525,Spain,Female,40.0,1,184361.624554346,4,0,0,131533.36916271455,0
2153,10936740,Surname_2153,629,France,Female,52.0,5,109406.42289496353,2,1,0,29001.990634786966,1
2154,80313828,Surname_2154,491,Germany,Female,56.0,1,12316.64598596849,4,1,0,105604.70702447253,1
2155,57571327,Surname_2155,521,France,Male,19.0,0,95934.17583515962,1,0,0,54821.16496557199,1
2156,82493870,Surname_2156,377,France,Male,47.0,9,185832.1064729142,4,1,0,40395.43546857078,0
2157,61543648,Surname_2157,560,Germany,Female,53.0,6,87153.85237036883,1,0,0,126558.03690588636,1
2158,46198204,Surname_2158,384,France,Male,30.0,4,4384.010621724444,4,1,0,92472.84192685859,0
2159,37478506,Surname_2159,775,France,Male,58.0,7,129286.39553139776,4,1,0,77105.9444369403,0
2160,51774243,Surname_2160,607,Germany,Male,40.0,6,25180.625764739616,4,0,1,30436.1973231796,0
2161,35022720,Surname_2161,788,France,Female,21.0,2,75622.1309520177,1,0,1,76515.34159914823,1
2162,35219063,Surname_2162,390,France,Female,25.0,2,159933.41728542093,1,0,0,85036.68042606182,0
2163,14903860,Surname_2163,557,France,Female,42.0,1,37982.80259827838,3,1,0,93165.42169710061,1
2164,75488165,Surname_2164,791,France,Female,55.0,8,1692.2891887802828,3,1,0,73781.48954244159,0
2165,17590464,Surname_2165,743,Spain,Male,58.0,9,168657.88495542028,3,1,0,45237.30292978881,1
2166,44882303,Surname_2166,426,Germany,,36.0,8,131894.3407657319,3,0,0,103621.7515638972,0
2167,58367466,Surname_2167,519,France,Female,43.0,7,204710.21860565923,1,1,0,120576.51839834667,1
2168,42591432,Surname_2168,477,Germany,Female,33.0,1,36055.38520761506,4,0,0,115164.33593951458,0
2169,29474947,Surname_2169,523,Spain,Male,43.0,9,84276.81416183674,3,1,1,19941.198206450295,0
2170,89120349,Surname_2170,523,France,Male,40.0,7,151738.75641475106,1,1,1,146877.85065277579,0
2171,44299503,Surname_2171,683,France,Male,24.0,9,93107.88304819587,4,1,0,40031.725327594155,0
2172,80213580,Surname_2172,663,Spain,Male,27.0,4,70589.27351996364,2,1,1,45979.720400264894,1
2173,59670068,Surname_2173,583,France,Male,20.0,9,196588.5427264944,2,0,1,137492.92316286516,1
2174,79758636,Surname_2174,755,Germany,Male,20.0,2,27849.205778168547,3,0,1,130796.84686762284,1
2175,68367220,Surname_2175,454,Spain,Female,58.0,6,84339.82865205547,2,1,0,146861.64157996906,0
2176,61032585,Surname_2176,470,Germany,Female,41.0,1,90748.9727972726,4,0,0,84872.77495893638,1
2177,26096077,Surname_2177,793,Spain,Female,59.0,9,209025.4286803705,3,0,1,102666.6931218005,1
2178,82113136,Surname_2178,774,France,Male,42.0,2,12336.446514562032,2,1,1,146092.39010475416,0
2179,41353820,Surname_2179,432,Germany,Male,31.0,5,114056.99729718408,2,1,1,56740.25837169688,1
2180,46302599,Surname_2180,636,France,Female,38.0,3,218142.4945645282,2,0,1,141855.61013451917,1
2181,24218433,Surname_2181,661,France,Male,45.0,2,68306.10377295368,2,1,1,63806.38962849173,0
2182,31948839,Surname_2182,623,Germany,Female,36.0,2,46297.16949584745,2,0,1,39713.79184019204,1
2183,88075115,Surname_2183,735,Spain,Male,47.0,3,42504.020097183544,3,0,0,94726.44339072949,0
2184,48563804,Surname_2184,417,France,Male,43.0,7,157379.03770401585,2,1,0,67729.275907359,1
2185,99506093,Surname_2185,708,Germany,Male,25.0,4,103364.26264382854,2,1,0,21240.355371132126,1
2186,17928304,Surname_2186,370,France,Female,54.0,2,7725.443281906774,4,0,0,137421.26354700985,0
2187,44460433,Surname_2187,532,Spain,Male,58.0,2,162983.95665020874,3,1,1,149534.87919896573,1
2188,30369841,Surname_2188,487,France,Male,25.0,4,52101.827797758735,3,1,1,126568.34424706943,0
2189,30531435,Surname_2189,759,France,,26.0,9,143209.10577516002,3,0,0,19066.849399105846,1
2190,91687361,Surname_2190,762,Germany,Male,32.0,5,245910.63740852074,2,1,0,102227.56954151514,1
2191,82021672,Surname_2191,829,France,Male,45.0,1,153413.3108727676,2,1,0,23695.860325562095,1
2192,12630952,Surname_2192,563,Spain,Male,48.0,3,197885.00664056404,1,1,1,125774.11296404629,0
2193,79232779,Surname_2193,770,Germany,Female,43.0,2,215307.64746849175,4,0,0,60189.370758148674,1
2194,14121663,Surname_2194,844,Spain,,18.0,2,230768.25173633377,4,0,1,23038.043780458924,0
2195,82519105,Surname_2195,492,Germany,Female,24.0,9,72494.96235957359,1,0,0,55918.34231692123,1
2196,91350379,Surname_2196,703,Germany,Male,40.0,3,16610.52274901023,2,0,1,132680.823034073,0
2197,68887868,Surname_2197,846,Germany,Male,44.0,7,225558.17062068358,2,1,1,108808.80675181778,1
2198,11321846,Surname_2198,628,Germany,Female,28.0,0,98565.14079369885,4,1,0,23286.06389356251,1
2199,31039742,Surname_2199,755,France,Male,47.0,0,59407.972777105824,3,0,1,95014.18925427983,0
2200,49010213,Surname_2200,775,Spain,Female,34.0,8,197025.3917911301,3,1,1,118568.46292045958,1
2201,98247509,Surname_2201,374,France,Female,45.0,9,79284.21211321307,1,1,0,55281.03010275738,1
2202,41065064,Surname_2202,771,Spain,Female,52.0,6,200771.48099433834,1,0,1,70509.82472920496,0
2203,40569629,Surname_2203,488,Spain,Male,33.0,6,55657.004585752096,2,0,0,32074.82491874857,0
2204,29808652,Surname_2204,373,Germany,Male,59.0,1,196039.19988525007,1,0,0,89793.35561258544,0
2205,62105789,Surname_2205,484,France,Male,55.0,9,46526.32801522688,1,1,1,60079.45075461876,1
2206,70582645,Surname_2206,619,Spain,Male,20.0,6,144145.8029679356,3,0,1,13384.463501874276,0
2207,38379985,Surname_2207,356,France,Male,22.0,1,214138.10578163626,4,0,0,56881.58510999218,0
2208,27063826,Surname_2208,843,France,Female,55.0,9,183346.98060687695,1,1,0,72393.61362532109,1
2209,15755683,Surname_2209,744,France,Female,22.0,6,43323.751574323025,4,0,1,101349.9571463916,0
2210,58708468,Surname_2210,827,France,Male,19.0,6,179630.47963379524,3,0,0,94631.99769894392,0
2211,41813200,Surname_2211,563,Spain,Female,18.0,9,4161.913568995535,4,0,0,12593.184024124306,1
2212,61169335,Surname_2212,414,France,Male,49.0,9,247852.3117191381,3,1,1,64209.964970594774,0
2213,22819763,Surname_2213,411,France,Male,28.0,9,101007.80956250743,1,1,1,145144.1406184611,1
2214,82792471,Surname_2214,373,Germany,Female,58.0,7,201137.2340399921,2,0,1,32841.66559951612,1
2215,90340877,Surname_2215,416,France,Male,23.0,8,81335.11832456008,3,0,0,127296.31598048942,1
2216,20535294,Surname_2216,783,France,,38.0,6,128666.76374307415,3,1,0,73358.32365924215,0
2217,44794405,Surname_2217,784,Spain,Female,49.0,4,137073.79089787614,3,0,0,91927.34208631516,1
2218,39214362,Surname_2218,427,Spain,Male,58.0,6,19888.984732028992,1,0,0,61327.98408285991,0
2219,93767726,Surname_2219,444,France,Male,58.0,6,53789.040446990926,4,0,1,118693.57131991719,1
2220,81342572,Surname_2220,595,Spain,Female,44.0,9,138449.7632654555,1,0,1,131750.36186767483,0
2221,69089934,Surname_2221,662,Germany,Male,28.0,4,1887.9388095656425,1,0,0,41863.21816558567,1
2222,81881055,Surname_2222,466,Germany,,55.0,6,57076.87028733402,4,1,1,35997.099663503555,1
2223,40713762,Surname_2223,552,France,Female,37.0,2,136292.86477822723,2,1,0,101450.3208122906,0
2224,73027338,Surname_2224,442,France,Male,34.0,9,61747.19529044862,4,1,0,106945.32151560586,1
2225,91194198,Surname_2225,513,Germany,Female,38.0,9,241788.8084302167,3,1,1,53776.978113543555,1
2226,96149829,Surname_2226,724,Germany,Female,51.0,1,52170.962981212266,4,1,1,21877.58251236454,0
2227,27660472,Surname_2227,612,France,Male,42.0,8,204542.21542922597,3,1,0,107224.3358153887,0
2228,24891922,Surname_2228,561,Germany,Male,57.0,4,108262.16425442997,1,0,0,50427.263463386385,0
2229,42706630,Surname_2229,838,Germany,Male,38.0,6,79656.04750175867,2,1,0,135260.18435197373,1
2230,90530170,Surname_2230,662,France,Female,24.0,8,170807.2572551568,1,0,0,44878.57412704742,0
2231,15443068,Surname_2231,350,Germany,Female,26.0,0,234418.46913978434,4,1,1,95626.71531962129,0
2232,94307536,Surname_2232,444,France,Female,47.0,5,188905.21108750853,2,0,1,42241.7773502676,0
2233,76223932,Surname_2233,455,France,Female,44.0,7,30639.457198313845,2,1,0,128686.91366489764,0
2234,74226096,Surname_2234,393,Germany,Female,59.0,5,37385.25248005836,3,1,1,117908.96358038756,1
2235,27027062,Surname_2235,536,Spain,Male,44.0,5,18094.47254021007,2,1,0,139886.26066693594,1
2236,78781369,Surname_2236,581,France,Male,26.0,6,104491.10206115605,2,1,1,14415.043711639626,0
2237,93636269,Surname_2237,768,Spain,Female,51.0,2,79677.6948345599,1,0,0,139988.5525250857,0
2238,86800288,Surname_2238,483,France,Female,51.0,6,71777.59568735014,3,1,1,137912.3971668166,1
2239,97030667,Surname_2239,461,Spain,Male,35.0,4,172119.6968120399,4,0,0,89775.04471719162,1
2240,10147872,Surname_2240,513,Spain,Male,25.0,1,230109.01345356592,4,1,0,76327.77394785309,1
2241,84035505,Surname_2241,437,France,Female,39.0,7,18701.707347771713,1,0,0,32061.12035586837,1
2242,91920384,Surname_2242,796,Spain,Female,25.0,6,46135.82139840436,4,1,0,14015.4848942524,0
2243,63127312,Surname_2243,849,France,Female,32.0,3,122591.63699325362,1,0,0,114746.29011272786,1
2244,88304746,Surname_2244,500,Germany,Male,55.0,1,129019.22257375914,3,1,0,71039.14729134165,0
2245,54779032,Surname_2245,417,Spain,,19.0,4,191251.67310085366,2,1,0,98213.74702921475,0
2246,76929302,Surname_2246,520,France,Female,33.0,1,44187.30650722344,1,0,0,27081.184463057652,0
2247,12314422,Surname_2247,750,Spain,Female,20.0,3,56120.50579754335,3,0,1,60771.22011811355,0
2248,45761469,Surname_2248,772,Germany,Female,49.0,3,101424.70786426213,4,0,0,53209.355596693786,0
2249,58165047,Surname_2249,581,France,Male,24.0,9,173234.8554137973,4,1,0,91238.16158440273,1
2250,21032166,Surname_2250,815,Spain,Female,31.0,3,117411.34475864013,2,0,1,29148.84294731607,0
2251,82439372,Surname_2251,375,Spain,Female,27.0,4,110404.73757569768,4,0,0,104420.38631956783,0
2252,76519464,Surname_2252,657,Spain,Male,23.0,9,148918.57508322134,1,1,1,68345.01146770941,0
2253,10313953,Surname_2253,838,France,,27.0,5,234149.9361334754,1,0,1,48876.44834470147,1
2254,24492275,Surname_2254,847,France,Male,40.0,3,25812.852267849852,2,0,1,22061.041267102304,0
2255,25410504,Surname_2255,629,France,Female,18.0,5,229774.21336570548,2,0,1,132624.58168198494,1
2256,74604170,Surname_2256,430,Spain,Female,22.0,6,122867.94814584647,1,0,1,90941.9415026773,0
2257,89203241,Surname_2257,469,France,Female,31.0,6,190420.9531284173,3,1,0,22073.070792824965,0
2258,62239758,Surname_2258,741,France,Female,26.0,7,209166.9709416651,1,0,0,66822.55507170179,0
2259,70528023,Surname_2259,474,France,Male,59.0,5,99085.20163983208,3,0,1,97734.14771681328,0
2260,91846600,Surname_2260,651,Spain,Male,36.0,7,60695.96956787024,1,0,1,28676.046760892525,1
2261,38896281,Surname_2261,484,Germany,Male,52.0,3,220686.4960606241,3,0,1,18034.407292243784,1
2262,76569346,Surname_2262,446,France,Female,57.0,3,117885.6501210471,3,0,0,102725.86410154581,1
2263,18191240,Surname_2263,739,Spain,Male,50.0,4,154910.66942456737,2,0,1,67877.42522653472,0
2264,69248881,Surname_2264,791,Spain,Female,22.0,2,114175.73081958291,3,0,1,28521.592399664976,0
2265,14818866,Surname_2265,417,Germany,Female,48.0,1,91670.36460421643,3,1,0,22761.383040699016,0
2266,21628288,Surname_2266,520,Germany,Male,47.0,2,59781.11613929224,3,1,0,44437.77549357519,1
2267,28159879,Surname_2267,416,Germany,Male,59.0,3,133250.17894367207,3,1,1,50331.119995550245,1
2268,80036872,Surname_2268,468,France,Female,40.0,8,124647.84571056129,2,1,0,71381.34221554038,1
2269,66595179,Surname_2269,603,France,Female,33.0,2,40538.96669033894,1,1,1,12215.117321555419,0
2270,21912258,Surname_2270,718,Germany,Female,25.0,5,11831.527976800871,2,1,0,149654.69603057182,0
2271,64027501,Surname_2271,530,Spain,Male,32.0,1,29666.35469010892,1,0,1,130692.05788466334,1
2272,34108591,Surname_2272,490,France,Male,33.0,3,236945.31811117489,3,0,1,111903.80645799164,1
2273,90180864,Surname_2273,350,Germany,Male,20.0,4,26011.01992892743,1,1,0,102403.32827868883,0
2274,22643463,Surname_2274,734,France,Female,57.0,6,221590.4154819694,2,1,0,38005.8401403483,0
2275,64213525,Surname_2275,641,France,Female,59.0,2,12482.665043982293,4,0,0,42977.128234377524,1
2276,79464859,Surname_2276,488,Spain,Female,59.0,3,45287.57624921281,1,0,0,102341.85241810887,1
2277,16662368,Surname_2277,403,Germany,Male,27.0,6,122538.7817743406,3,0,1,112037.98208105353,1
2278,16494917,Surname_2278,763,Spain,Male,48.0,7,73370.14055724122,2,1,0,66701.97406536966,0
2279,33703978,Surname_2279,780,Spain,Male,44.0,7,157625.72930371683,4,0,0,92193.13815136718,1
2280,41556602,Surname_2280,798,Germany,Male,26.0,0,161027.383164294,3,0,1,128603.25926734273,0
2281,98993037,Surname_2281,831,France,Male,51.0,1,68642.53933990793,1,1,1,107338.75193241924,1
2282,13442229,Surname_2282,817,Spain,Female,36.0,1,37163.16649228238,1,1,0,72786.47157113743,1
2283,80527067,Surname_2283,774,Spain,Male,26.0,2,71099.5840494838,1,0,1,38250.7841517598,0
2284,65262644,Surname_2284,622,Spain,Male,38.0,2,142611.2377470958,1,0,0,127926.95364538068,1
2285,55484772,Surname_2285,701,Germany,Female,38.0,1,41929.53819357412,2,0,0,30110.651352118337,1
2286,99516536,Surname_2286,714,Spain,Male,21.0,8,128492.74245775507,2,0,1,33856.81078126392,1
2287,26130493,Surname_2287,775,Germany,Male,58.0,4,146474.32393420793,4,0,0,10744.80370559697,1
2288,93051874,Surname_2288,467,France,Male,40.0,6,8561.189141697429,1,0,1,112765.47506121975,1
2289,61312603,Surname_2289,818,France,Female,19.0,9,237053.78325036058,2,0,0,123143.63590098551,1
2290,19226840,Surname_2290,707,Germany,Female,54.0,5,10308.238284869376,1,1,0,12823.781641267517,0
2291,59632100,Surname_2291,627,Spain,Male,30.0,5,61373.30755256026,4,1,0,41638.37318243187,1
2292,25550682,Surname_2292,584,France,Female,51.0,0,86969.08054987129,4,1,0,122143.82639486142,1
2293,72757153,Surname_2293,626,France,Male,26.0,1,9292.900718302106,2,0,1,12809.606856491382,0
2294,22812143,Surname_2294,792,Spain,Male,55.0,8,57416.559536333734,4,0,0,65389.827382386284,0
2295,52495117,Surname_2295,547,France,,21.0,6,203087.74486716953,2,0,1,46531.529843910335,1
2296,20556888,Surname_2296,617,Spain,Male,35.0,4,24199.996409687395,3,1,1,10444.189747682058,1
2297,13876127,Surname_2297,671,Spain,Male,36.0,9,242721.5895452371,1,0,1,135596.96583760405,0
2298,18082157,Surname_2298,455,France,Male,48.0,1,249639.72097530807,3,1,0,85834.7539084544,0
2299,45149818,Surname_2299,671,France,Male,53.0,5,210934.44487861582,3,1,0,92165.53211957026,0
2300,87818092,Surname_2300,528,France,Male,52.0,2,166049.39064005707,1,0,0,40102.18272699947,1
2301,13153569,Surname_2301,383,Germany,Female,50.0,0,45862.26876279065,4,0,1,75175.5677694678,1
2302,26603406,Surname_2302,564,France,Male,42.0,8,55647.10217769761,3,1,1,134247.7783133744,1
2303,20989963,Surname_2303,621,Germany,Female,37.0,0,214031.81652971465,1,0,1,46740.95309430066,1
2304,60367841,Surname_2304,772,Germany,Female,40.0,2,66711.38725859973,4,0,0,122155.50886810347,1
2305,78778568,Surname_2305,668,France,Male,39.0,4,176814.97929199642,2,0,1,61375.969135104766,0
2306,23631001,Surname_2306,424,Germany,Male,33.0,2,213159.7139451366,2,1,1,31488.30034087801,0
2307,92867997,Surname_2307,820,Spain,Female,40.0,7,67754.6365568841,4,1,1,130795.96413834156,1
2308,69306025,Surname_2308,591,Germany,Male,26.0,5,228020.1286683987,4,0,0,101817.13260670338,1
2309,68420772,Surname_2309,683,Spain,Female,45.0,3,27431.438262190328,1,1,1,118585.29700187854,0
2310,32085896,Surname_2310,382,France,,21.0,0,122619.68144186558,3,0,1,75155.88421327535,1
2311,94773268,Surname_2311,752,Germany,Female,29.0,5,208897.70761747946,2,0,1,113680.73858608937,1
2312,91644015,Surname_2312,585,Spain,Male,25.0,0,14781.023776694934,3,0,1,58398.528249062205,0
2313,91167017,Surname_2313,352,France,Female,36.0,8,227945.67426123354,2,1,1,94574.63133659205,1
2314,82026782,Surname_2314,638,Spain,Female,42.0,9,105598.5751089408,4,1,0,57646.881547149125,1
2315,66771600,Surname_2315,369,Germany,Female,25.0,0,7348.764705372657,4,0,1,79541.42558261931,1
2316,26881026,Surname_2316,407,Spain,Male,56.0,0,147417.98934045888,2,0,1,20254.240732746308,0
2317,76877093,Surname_2317,555,Spain,Female,26.0,9,161357.55068615315,2,0,0,123967.38522186845,0
2318,46468405,Surname_2318,367,Germany,Female,26.0,3,170085.07754173057,1,1,0,112349.41554378817,0
2319,76383501,Surname_2319,762,Germany,Male,34.0,1,163917.37263537024,2,1,0,69522.65393480314,1
2320,11570468,Surname_2320,445,Spain,Female,42.0,9,215341.64071829774,3,1,0,81030.64635074428,0
2321,91630921,Surname_2321,706,Spain,Male,53.0,0,228986.06250026828,4,0,1,76342.72377962047,1
2322,86603622,Surname_2322,514,France,Female,50.0,9,72924.65089594758,1,0,1,64938.8261644991,0
2323,29407220,Surname_2323,447,Spain,Female,22.0,4,192401.87517501862,3,1,1,136484.13145861047,0
2324,92854001,Surname_2324,660,Germany,,19.0,4,96244.93120212319,2,0,1,36829.18949741398,1
2325,92786912,Surname_2325,581,Germany,Female,33.0,2,48877.855699243104,1,1,1,111104.0587019815,1
2326,53878373,Surname_2326,490,France,Male,36.0,5,15849.824817157521,4,1,0,42424.982944614676,0
2327,73928193,Surname_2327,775,France,Female,45.0,0,143651.7503195596,4,0,0,53242.35080517033,0
2328,94942052,Surname_2328,750,Spain,Female,48.0,2,116805.75022085279,3,0,1,123677.6058731429,1
2329,91045982,Surname_2329,823,France,Male,46.0,8,101425.92483125196,2,1,1,109651.0380963762,1
2330,80288747,Surname_2330,626,France,Female,22.0,1,84245.09566481411,1,0,1,89341.9613173934,0
2331,75536683,Surname_2331,378,Germany,Male,25.0,3,115265.79893735444,2,0,1,71813.46225974587,1
2332,76153736,Surname_2332,838,France,Male,37.0,5,103019.0480526528,1,0,1,38195.86080755235,1
2333,59892047,Surname_2333,511,France,Female,36.0,4,17117.455880052006,4,1,1,120066.70958320865,1
2334,45869357,Surname_2334,502,Germany,Male,42.0,3,73298.9179370132,2,0,1,111034.4646646006,1
2335,82794410,Surname_2335,375,Spain,Female,21.0,7,18824.4537160929,2,0,1,19473.88800168999,0
2336,90984728,Surname_2336,821,Spain,Male,44.0,2,161331.96614681676,3,1,1,120488.0186822199,1
2337,57779900,Surname_2337,557,Germany,Male,36.0,6,129852.24271339583,3,0,1,123517.2672458847,0
2338,45998307,Surname_2338,480,Germany,Female,37.0,8,45649.64150684098,2,1,1,141144.38044800624,1
2339,85840124,Surname_2339,588,Germany,Female,55.0,0,177821.2174019944,2,0,0,62299.965644427386,0
2340,75375473,Surname_2340,486,Germany,Female,52.0,6,108478.33778488499,4,0,0,25657.577180228065,1
2341,68612292,Surname_2341,651,Germany,Male,27.0,9,177834.01236329437,2,1,1,137740.09615218377,1
2342,11472554,Surname_2342,825,Spain,Female,50.0,4,26861.60396392384,2,1,1,70604.59426755975,0
2343,22250475,Surname_2343,588,France,Female,27.0,3,140340.00365398856,1,0,1,72647.86781591712,1
2344,24215896,Surname_2344,568,France,Female,48.0,4,230487.4885669437,4,1,1,130532.68553451379,0
2345,69149244,Surname_2345,485,Germany,Female,48.0,5,124692.09780607426,1,1,1,109095.59956606806,0
2346,53715551,Surname_2346,426,France,Female,39.0,8,60227.63084074479,1,1,0,128481.07343489122,1
2347,23009566,Surname_2347,761,Spain,Female,22.0,8,2658.1633077511215,4,0,1,146220.8034172363,1
2348,25795932,Surname_2348,587,Germany,Male,52.0,1,224434.43443633846,1,1,1,54615.51412332914,1
2349,69147518,Surname_2349,403,Spain,Male,47.0,1,210866.26626447655,4,1,1,43540.31293029436,1
2350,79951237,Surname_2350,848,France,Male,35.0,6,35789.74885093295,1,1,1,46471.49620010582,1
2351,21497659,Surname_2351,518,France,Male,57.0,7,127864.0900888181,3,1,1,147569.0800389605,0
2352,28074336,Surname_2352,721,Germany,Male,58.0,5,46084.545120027185,4,1,0,66808.48867576168,1
2353,52560871,Surname_2353,642,France,Male,51.0,4,71358.9758463872,3,1,0,67614.82199207839,0
2354,92278182,Surname_2354,361,Germany,Female,58.0,3,46847.50470534413,1,1,0,98847.00060547513,0
2355,17967221,Surname_2355,754,Spain,Female,47.0,8,118682.72022856488,2,0,1,131751.65085428784,1
2356,19309284,Surname_2356,697,France,Female,27.0,3,13047.34033372476,3,0,0,15319.201733501779,1
2357,92083872,Surname_2357,441,France,Male,39.0,8,152748.76538819147,1,1,0,52386.75488444386,0
2358,82564388,Surname_2358,783,France,Male,54.0,1,227162.65764780116,4,0,0,89724.99567522747,0
2359,46673260,Surname_2359,570,France,Female,48.0,7,86109.79795991561,2,1,1,142246.02107985446,1
2360,11864297,Surname_2360,547,France,Female,48.0,5,235891.30605738453,2,1,1,124105.56699089517,1
2361,11616744,Surname_2361,510,France,,35.0,0,72442.0768214706,1,1,0,75381.25871680878,1
2362,72920191,Surname_2362,766,France,Male,32.0,7,187896.95602590972,3,1,1,129981.44584858259,0
2363,86632128,Surname_2363,783,Germany,,20.0,6,8795.860067203259,3,1,0,69456.55181215864,1
2364,62787580,Surname_2364,794,France,Female,25.0,3,161303.79081958815,1,1,0,53717.09092114873,1
2365,22992353,Surname_2365,524,Spain,Female,46.0,0,10348.839955582418,4,1,1,148260.06564430124,0
2366,84100256,Surname_2366,431,Germany,Male,44.0,3,180045.24868926944,2,1,0,100329.71913660348,1
2367,71365331,Surname_2367,483,Germany,Female,50.0,2,204623.98801148293,2,1,0,77315.17732867137,1
2368,80488517,Surname_2368,533,Germany,Male,31.0,8,25488.21790906819,4,0,1,60886.63843416508,0
2369,52711252,Surname_2369,616,Germany,Female,28.0,1,184837.11068467266,1,0,0,113447.53437580745,1
2370,96310128,Surname_2370,372,France,Male,30.0,3,155035.86649575806,4,1,0,80721.39765374405,1
2371,20137214,Surname_2371,458,Germany,Female,27.0,5,148166.99363183096,4,1,1,135361.89877943345,0
2372,99956933,Surname_2372,544,France,Male,36.0,1,167406.35151058543,4,0,1,53564.18501686116,0
2373,32474641,Surname_2373,848,Germany,Male,31.0,1,71353.88603265224,3,1,0,140206.02974967688,0
2374,30515674,Surname_2374,577,Spain,Male,27.0,2,417.67390030605924,2,0,0,48818.61787714903,0
2375,81391980,Surname_2375,653,France,Female,46.0,3,169929.77085860164,3,0,1,40963.502816234584,1
2376,20652053,Surname_2376,732,Germany,Female,41.0,6,241647.3921847119,4,0,1,90895.10133828998,1
2377,51526592,Surname_2377,674,Germany,Male,27.0,6,60971.470711013775,2,0,1,86188.57821733347,0
2378,97317969,Surname_2378,770,Spain,Male,51.0,6,182763.30903461194,4,1,1,124334.39378942095,1
2379,53697796,Surname_2379,596,Spain,Female,18.0,1,240686.16077206083,4,1,0,42478.20337629091,1
2380,43776735,Surname_2380,805,Germany,Male,39.0,2,144630.3121849259,1,1,0,27103.09502424723,0
2381,54428288,Surname_2381,588,Germany,Female,57.0,7,146967.93880791773,4,0,1,19370.089214060015,1
2382,73007155,Surname_2382,770,France,Female,24.0,2,110923.68368094697,1,1,1,66712.024000546,1
2383,67623040,Surname_2383,495,Germany,Male,34.0,6,10181.944453561382,4,0,0,149076.04494399377,0
2384,54439833,Surname_2384,786,Germany,Male,53.0,5,193372.54820582876,1,0,1,122487.91270568458,0
2385,67967783,Surname_2385,577,Germany,Male,50.0,4,6868.440932386588,3,1,1,100029.55253730196,0
2386,74082547,Surname_2386,709,Spain,Female,24.0,9,75663.45189028989,1,0,0,108354.65189281794,1
2387,93914608,Surname_2387,687,France,Male,20.0,0,47295.42320579347,4,1,1,32448.71285445245,1
2388,76420089,Surname_2388,716,Spain,Female,35.0,6,190426.72199331,1,0,0,129809.58201494558,1
2389,79164803,Surname_2389,490,Spain,Female,51.0,1,48248.94442084926,2,1,0,21766.69683034227,1
2390,76521491,Surname_2390,559,Spain,Female,35.0,7,199136.99120041713,3,1,1,32388.66955779764,1
2391,86063826,Surname_2391,449,Germany,Female,45.0,9,18995.30768104174,2,1,1,113604.87952730356,1
2392,14323335,Surname_2392,720,Germany,Female,47.0,7,170318.77063628318,4,0,1,14232.75840536295,0
2393,63915513,Surname_2393,711,France,Male,49.0,4,137891.96944452182,4,0,0,88193.21460616762,1
2394,10898889,Surname_2394,732,Germany,Female,45.0,5,48105.60676387904,1,1,0,88795.51995813086,0
2395,32572216,Surname_2395,390,France,Female,27.0,6,1803.4928489897572,4,1,1,65125.23568545193,0
2396,38620824,Surname_2396,488,France,Male,28.0,4,66687.83118523877,3,1,1,119120.82830352995,1
2397,29630457,Surname_2397,379,Germany,Female,24.0,4,165971.70706156187,1,1,0,27387.79645293157,0
2398,52920671,Surname_2398,696,France,Male,49.0,9,137280.1587692602,3,1,0,87015.78615470027,1
2399,45946924,Surname_2399,754,Spain,Male,25.0,6,155760.02549211623,2,1,1,28839.265505535055,1
2400,83049322,Surname_2400,706,France,Male,48.0,1,7319.042238828899,2,1,0,100859.21040239844,1
2401,19799440,Surname_2401,520,Spain,Male,38.0,7,102135.50802296418,4,1,0,105253.38227828094,0
2402,56586098,Surname_2402,368,France,,36.0,8,233008.6668050261,3,1,1,134463.19220073975,0
2403,28578128,Surname_2403,583,Germany,Male,56.0,9,167644.386592545,3,0,1,149229.12650899545,0
2404,83810361,Surname_2404,538,France,Female,55.0,6,39983.046368037125,3,1,0,57087.99405699491,0
2405,11598733,Surname_2405,776,France,Male,25.0,6,136906.10177088843,1,1,0,11162.422880633218,1
2406,36830022,Surname_2406,757,France,Female,45.0,0,157957.0631985209,2,1,1,28849.375214634416,1
2407,51585260,Surname_2407,441,Spain,Male,50.0,2,131388.9771377064,1,0,0,31627.313936062972,0
2408,98301408,Surname_2408,683,France,Male,59.0,8,204352.3846378371,4,1,0,28283.646333473906,1
2409,54680059,Surname_2409,740,Germany,Female,57.0,3,60778.33903243981,3,0,0,84672.23753963615,1
2410,51808739,Surname_2410,406,Germany,Male,25.0,9,149087.80213464447,1,1,0,79146.92036079633,0
2411,20766410,Surname_2411,633,Germany,Female,53.0,4,30942.541074649747,2,1,0,49252.94854268013,0
2412,62577460,Surname_2412,610,Germany,Male,53.0,1,64594.87452159862,2,0,1,91580.69129621789,0
2413,37596716,Surname_2413,646,Germany,Female,28.0,4,70975.32155958125,1,1,1,60751.87974958186,1
2414,83062777,Surname_2414,410,France,Male,22.0,1,201202.94127956545,1,1,1,145028.71508179122,0
2415,35608630,Surname_2415,409,France,Male,47.0,7,52932.569361706286,4,0,1,29118.34955800189,1
2416,69133932,Surname_2416,736,Spain,Male,49.0,4,43973.16854668842,1,1,0,70386.75037347776,0
2417,69492080,Surname_2417,579,Germany,Male,30.0,1,120183.237436823,2,1,0,83674.91957670578,1
2418,44562660,Surname_2418,666,France,Male,21.0,9,128365.6578296073,1,1,1,36211.05466584404,0
2419,51435537,Surname_2419,368,France,Male,24.0,1,221711.18470947482,2,0,0,117346.26157135493,0
2420,62012582,Surname_2420,562,Germany,Male,22.0,0,171112.86727442115,1,0,1,47184.135477815995,1
2421,20093717,Surname_2421,551,Spain,Female,37.0,5,35149.96848976809,3,0,0,18255.833686786806,1
2422,94540841,Surname_2422,713,France,Male,45.0,7,6251.426598435417,3,1,1,137929.26629194754,0
2423,63798624,Surname_2423,757,Germany,Female,22.0,4,208210.33158025297,4,1,0,101804.16164265394,0
2424,48578002,Surname_2424,753,France,Male,44.0,4,38183.70831379317,1,0,0,142410.2343657184,1
2425,95043597,Surname_2425,466,France,Female,56.0,0,157461.75145739914,2,1,1,73440.41954297462,1
2426,55268522,Surname_2426,450,Germany,Male,59.0,6,117076.85949253566,4,0,0,109737.28789853046,0
2427,18322271,Surname_2427,701,Spain,Male,52.0,0,13646.18622133798,4,1,1,77830.67244467128,1
2428,28579739,Surname_2428,727,Spain,Female,42.0,2,87406.66371488117,2,1,1,81076.64694937984,0
2429,81029353,Surname_2429,576,Germany,Male,38.0,3,5242.895652215918,4,0,1,23115.0839967107,1
2430,65291345,Surname_2430,690,Germany,Female,46.0,5,57425.95731450942,2,1,1,63611.023138290184,1
2431,47572306,Surname_2431,468,France,Female,40.0,7,138077.07510365537,4,1,1,123561.66761627224,0
2432,35895125,Surname_2432,811,Germany,Female,32.0,4,165632.30722135337,3,1,0,88022.0019805317,1
2433,92335794,Surname_2433,643,France,Male,24.0,8,160516.8733589429,4,0,1,44583.252541284,1
2434,65644496,Surname_2434,488,Spain,Male,48.0,3,154297.24741099137,1,0,0,99254.6456724323,0
2435,11193649,Surname_2435,599,Germany,Male,27.0,9,182459.19860892455,4,0,1,44734.76199905184,0
2436,83713546,Surname_2436,549,Germany,Female,32.0,0,98527.47484953742,3,0,1,120794.93036446908,1
2437,37983378,Surname_2437,716,Spain,Female,36.0,7,47286.915400993224,2,1,0,68285.68553740901,0
2438,69894791,Surname_2438,780,Germany,Male,34.0,9,107766.13822172399,3,1,1,112582.11809023106,1
2439,53297128,Surname_2439,786,Germany,Female,43.0,6,211400.38809711166,3,0,0,97356.42674668923,0
2440,21419485,Surname_2440,753,France,Male,49.0,2,218007.07663449095,2,1,0,90485.22349146641,1
2441,81918713,Surname_2441,746,Germany,Male,32.0,8,104425.3368199711,3,0,1,124824.52525572121,1
2442,34518722,Surname_2442,490,Spain,Female,43.0,2,19260.664735618353,3,0,1,56773.263280913634,0
2443,64294644,Surname_2443,374,Spain,Female,42.0,4,77676.80593883312,2,0,0,128817.82009000715,1
2444,14305541,Surname_2444,813,Spain,Female,28.0,3,143415.85178842192,3,0,1,20222.428492856856,1
2445,81643254,Surname_2445,812,Germany,Male,53.0,3,137156.3721278625,1,0,1,22604.32768407743,0
2446,98159840,Surname_2446,513,Spain,Female,59.0,7,113139.67946521952,2,1,0,80664.39082625878,1
2447,51649213,Surname_2447,839,Spain,Female,59.0,5,77281.1692910351,2,1,1,48498.67779911338,0
2448,16397506,Surname_2448,635,France,Male,41.0,4,167211.79905288838,2,0,1,146858.76580928816,1
2449,13675403,Surname_2449,769,Spain,Female,59.0,9,99331.88092525965,1,1,0,122013.77680780758,0
2450,79043240,Surname_2450,467,Germany,Female,45.0,9,154836.79614573208,4,0,1,106765.80755607893,0
2451,27734239,Surname_2451,782,Germany,Male,31.0,5,173173.1567547575,3,1,1,122705.0208400446,0
2452,77541726,Surname_2452,544,Spain,Female,50.0,6,53505.53738440902,1,0,0,70895.59573589938,1
2453,95052896,Surname_2453,429,Germany,Male,45.0,2,58231.38767225339,2,1,0,126734.5300864421,0
2454,67997310,Surname_2454,619,Spain,Male,40.0,1,165582.99810941928,3,0,1,33967.646149495326,1
2455,71622436,Surname_2455,726,France,Male,18.0,8,101867.59639649751,4,1,0,28932.483240053367,1
2456,77951641,Surname_2456,490,Spain,Female,44.0,5,178850.3175262425,3,1,0,108451.37422879333,1
2457,85778129,Surname_2457,605,Spain,Male,21.0,8,61388.957304872456,2,0,1,77779.21739976549,0
2458,46180732,Surname_2458,428,France,Female,29.0,8,139791.6833818137,4,0,0,134438.0967408843,1
2459,96258802,Surname_2459,697,France,Female,31.0,3,107665.2823864702,4,0,1,45181.927732237265,0
2460,23820294,Surname_2460,623,Spain,Male,49.0,8,200464.4583704062,2,0,1,102155.49493841703,1
2461,48618165,Surname_2461,700,Spain,Male,22.0,1,169047.60144968537,3,0,0,133879.88749294833,1
2462,33598574,Surname_2462,821,France,Female,34.0,8,94385.11351475342,3,0,1,148755.46567690832,1
2463,69596261,Surname_2463,403,Germany,Female,19.0,9,37428.587149595376,2,0,0,20509.098051115805,1
2464,95225458,Surname_2464,467,Germany,Female,18.0,4,248667.38061814284,1,0,1,136926.49661835862,0
2465,25595633,Surname_2465,564,Spain,Male,45.0,5,37510.31218453227,1,0,1,120531.76542574649,0
2466,55569910,Surname_2466,698,Germany,Female,59.0,7,237351.92862629754,4,0,0,99396.48127022524,0
2467,64687962,Surname_2467,616,France,Male,48.0,7,74692.30382882108,3,0,1,81491.13821120812,0
2468,48854435,Surname_2468,721,France,Female,53.0,3,151769.2386385823,3,0,0,126652.96155874284,0
2469,21163728,Surname_2469,708,France,Male,41.0,3,199848.05716222987,2,1,1,77029.90166963405,0
2470,95173158,Surname_2470,454,France,Male,23.0,0,84299.4939770306,1,0,0,62707.06881687332,0
2471,12508134,Surname_2471,769,Germany,Female,42.0,1,10633.38805109712,4,0,1,17387.13673308635,0
2472,62118458,Surname_2472,669,France,Female,40.0,7,70642.01999659142,3,0,1,103390.35022973544,1
2473,24228619,Surname_2473,552,France,Female,56.0,3,107293.7573501577,2,1,0,111108.65425555129,0
2474,65631521,Surname_2474,558,Spain,Male,27.0,5,49426.07236210239,2,1,1,109831.01494457782,1
2475,67396786,Surname_2475,650,Germany,Female,35.0,0,200495.2588988143,1,1,1,108633.47136943927,1
2476,55973435,Surname_2476,759,Germany,Male,35.0,9,157829.69327223985,1,0,0,138837.85739705298,1
2477,35690625,Surname_2477,557,France,Female,46.0,8,40165.72734725199,2,1,1,91805.58144659834,1
2478,97055118,Surname_2478,739,Germany,Male,24.0,0,70296.57642951279,3,1,0,29110.00007491688,0
2479,17612879,Surname_2479,617,Spain,Female,23.0,9,35959.02802686993,3,0,0,138983.00630119618,0
2480,95451869,Surname_2480,830,Spain,Male,25.0,9,85469.54398046502,2,1,0,94028.75077700248,1
2481,60435204,Surname_2481,435,France,Female,52.0,1,202553.7085202212,1,1,0,139961.77422385121,0
2482,88453230,Surname_2482,424,Spain,Female,46.0,6,108065.2698465335,3,1,0,16448.515056907825,1
2483,82760473,Surname_2483,611,France,Female,24.0,5,110983.29055770933,1,0,0,53675.59374055215,1
2484,92386862,Surname_2484,604,France,Male,50.0,6,83549.33488439988,1,0,0,117433.69036453392,1
2485,14697346,Surname_2485,433,Germany,Female,23.0,9,62004.00844805845,1,0,0,86740.12966844815,1
2486,66569460,Surname_2486,732,Germany,Male,48.0,1,207804.96449413052,3,0,0,30358.731353468145,1
2487,55631486,Surname_2487,732,France,Female,34.0,9,30869.809445127517,3,0,0,112099.83907658934,1
2488,81458498,Surname_2488,818,Germany,Female,34.0,4,236406.39715322544,2,0,0,100394.7667978768,1
2489,73135937,Surname_2489,831,Germany,Male,36.0,3,119198.79506723136,4,0,0,63501.91473728543,0
2490,34189637,Surname_2490,745,France,Female,21.0,1,153250.5482311966,2,0,0,136990.19738097733,0
2491,19865236,Surname_2491,504,France,Female,30.0,0,117974.47243296489,4,0,0,113884.16601911692,1
2492,70144808,Surname_2492,647,Spain,,58.0,3,152899.2504847016,4,1,1,144381.79996136346,1
2493,47013377,Surname_2493,472,Germany,Male,35.0,3,75756.43453606589,3,0,0,122167.18054418892,1
2494,42419856,Surname_2494,357,Spain,Male,33.0,2,39328.577495040954,2,1,0,140556.31656330172,1
2495,92009748,Surname_2495,644,France,Male,40.0,2,75041.95570786177,4,0,0,74090.16821774343,0
2496,43930158,Surname_2496,655,Spain,Male,25.0,9,242390.74449081637,3,1,0,124720.41652214203,1
2497,97662473,Surname_2497,443,Germany,Male,19.0,9,61467.86065966617,2,1,1,85226.25964614899,1
2498,58119690,Surname_2498,788,France,Male,26.0,3,116817.68356909817,2,0,1,68276.26585208012,0
2499,43249897,Surname_2499,564,France,Female,59.0,4,246941.44739453786,2,1,0,81683.50711015872,0
2500,64409603,Surname_2500,444,Germany,Female,51.0,1,196752.72556431327,1,0,1,20049.42135447346,1
2501,18291584,Surname_2501,608,Germany,Male,53.0,8,216164.43028837666,1,0,0,54308.56129830959,1
2502,13817877,Surname_2502,729,Spain,,23.0,4,155147.32595139125,1,1,1,68300.09721381098,0
2503,69326660,Surname_2503,563,Spain,Female,58.0,8,172261.98528041746,1,1,0,47232.972956098085,0
2504,27971220,Surname_2504,670,France,Male,53.0,3,113289.75865418054,1,0,1,41990.97168499204,1
2505,88902186,Surname_2505,631,Germany,Female,57.0,7,88777.24217298771,2,0,0,118605.85340016424,0
2506,61792886,Surname_2506,708,Spain,Male,46.0,4,13177.018948866553,4,1,0,82697.9731192031,1
2507,24786779,Surname_2507,639,Germany,Female,58.0,8,21899.004354486275,2,0,0,148141.1617715578,1
2508,17735219,Surname_2508,683,Spain,Male,27.0,8,216494.7869994821,1,0,1,136700.39831100992,1
2509,58857580,Surname_2509,497,Germany,Male,41.0,6,38489.5409956239,2,0,0,87210.51991262888,1
2510,15910727,Surname_2510,382,Spain,Female,56.0,0,164994.37128479735,1,0,1,143980.51577469552,1
2511,31182310,Surname_2511,494,Germany,Female,41.0,8,147081.52556466984,3,0,1,104835.83568638017,1
2512,89159155,Surname_2512,696,Germany,Male,39.0,2,65490.50015076544,2,1,1,133045.883769472,1
2513,18351050,Surname_2513,489,Spain,Female,21.0,4,137136.7591831802,2,0,0,13335.152735680704,1
2514,13113831,Surname_2514,746,Germany,Male,19.0,3,21652.093360353676,4,0,1,84614.22271826927,0
2515,69263423,Surname_2515,815,France,Female,50.0,3,229347.37844958185,3,1,1,64341.19673815153,1
2516,77263094,Surname_2516,685,Spain,Female,26.0,9,144253.27233202913,1,1,0,69690.5923497369,0
2517,14936865,Surname_2517,793,Spain,Male,36.0,9,67330.20125583655,4,0,1,45279.94276848655,0
2518,66410742,Surname_2518,471,Germany,Male,28.0,0,10696.599208248226,3,0,0,43092.85203034947,0
2519,82963447,Surname_2519,827,France,,46.0,2,215449.68933799467,2,1,0,54386.94071814893,0
2520,32556443,Surname_2520,680,France,Male,42.0,9,177477.1788173398,4,0,1,85044.65372826904,0
2521,12976784,Surname_2521,650,France,Female,48.0,0,125483.87231295696,3,0,1,46889.50449132891,0
2522,22856222,Surname_2522,595,Spain,Female,45.0,8,146696.0890813054,4,0,0,44372.65053938817,0
2523,76492741,Surname_2523,675,Germany,Female,23.0,2,62023.35207259524,2,0,1,86177.21577531562,1
2524,32277245,Surname_2524,522,Spain,Male,53.0,4,39974.81320275367,3,0,1,12690.966094711526,0
2525,78504167,Surname_2525,728,Germany,Female,45.0,6,205104.56356463663,2,1,0,85566.40905060049,1
2526,57858046,Surname_2526,583,Spain,Female,32.0,2,112771.66335151692,4,0,0,123906.72059219265,0
2527,12171630,Surname_2527,353,Germany,Female,58.0,3,178642.12010514823,2,1,0,49314.71270480028,1
2528,42945691,Surname_2528,772,Spain,Male,58.0,0,28577.683028066043,3,0,0,100740.77526266543,1
2529,89105045,Surname_2529,547,Spain,,45.0,6,92879.39006589734,1,1,0,53835.87657426157,0
2530,51824866,Surname_2530,607,Germany,Male,34.0,3,137030.2674616352,3,1,0,49354.15364533896,1
2531,28457143,Surname_2531,577,Spain,Female,59.0,5,146744.30401061306,2,0,1,67961.8234873258,0
2532,56500233,Surname_2532,706,France,Male,39.0,8,220302.29132568845,1,1,1,142651.65299810204,0
2533,66333698,Surname_2533,669,Germany,Male,50.0,8,145519.81467060468,2,0,0,73981.58767683798,0
2534,74431948,Surname_2534,526,France,Male,40.0,4,131222.66958171973,4,1,0,34819.90669052968,1
2535,83461803,Surname_2535,651,France,Male,56.0,9,12650.736316464156,2,0,1,66507.50636943392,1
2536,13311996,Surname_2536,720,Germany,Female,30.0,6,77396.49517134279,3,0,0,140480.85674299474,0
2537,97961108,Surname_2537,692,Spain,Female,38.0,0,105094.88344121665,1,0,1,14488.820563801855,1
2538,16493789,Surname_2538,746,Spain,Female,30.0,5,246928.18414852166,4,0,1,50854.742289468995,1
2539,49764135,Surname_2539,724,Spain,Male,25.0,2,92878.73639242628,4,0,1,143031.38309008646,1
2540,79179501,Surname_2540,554,Spain,Female,54.0,8,183797.13993905304,3,0,1,58556.46192259318,1
2541,99034300,Surname_2541,769,France,Female,22.0,7,238651.65844573383,2,1,0,60145.51460261134,0
2542,77654070,Surname_2542,592,Germany,Male,29.0,0,233445.8675219818,2,1,1,104207.71997071392,0
2543,53038091,Surname_2543,590,Germany,Male,26.0,4,8577.951449519034,1,1,0,37932.585110877284,0
2544,36976526,Surname_2544,406,France,Female,43.0,9,167914.2842386977,1,1,0,27044.19941841395,0
2545,32432381,Surname_2545,670,Spain,Female,57.0,4,101684.4893466174,4,1,0,24344.338721010383,0
2546,56844106,Surname_2546,646,Spain,Female,41.0,3,201515.00363130908,3,0,0,76049.23946434646,1
2547,95423904,Surname_2547,841,Spain,Male,20.0,3,149443.44663101886,4,1,0,103478.45038218421,1
2548,62275100,Surname_2548,767,France,Female,38.0,0,28891.427145671307,1,1,1,96037.6313345041,1
2549,96925641,Surname_2549,610,Spain,Male,46.0,3,7169.781851201179,1,0,1,77976.61636362085,0
2550,44355483,Surname_2550,486,Germany,Male,44.0,5,60061.077711240054,2,1,0,83327.91767236314,1
2551,92424151,Surname_2551,492,Germany,Male,40.0,8,246261.35261024878,3,1,1,63494.29525945342,1
2552,71308601,Surname_2552,507,Spain,Male,31.0,6,138253.17979319178,3,0,0,24685.47133418217,0
2553,47352580,Surname_2553,786,Spain,Female,37.0,3,97310.45305961839,2,0,1,102971.95527671817,0
2554,76636052,Surname_2554,733,France,Male,48.0,9,103522.00575860254,3,1,1,89530.45606312937,0
2555,12851729,Surname_2555,785,Spain,Female,29.0,3,84357.84526048118,4,0,0,39264.37873268949,1
2556,69618587,Surname_2556,793,Germany,Female,20.0,4,70869.469824006,3,0,1,66979.06816445114,0
2557,58435091,Surname_2557,462,Spain,,59.0,2,3382.3209050424243,2,0,0,112625.93295854272,0
2558,39853242,Surname_2558,791,Spain,,19.0,3,112148.50458333781,3,0,0,102577.91421456104,0
2559,35147171,Surname_2559,778,France,Female,24.0,8,127994.74300519898,4,1,1,118652.63091679242,0
2560,15759124,Surname_2560,378,France,Male,36.0,0,208144.50842299944,2,0,0,73852.32598888961,0
2561,36661977,Surname_2561,760,Spain,Male,34.0,6,3318.8921434426643,4,1,1,86094.26683273858,0
2562,52273104,Surname_2562,461,Spain,Female,39.0,0,173939.13376680674,1,0,0,47328.46232919912,1
2563,71550615,Surname_2563,738,Spain,Female,20.0,2,163118.39407681517,1,0,1,121617.67727483549,0
2564,78480035,Surname_2564,558,Spain,Male,59.0,8,52212.991568714286,4,1,0,41286.61371472158,0
2565,32455568,Surname_2565,572,France,Female,31.0,9,53192.43219270464,3,1,0,10819.67523540974,1
2566,34516648,Surname_2566,425,Germany,Male,54.0,0,38383.41104364037,2,1,0,129364.99108606162,0
2567,55726174,Surname_2567,650,Germany,Female,19.0,7,9107.443271111626,3,0,1,144409.607165068,1
2568,65153423,Surname_2568,715,France,Female,59.0,3,205012.7297863277,4,1,1,36588.46989171204,0
2569,81505684,Surname_2569,489,France,Female,20.0,7,51027.51904723046,4,1,0,138349.4019828966,0
2570,73978991,Surname_2570,703,Germany,Female,56.0,5,247236.96592284116,2,0,0,40179.94722354111,0
2571,14058835,Surname_2571,550,Spain,Male,58.0,2,221020.93526828603,3,1,0,138472.19643510977,0
2572,28320202,Surname_2572,486,Spain,Female,33.0,3,228852.13888665527,2,1,1,84442.09032053541,0
2573,47542617,Surname_2573,518,France,,52.0,0,48175.72012702989,2,0,1,75043.7959270161,1
2574,75420187,Surname_2574,529,Spain,Female,34.0,7,43172.524124161006,1,0,0,101463.5378237848,1
2575,10687285,Surname_2575,607,Spain,Female,52.0,6,129415.20988676733,4,1,1,77567.44485232052,1
2576,85418362,Surname_2576,531,Germany,Female,24.0,3,93808.60604382282,3,0,1,89074.21102593993,1
2577,18397979,Surname_2577,825,Germany,Male,52.0,9,112657.23547408513,4,1,0,78829.30782039226,0
2578,18211469,Surname_2578,435,Spain,Female,38.0,9,246560.29892098354,2,0,0,139189.48083039763,0
2579,90806196,Surname_2579,846,France,Female,46.0,0,125679.17195597467,1,0,1,109664.61087517884,0
2580,16711197,Surname_2580,795,Spain,Female,20.0,7,106402.43501591582,2,0,0,105917.23979540856,0
2581,67580784,Surname_2581,527,France,Male,56.0,0,36685.522102174575,4,0,1,24522.160372067785,0
2582,45211740,Surname_2582,458,Spain,Male,21.0,3,97417.10144429866,4,0,0,143579.84582401495,0
2583,57663806,Surname_2583,415,Germany,Male,37.0,1,78544.8360280446,3,1,1,22253.88875356785,1
2584,10820624,Surname_2584,817,France,Male,42.0,7,209769.41175727543,2,0,0,30004.255595756047,1
2585,51554947,Surname_2585,587,France,Female,29.0,4,86664.97205917991,4,1,1,81558.74814732731,1
2586,31057927,Surname_2586,729,Spain,Female,21.0,9,233007.88758548922,3,0,1,138102.10009098903,1
2587,15100376,Surname_2587,403,Germany,Male,35.0,2,117242.81389667926,4,1,0,21313.34064036701,1
2588,89650545,Surname_2588,779,Germany,Male,43.0,6,146529.08841581873,1,0,0,62705.48849808796,0
2589,99611633,Surname_2589,525,France,Female,52.0,4,148403.9313997718,1,0,1,108494.87444546861,0
2590,26509557,Surname_2590,714,France,Male,29.0,3,159936.1977338048,4,1,0,33925.210544698886,1
2591,69365868,Surname_2591,722,Germany,Male,29.0,4,111283.91296674852,1,1,0,11053.234749609275,1
2592,85792700,Surname_2592,741,France,Male,42.0,4,178919.51084470804,1,0,1,33330.64762714012,1
2593,58707975,Surname_2593,708,France,Male,37.0,1,203293.795794237,1,1,0,11884.58004106759,0
2594,22615048,Surname_2594,655,Spain,Female,31.0,4,71146.52896988096,3,0,0,12701.821897770147,0
2595,27922878,Surname_2595,640,France,Male,37.0,3,223602.03141897827,2,0,1,66793.39879310394,1
2596,82509407,Surname_2596,667,Germany,Male,33.0,9,94306.1645391818,4,0,0,129465.97069597663,1
2597,84174496,Surname_2597,844,Spain,Female,35.0,2,203661.8688143313,1,0,1,25173.118365521266,1
2598,90689984,Surname_2598,802,France,Female,29.0,8,90014.60435377978,3,1,1,92258.32902980049,1
2599,73032161,Surname_2599,778,Spain,Female,56.0,0,8731.39240157042,1,0,1,43893.03784511284,0
2600,25472382,Surname_2600,597,Spain,Female,40.0,1,203051.80122657705,1,1,0,55419.259264509055,1
2601,77743192,Surname_2601,641,Spain,Male,58.0,0,241508.87754067837,4,1,0,97052.23323865459,1
2602,93705928,Surname_2602,757,Germany,Female,53.0,0,138385.80359188825,1,0,0,122643.30932108998,1
2603,74705678,Surname_2603,396,Spain,Male,35.0,5,173724.71542059176,4,0,1,62164.251117327854,0
2604,85472488,Surname_2604,497,France,Female,50.0,3,129884.52762370197,3,1,0,51795.12062021187,0
2605,79352806,Surname_2605,812,Germany,Male,27.0,0,163104.5330419399,2,0,0,10269.418447924658,0
2606,78646277,Surname_2606,594,Germany,Female,30.0,4,222754.69775124677,2,1,0,120269.78795514823,1
2607,43080630,Surname_2607,727,Spain,Female,42.0,9,132768.42351518324,2,1,1,116632.40925450323,0
2608,35458706,Surname_2608,383,Germany,Female,52.0,3,191969.36726291428,3,1,0,86654.28339778235,1
2609,65613417,Surname_2609,578,Germany,Male,40.0,5,51039.432085812434,2,0,1,38922.53540970353,1
2610,56475823,Surname_2610,544,Germany,Female,39.0,7,125074.1591472527,1,0,1,95202.4967204873,0
2611,58224040,Surname_2611,495,Spain,Female,47.0,2,181359.61161823946,4,0,1,128103.4191949102,0
2612,57253206,Surname_2612,505,France,Female,48.0,9,105828.31563280737,2,0,0,50521.265400276345,0
2613,45872524,Surname_2613,364,Germany,Male,48.0,9,119369.1505727989,3,1,0,43828.03730937449,0
2614,27574198,Surname_2614,661,Germany,Female,50.0,5,32272.163658050024,3,1,0,72829.3198086191,0
2615,25252629,Surname_2615,521,Germany,Female,36.0,1,58880.922363020836,4,1,1,124081.02650768818,0
2616,55429608,Surname_2616,788,France,Male,30.0,5,200129.6148691637,1,0,1,139603.80532198734,0
2617,46741178,Surname_2617,609,Germany,Male,57.0,7,184186.701878596,2,1,0,136136.9386304164,1
2618,83406955,Surname_2618,795,France,Female,40.0,0,15322.719310760041,2,1,0,116663.52730488688,1
2619,65534544,Surname_2619,554,France,Female,22.0,8,130078.30655602079,1,0,1,33909.50162520251,0
2620,87193535,Surname_2620,474,Germany,Female,42.0,5,61607.0582195633,3,1,0,66664.3653287286,1
2621,91634866,Surname_2621,370,Spain,Male,36.0,7,52437.42189864814,1,1,0,70829.78250805734,1
2622,88972415,Surname_2622,659,Germany,,35.0,4,106618.17544852606,2,0,1,132476.39506239764,1
2623,58949921,Surname_2623,549,France,Female,40.0,8,189885.6059967788,4,0,1,57065.63728308883,0
2624,52303077,Surname_2624,709,France,Male,27.0,3,202780.4262563767,3,1,0,98352.54837323062,1
2625,67327480,Surname_2625,598,France,Female,33.0,0,119033.3079782304,1,0,0,86060.88435587312,0
2626,38530574,Surname_2626,615,Spain,Female,34.0,3,18491.21926180275,1,0,0,84428.42024172333,1
2627,70252787,Surname_2627,444,Germany,Female,54.0,8,47720.1570606765,4,0,0,10207.555406107744,1
2628,53544458,Surname_2628,568,Germany,Female,19.0,8,25776.18837905829,4,1,0,74750.46099579593,0
2629,26164354,Surname_2629,363,Germany,Female,41.0,9,244408.3907426502,4,1,1,134938.80510737104,1
2630,25230108,Surname_2630,740,France,Female,58.0,2,226731.14154468087,4,1,1,51722.5096145671,1
2631,51532837,Surname_2631,735,France,Female,28.0,3,11056.827971972578,4,0,1,42984.92529909447,1
2632,82045919,Surname_2632,668,Germany,Female,47.0,6,69612.06744177741,4,0,0,49712.97484860707,1
2633,52508171,Surname_2633,480,France,Female,57.0,1,192343.84477712234,2,0,1,139806.14915034964,1
2634,58085037,Surname_2634,389,Spain,Male,58.0,2,238763.69410262196,3,1,1,137788.09850589014,1
2635,57633484,Surname_2635,407,Spain,Male,48.0,6,127776.11276683462,2,1,0,52190.469026626655,1
2636,13219837,Surname_2636,712,France,Male,56.0,3,40552.857609613166,4,1,1,37313.34677774905,1
2637,66581677,Surname_2637,544,France,Female,32.0,0,161546.43560525356,1,1,0,107575.93019872524,1
2638,57443332,Surname_2638,765,Spain,Male,39.0,7,49033.12852431957,3,1,0,41237.11538440115,0
2639,87573667,Surname_2639,445,Germany,Male,21.0,6,224729.3532010036,3,0,0,18949.542653616205,0
2640,83494160,Surname_2640,376,Spain,Male,22.0,6,104699.5596247878,1,0,0,88591.41751152014,1
2641,37120492,Surname_2641,819,Spain,Female,27.0,9,97072.44407929435,2,1,0,112756.37079051336,1
2642,32954475,Surname_2642,436,France,Male,35.0,2,164139.05660972954,4,1,0,136424.77749491212,1
2643,59006152,Surname_2643,779,Spain,Male,59.0,5,11834.298996174359,1,0,1,106710.54521219802,1
2644,76259769,Surname_2644,398,Spain,Male,42.0,1,122475.65250126585,1,1,0,127395.49855180693,0
2645,73849958,Surname_2645,689,France,Male,29.0,5,46964.69881909329,4,0,1,133031.91022712897,0
2646,64516619,Surname_2646,683,France,Female,24.0,9,225422.51490157144,4,0,0,73718.09075591274,1
2647,44017460,Surname_2647,710,Germany,Female,53.0,8,135320.3739889941,4,1,1,12633.7009018872,1
2648,56533080,Surname_2648,472,France,Male,45.0,6,107876.07102567876,3,1,1,46182.06930701336,0
2649,29406072,Surname_2649,408,Germany,Male,34.0,9,145205.7342281299,1,0,1,80251.71467630302,0
2650,74588886,Surname_2650,664,Germany,Female,59.0,4,88471.77796790686,4,0,1,15563.59688820949,0
2651,56693960,Surname_2651,430,Spain,Male,23.0,8,246837.01590110044,4,0,0,88451.43728293097,1
2652,75493928,Surname_2652,832,France,Female,58.0,6,55988.33377090007,1,0,1,34806.60341999511,1
2653,36851664,Surname_2653,550,Germany,Male,54.0,1,135477.33727727702,1,0,0,104406.27156011261,1
2654,31517171,Surname_2654,843,France,Male,20.0,3,50933.689687185644,4,0,1,85923.20194407056,0
2655,65530807,Surname_2655,535,France,Male,56.0,1,156164.41546165355,1,0,1,123074.43931404784,1
2656,69818733,Surname_2656,549,Spain,,26.0,5,243387.71173045886,2,0,0,70799.43340975515,1
2657,95069935,Surname_2657,580,Spain,Male,47.0,7,211691.87121334858,1,0,1,56366.425371660276,0
2658,21777353,Surname_2658,551,France,Male,29.0,0,241778.83864334936,4,1,0,11658.087289323483,0
2659,24038014,Surname_2659,672,Germany,Male,19.0,3,227897.6319235774,1,1,0,136468.65458517085,1
2660,56844934,Surname_2660,610,Germany,Male,53.0,4,4858.418480233717,2,1,1,15249.435493888439,0
2661,31371054,Surname_2661,794,Spain,Female,45.0,7,131744.8662693061,4,1,0,13272.259432119177,1
2662,44273939,Surname_2662,487,France,Female,18.0,4,209908.31474117868,2,0,0,48563.65206201576,0
2663,96993044,Surname_2663,443,Germany,Male,38.0,8,238721.06628397427,4,0,1,121649.48478879727,1
2664,83079213,Surname_2664,437,Germany,Female,46.0,8,114349.33685715856,4,0,0,96363.29550895684,0
2665,68650707,Surname_2665,781,Germany,Female,32.0,9,69374.36434080116,4,1,1,21040.16305091165,1
2666,51244317,Surname_2666,407,France,Male,47.0,3,32084.83453748251,3,1,0,139120.81287608139,0
2667,83813458,Surname_2667,808,Spain,Female,55.0,9,112896.43917535474,3,0,0,142638.9820935255,0
2668,13815793,Surname_2668,846,Spain,Female,51.0,5,188228.8864480457,3,0,0,49696.69632451996,1
2669,55850655,Surname_2669,458,Spain,Male,48.0,1,177744.5033983737,2,1,0,34128.903912054906,0
2670,85469898,Surname_2670,578,Germany,Male,33.0,7,127577.98291255215,1,1,1,53206.13042917693,0
2671,26228684,Surname_2671,671,France,Male,39.0,9,207831.05006665798,4,1,1,103458.95551256284,0
2672,39548977,Surname_2672,584,Spain,,32.0,9,147296.91941788886,4,1,0,39742.16552678202,0
2673,63920901,Surname_2673,468,Germany,,20.0,2,230438.90385358897,1,0,0,17476.86145437563,1
2674,28529826,Surname_2674,777,Germany,Female,58.0,6,44507.57918900236,4,0,1,68293.50034458167,0
2675,86988647,Surname_2675,448,France,Male,21.0,8,63868.703929305884,1,0,1,86014.8364498221,1
2676,35503247,Surname_2676,772,France,Male,41.0,6,175689.38535223168,2,1,0,21790.884506954833,0
2677,46871420,Surname_2677,423,Germany,,32.0,5,99076.13997500064,4,1,1,102014.82299031832,0
2678,78043409,Surname_2678,666,France,Male,39.0,5,112320.5038548993,1,1,1,84173.25026693776,0
2679,86106694,Surname_2679,354,Spain,Female,56.0,7,242988.9420493408,1,0,1,76058.3805422022,1
2680,46370570,Surname_2680,753,France,Female,23.0,5,5540.287905626828,1,0,1,75651.81529505226,1
2681,98929333,Surname_2681,704,Germany,Female,36.0,0,226919.02959478434,2,0,1,123100.10309184418,0
2682,38882601,Surname_2682,606,France,Male,42.0,4,90264.13242524059,4,1,0,36936.5582209298,1
2683,13755470,Surname_2683,457,France,Female,33.0,5,220854.74492693107,4,0,0,72685.05337471724,0
2684,89711732,Surname_2684,755,France,Female,35.0,9,173714.13871084154,4,1,0,25097.180518231304,1
2685,93349615,Surname_2685,830,France,,37.0,3,102139.93363200025,1,1,1,110015.22837118863,1
2686,53063327,Surname_2686,416,Germany,Female,38.0,8,101425.71310283113,3,0,0,14839.48401784499,0
2687,83046511,Surname_2687,526,France,Female,21.0,4,195464.94248648573,4,1,0,50480.59991473321,0
2688,80274165,Surname_2688,811,Spain,Male,19.0,4,155065.44818777975,4,1,1,114533.3560728413,1
2689,50714475,Surname_2689,619,Spain,Female,44.0,8,58873.51609210631,1,0,1,50598.279826505284,0
2690,54420590,Surname_2690,736,Germany,Male,31.0,4,217285.14022593125,1,1,1,77745.16209602161,1
2691,32461605,Surname_2691,703,France,Female,31.0,7,203951.38631204932,4,1,0,77047.13809684505,1
2692,30812366,Surname_2692,653,Spain,Female,30.0,1,173327.57058132632,2,1,0,98453.41683937161,1
2693,41137945,Surname_2693,543,Spain,Female,19.0,0,231129.08696057744,1,1,0,74480.70564912954,1
2694,18534239,Surname_2694,479,France,Female,54.0,1,228046.31995281213,1,1,0,72140.67232828538,0
2695,40058215,Surname_2695,431,Germany,Male,43.0,7,6602.064886305631,2,1,0,51805.115375957066,1
2696,32452835,Surname_2696,570,Spain,Male,22.0,5,137855.32950818996,4,0,0,72283.60694514445,1
2697,83858783,Surname_2697,444,Spain,Female,48.0,0,136022.68549107324,4,0,0,115122.62357524026,0
2698,37547774,Surname_2698,418,Spain,Male,54.0,3,245430.28165863495,2,0,1,134062.51766240958,1
2699,48813398,Surname_2699,719,Spain,Female,48.0,5,36043.12410354232,3,1,1,142681.3344944771,1
2700,79689270,Surname_2700,511,Spain,Male,51.0,1,65144.98088335993,3,0,0,88171.28329106288,1
2701,99118886,Surname_2701,446,France,Male,37.0,8,81258.97057210768,2,1,0,118030.85406035146,0
2702,55213819,Surname_2702,350,France,Female,59.0,4,122147.24605811214,3,0,0,65728.54797550835,1
2703,30051762,Surname_2703,690,France,Male,45.0,7,53342.177120062144,4,0,1,90244.61129872187,0
2704,35939982,Surname_2704,435,France,Female,54.0,9,52059.115826486646,2,0,0,116406.05005667488,0
2705,51414163,Surname_2705,609,Germany,Male,53.0,2,3070.0818625701286,4,0,1,139380.45814481308,0
2706,75549919,Surname_2706,710,Spain,Female,59.0,6,98595.95854091899,2,0,1,111600.79445480501,0
2707,40312069,Surname_2707,695,Spain,Female,36.0,7,58246.17184569161,2,1,1,126713.27444471173,0
2708,78469420,Surname_2708,420,Spain,Male,31.0,8,22543.5666027852,2,1,0,72740.35829527056,1
2709,17229526,Surname_2709,640,Spain,Female,56.0,8,138255.84611491443,2,0,1,140754.47404653986,1
2710,41678387,Surname_2710,488,France,Male,38.0,2,105634.73131514317,1,1,0,17957.145225944212,0
2711,12767685,Surname_2711,511,France,Male,40.0,2,240159.6840328801,4,0,0,109267.34647125938,0
2712,51632540,Surname_2712,495,France,Male,43.0,8,146047.86512099506,2,0,1,120958.0399124909,0
2713,41299160,Surname_2713,471,Spain,Female,45.0,5,170794.1103562488,2,0,0,62226.08956950557,0
2714,73771482,Surname_2714,584,France,Male,39.0,8,110563.12475391178,2,1,0,39165.306082557436,1
2715,33899964,Surname_2715,772,Germany,Female,34.0,4,122995.47997076002,2,1,1,82164.3774252682,1
2716,76328445,Surname_2716,503,Spain,Female,36.0,0,100211.25569076136,1,0,0,140941.15976090013,0
2717,39239314,Surname_2717,482,Germany,Female,51.0,3,159519.70418064762,3,0,0,116295.34266991819,0
2718,21560957,Surname_2718,764,France,Male,23.0,6,105229.28541806775,3,0,0,120975.27036890095,0
2719,41135316,Surname_2719,813,Spain,Male,38.0,7,129348.48622967607,2,1,1,33852.01340657089,1
2720,74209179,Surname_2720,607,France,Male,59.0,3,216718.82122180166,1,0,1,123797.88890558324,0
2721,17991546,Surname_2721,560,France,Male,40.0,8,52488.93801430965,4,1,1,131674.21021617338,0
2722,11843979,Surname_2722,660,Spain,Male,26.0,6,192118.85515368235,1,0,1,104790.41725111476,0
2723,50968766,Surname_2723,411,France,Female,22.0,5,178157.01629911383,2,1,1,124472.66760680298,0
2724,36492059,Surname_2724,515,Spain,Male,18.0,6,45110.711495626485,3,1,0,88975.64583900728,1
2725,68341911,Surname_2725,754,Spain,,29.0,2,148245.98300643117,1,1,1,58468.14199880249,1
2726,96012958,Surname_2726,424,Spain,Male,53.0,9,218684.42343695022,4,1,0,96750.98028868456,0
2727,56022208,Surname_2727,679,Germany,Female,21.0,7,51719.16191538609,3,1,0,25791.621209736444,0
2728,34777804,Surname_2728,456,Germany,,40.0,0,120519.44592351755,4,1,1,137436.35979770144,1
2729,97502791,Surname_2729,567,Spain,Female,18.0,5,74838.35696534962,3,0,1,87064.28353215949,0
2730,20107394,Surname_2730,442,Germany,Male,28.0,7,79204.01920148182,4,0,0,20142.41899115606,1
2731,44336149,Surname_2731,844,Germany,Female,51.0,3,209.18268706593412,3,0,0,145433.33858505107,1
2732,19816667,Surname_2732,364,Germany,Male,36.0,9,233930.007557439,2,0,1,39676.53592047052,1
2733,92072745,Surname_2733,657,France,Male,44.0,7,156908.468908422,4,0,0,133048.3451814052,1
2734,26048645,Surname_2734,606,Germany,Male,18.0,8,125387.03783326678,3,0,1,121615.09963371592,0
2735,17593451,Surname_2735,828,France,Female,18.0,1,1525.5667385258575,2,1,1,16618.288084402244,1
2736,84604027,Surname_2736,543,Spain,Female,28.0,0,31523.63615718004,2,1,0,122287.64371818326,1
2737,24852728,Surname_2737,765,France,Male,23.0,9,20230.797873095315,2,0,1,141686.04012468384,0
2738,57810800,Surname_2738,629,France,Male,49.0,8,50484.50117365297,1,0,1,107159.28486843006,1
2739,31458340,Surname_2739,718,France,Female,30.0,8,37129.17679543248,1,0,0,21810.46223907821,0
2740,28532333,Surname_2740,354,France,Female,22.0,1,174203.4595615729,2,1,1,123098.61088350517,0
2741,58105206,Surname_2741,719,Germany,Female,53.0,3,231206.1087478746,4,1,1,88501.97605997068,1
2742,20578220,Surname_2742,386,Germany,Male,41.0,4,104836.74240830915,1,1,0,114284.4501309567,0
2743,67616758,Surname_2743,681,Spain,Male,35.0,4,184466.88263391602,2,1,1,54671.40776836886,1
2744,51374589,Surname_2744,655,France,Male,59.0,1,113771.59366930161,3,1,0,131616.7236964815,1
2745,96626889,Surname_2745,547,Germany,Female,51.0,7,134698.06715221802,2,0,1,145362.13005678958,1
2746,61784426,Surname_2746,729,Germany,,50.0,8,208769.4860090052,3,0,0,32160.10257624131,0
2747,28905588,Surname_2747,665,Germany,Female,50.0,2,174850.20551208124,1,1,1,47575.02734414943,1
2748,99282705,Surname_2748,514,Germany,Male,23.0,4,236498.98970910243,4,1,1,110164.23432507546,1
2749,43491559,Surname_2749,688,France,Female,39.0,6,199461.37383230182,2,0,1,27392.0291137695,1
2750,89748738,Surname_2750,359,Germany,Female,38.0,5,27081.77269219872,3,1,1,81414.74699108604,1
2751,27824189,Surname_2751,445,France,Female,36.0,3,226228.00982275806,2,0,0,106129.98724035356,0
2752,37971791,Surname_2752,522,France,Male,34.0,8,232616.9456258694,2,0,0,143237.2131048145,0
2753,90020179,Surname_2753,519,France,Male,21.0,4,62416.66632216855,1,0,0,109657.62457020486,1
2754,92682201,Surname_2754,568,France,Female,51.0,4,45901.0158260752,2,0,1,63108.20779415899,1
2755,75628221,Surname_2755,386,Germany,Male,43.0,6,153966.53854164688,2,1,1,127369.58793156731,0
2756,49932824,Surname_2756,803,Germany,Male,47.0,9,140962.10983394427,2,1,0,71249.75741393887,1
2757,48309786,Surname_2757,350,France,Female,51.0,5,159928.55651215118,4,0,1,81047.84326281413,0
2758,80433386,Surname_2758,535,France,Female,25.0,7,33635.07415289757,2,1,0,126867.34859610989,0
2759,74419314,Surname_2759,512,Spain,Male,33.0,9,64778.092118822904,3,1,1,122729.93884075682,0
2760,96105026,Surname_2760,617,Spain,Male,34.0,6,225514.9436288319,2,0,0,94464.79495028064,1
2761,23213220,Surname_2761,554,Spain,Female,32.0,0,90446.44042406924,3,1,1,59820.75915720996,0
2762,84831695,Surname_2762,586,Spain,Female,37.0,5,217366.59722004528,4,1,1,100918.90946085087,1
2763,57596915,Surname_2763,414,Spain,Female,36.0,3,196460.14010647798,3,0,0,14690.910265193925,1
2764,76894588,Surname_2764,784,Germany,Male,57.0,1,240945.16510850115,1,1,1,71308.02565178127,0
2765,48384379,Surname_2765,594,Spain,Male,46.0,1,142025.62543887683,1,0,1,113420.10362432052,1
2766,64408838,Surname_2766,366,Spain,Female,30.0,3,26682.543799971205,1,0,1,40816.50653784648,0
2767,55789394,Surname_2767,670,Spain,Male,18.0,5,13227.484957398588,2,0,1,90576.99308014865,0
2768,17630276,Surname_2768,708,France,Male,24.0,1,248518.31291448037,3,0,0,121022.4667524156,1
2769,68215872,Surname_2769,509,France,Male,41.0,6,19061.407657932155,3,1,1,82678.70538438178,1
2770,21302447,Surname_2770,381,Germany,Male,51.0,7,105971.36536237672,3,0,0,70177.4030101497,1
2771,55988837,Surname_2771,419,Spain,Female,31.0,2,218907.2675580787,3,1,0,31526.28487905613,0
2772,75505825,Surname_2772,838,Germany,Female,48.0,3,9835.186399648393,4,1,0,115359.73663707067,1
2773,41029147,Surname_2773,810,France,Male,57.0,5,216249.15329153006,1,1,1,98562.6450680476,0
2774,28787535,Surname_2774,443,Spain,Male,54.0,2,67754.05774854038,2,1,0,140225.44581154577,1
2775,55185321,Surname_2775,462,Germany,Female,54.0,1,52349.86038470127,1,0,1,148489.212134449,0
2776,89092320,Surname_2776,810,Germany,Male,52.0,8,208997.69111177648,2,1,1,21502.756324803013,1
2777,76468928,Surname_2777,830,France,Male,31.0,2,48939.22706460843,3,1,0,111154.05943360121,0
2778,29955702,Surname_2778,695,France,Male,30.0,4,184568.64790320088,1,0,1,65232.712538977146,1
2779,39335468,Surname_2779,662,France,Male,57.0,1,150808.74303219738,4,0,0,56956.086296735135,0
2780,12234070,Surname_2780,436,Germany,Male,18.0,3,38741.02634947046,3,0,1,42614.22342799735,0
2781,31716007,Surname_2781,483,France,Female,32.0,2,143651.26074570147,4,1,1,54449.0818056432,0
2782,64118904,Surname_2782,532,Germany,Female,50.0,2,135699.9185040534,3,0,1,70995.30978605498,0
2783,26110595,Surname_2783,743,France,Female,47.0,2,164296.2738344712,2,0,0,82111.74057258588,1
2784,74256858,Surname_2784,632,Spain,Male,35.0,5,105771.07029874704,3,0,1,147163.30127134218,0
2785,84920926,Surname_2785,733,France,Male,35.0,0,185517.39287608003,4,1,1,42290.96316497079,1
2786,26544833,Surname_2786,458,France,Female,47.0,3,8778.057849799625,3,1,0,143195.55099439452,1
2787,14082169,Surname_2787,698,France,Male,35.0,0,11049.359701133133,2,1,0,27630.30385344106,0
2788,93519135,Surname_2788,778,Germany,Male,35.0,4,176865.10019947108,4,1,1,106558.2944385226,1
2789,45728099,Surname_2789,560,France,Female,55.0,2,4351.508387659575,3,0,0,110539.48327554665,1
2790,54529956,Surname_2790,480,France,Female,42.0,7,51203.06711901868,4,0,1,64635.96528390126,1
2791,28777770,Surname_2791,613,Spain,Female,58.0,0,37769.9983562213,3,1,0,109740.45863166405,1
2792,36425037,Surname_2792,820,France,Female,35.0,6,75692.889946598,4,0,1,79828.8197985784,0
2793,72267161,Surname_2793,785,Germany,Female,34.0,0,211251.61111887943,2,0,0,132416.57961092354,0
2794,49148348,Surname_2794,585,France,Female,26.0,0,154159.5425734788,3,0,1,61424.36925621166,1
2795,63730144,Surname_2795,399,France,Male,41.0,8,59558.99485318669,2,1,1,46412.801703561454,1
2796,87858953,Surname_2796,766,Germany,Female,46.0,6,149648.17718055504,1,0,0,141634.39752286102,0
2797,57296323,Surname_2797,450,Spain,Male,31.0,3,216712.25657642435,1,1,1,53895.87595227048,1
2798,89629250,Surname_2798,677,France,Male,56.0,2,61770.00940631747,4,0,1,58982.0558182572,1
2799,89039739,Surname_2799,785,Germany,Female,19.0,1,45627.709275509995,4,0,0,18252.972604128176,1
2800,88799947,Surname_2800,825,Spain,Female,27.0,2,28377.71570651465,2,1,1,30834.245610793398,0
2801,94679362,Surname_2801,717,France,Male,43.0,8,54449.42435895006,2,1,0,117873.38357474918,0
2802,49562964,Surname_2802,590,Spain,Male,29.0,1,115790.61788713085,2,0,0,100545.2934088439,0
2803,59930112,Surname_2803,772,Germany,Male,31.0,8,131349.64296696987,2,1,1,118630.00272854217,0
2804,72530611,Surname_2804,428,Spain,Female,34.0,9,148810.7411772554,2,0,0,143951.78567336267,1
2805,17792332,Surname_2805,450,Spain,Male,19.0,3,22422.07089978268,3,1,0,48621.49596563429,1
2806,55402494,Surname_2806,667,France,Male,30.0,7,31762.103751881878,2,1,0,93200.34005055083,0
2807,52764706,Surname_2807,585,Germany,Male,55.0,7,77149.05175268052,1,0,0,19645.443168702033,0
2808,71337021,Surname_2808,520,Germany,Female,24.0,5,160894.54634756988,4,0,0,42141.171595757376,0
2809,27977545,Surname_2809,826,Spain,Male,37.0,8,162000.5826628742,4,0,0,34915.82595869707,1
2810,62543171,Surname_2810,763,Germany,,38.0,0,70300.54225621116,3,1,0,47715.01886128936,0
2811,13457141,Surname_2811,549,Spain,Female,43.0,2,217782.21251882127,3,1,0,72806.99688728864,0
2812,78425538,Surname_2812,564,Spain,Male,58.0,3,1624.9075620597687,3,0,0,121240.43590580409,1
2813,22672171,Surname_2813,619,Germany,Male,40.0,7,210684.65408812012,3,1,0,136667.0657696102,0
2814,64676004,Surname_2814,728,Germany,Male,36.0,4,96781.77684739459,3,1,1,125599.00501931441,1
2815,91722132,Surname_2815,510,France,Female,51.0,8,62893.12389572121,3,0,0,147667.7191859147,0
2816,80931723,Surname_2816,366,France,Female,28.0,7,74844.88882596638,3,1,0,135162.41610736348,1
2817,48326297,Surname_2817,698,Germany,Male,50.0,3,31160.803048365717,2,1,1,29165.505687701927,0
2818,42141191,Surname_2818,505,Germany,Female,21.0,1,1215.814707493351,4,1,1,63622.16258702663,0
2819,86695052,Surname_2819,546,Spain,Male,31.0,1,131570.530841026,2,0,0,93257.94677343054,1
2820,71782035,Surname_2820,381,Germany,,29.0,5,167989.94319011772,1,0,1,79158.41800554498,1
2821,37885191,Surname_2821,708,Germany,Female,41.0,2,239482.9370751547,4,0,0,47594.705050768964,0
2822,11989144,Surname_2822,560,France,Female,25.0,5,185132.95476626104,1,0,1,51663.02643273106,1
2823,11551193,Surname_2823,595,Germany,Male,23.0,9,46035.99773687386,1,0,1,35623.65447467351,1
2824,31444444,Surname_2824,833,Germany,Male,29.0,9,67430.13246435775,4,0,0,18444.96654260301,1
2825,99461355,Surname_2825,711,Spain,Female,23.0,2,144255.5312952027,1,0,1,63517.50150485632,0
2826,47121068,Surname_2826,659,France,Male,38.0,1,101063.70892895012,3,0,0,20527.274617880117,1
2827,51338001,Surname_2827,522,France,Male,42.0,5,156981.34062428784,1,0,0,46184.95880165667,0
2828,53425466,Surname_2828,765,France,Female,26.0,1,19968.140801793237,4,0,0,14089.059956729736,1
2829,26652766,Surname_2829,829,Spain,Female,56.0,5,49214.77577175928,2,0,0,47692.28167496171,0
2830,42586219,Surname_2830,371,Spain,Male,51.0,8,53512.867182216345,1,0,0,74390.24154509784,0
2831,76346533,Surname_2831,351,France,Female,32.0,8,103290.70233648043,4,0,1,58853.96986893895,0
2832,96556331,Surname_2832,783,France,Female,50.0,2,142541.94721025563,4,1,0,36346.237438692624,0
2833,63865213,Surname_2833,530,France,Male,27.0,3,94367.62667968743,2,1,0,149187.9552180619,0
2834,55211288,Surname_2834,726,Spain,Female,21.0,1,113885.33795782166,2,0,1,54420.51974842717,1
2835,46469274,Surname_2835,698,Germany,Male,45.0,1,81328.67799805716,1,1,0,26509.89429016294,1
2836,70595710,Surname_2836,725,France,Female,55.0,9,163648.567800338,1,0,1,122185.89401695182,0
2837,13182713,Surname_2837,626,Spain,Female,18.0,8,225927.63601205318,2,1,1,19398.347420181854,1
2838,10579284,Surname_2838,652,Spain,Male,23.0,4,164793.83601657112,1,0,0,11901.97142808323,1
2839,71038319,Surname_2839,612,France,Male,33.0,8,29287.39314045156,1,1,1,51836.80565392546,0
2840,85825896,Surname_2840,395,Spain,Male,38.0,3,152788.33589151362,1,0,0,17445.185737404987,0
2841,49308985,Surname_2841,737,France,,57.0,7,158003.4815815816,4,0,0,64302.669155202624,0
2842,10176006,Surname_2842,628,Germany,Female,18.0,5,126271.73620508736,4,1,1,124468.25345678836,0
2843,81841844,Surname_2843,638,France,Female,53.0,3,54389.378834845265,3,1,0,49035.93109730025,0
2844,51751664,Surname_2844,742,Germany,Female,45.0,8,188979.4963080784,4,1,1,109433.49142527892,0
2845,41455919,Surname_2845,615,Spain,Male,32.0,5,248549.10984330048,4,0,0,80876.51911904292,1
2846,65100450,Surname_2846,744,Germany,Male,21.0,2,138362.45487607052,2,1,1,114464.51409609814,1
2847,48802781,Surname_2847,524,Spain,Female,57.0,8,161931.68253507602,4,1,1,92454.32549101955,1
2848,97710135,Surname_2848,497,France,Female,48.0,2,221830.75370116954,3,1,0,95836.51807798016,1
2849,21034096,Surname_2849,698,Germany,Male,59.0,5,100224.70621485052,3,1,1,126153.7065016082,1
2850,23629547,Surname_2850,833,Spain,Male,45.0,4,197402.55169841787,4,1,0,100527.5576944748,0
2851,50960014,Surname_2851,418,Spain,Female,42.0,9,187440.45915915776,2,1,1,115092.8725214148,1
2852,21240265,Surname_2852,511,Spain,Male,21.0,1,70685.72301982487,4,0,1,22024.476840092728,1
2853,74048911,Surname_2853,656,France,Female,24.0,7,45694.61576647452,4,1,0,50570.719940165814,0
2854,36637541,Surname_2854,817,France,Male,42.0,2,149980.36090134198,1,0,0,32677.079499600633,0
2855,48248709,Surname_2855,821,France,Male,51.0,4,29444.16444790074,3,1,1,112357.5011962457,1
2856,31007717,Surname_2856,378,Spain,Female,27.0,3,203233.84323450102,1,1,0,87073.01019466195,0
2857,26989593,Surname_2857,695,Spain,Male,38.0,1,75025.8224782141,4,0,1,51633.61568898294,1
2858,96028289,Surname_2858,494,Germany,Male,24.0,5,97565.5162956674,2,0,1,111202.67089370034,0
2859,27047395,Surname_2859,365,France,Male,19.0,9,108928.11999516911,1,0,1,18730.8119442752,0
2860,46085925,Surname_2860,515,Germany,Female,35.0,7,63225.279353707614,1,1,1,17523.194068314897,0
2861,15322461,Surname_2861,605,Germany,Female,25.0,5,217819.92983202465,1,1,0,140076.22943995244,1
2862,37188895,Surname_2862,377,Spain,Male,26.0,0,240869.08259189109,2,1,0,19545.294323055015,1
2863,55210762,Surname_2863,818,Germany,Female,23.0,8,126832.79215358631,1,0,0,147165.92857413567,1
2864,96273674,Surname_2864,787,Spain,,32.0,0,159239.8209571596,3,0,1,104759.35143993385,0
2865,87392564,Surname_2865,789,Germany,Male,53.0,7,47412.50349403015,3,1,1,142485.98070622556,1
2866,48390842,Surname_2866,653,Spain,Male,29.0,6,247918.13186945062,1,1,0,75039.07087362434,1
2867,34217198,Surname_2867,749,France,Female,45.0,6,66166.62165047324,1,0,1,78653.95706531273,0
2868,62336131,Surname_2868,759,Spain,Female,36.0,5,23095.824460385662,1,1,1,19445.97081515696,0
2869,54210956,Surname_2869,435,Spain,Female,24.0,0,106966.51226987588,4,1,0,124297.41633385999,1
2870,54503135,Surname_2870,350,France,Female,42.0,3,137455.95753663126,3,1,1,12587.12905072612,0
2871,53152151,Surname_2871,588,France,Male,46.0,3,192189.29961394213,1,0,1,59465.08656614351,1
2872,62102434,Surname_2872,607,Spain,Female,19.0,8,166625.58712489568,1,1,1,38504.18751610005,1
2873,28020183,Surname_2873,821,France,Female,24.0,0,175186.43043448855,4,0,0,124892.95868482192,0
2874,38631805,Surname_2874,630,France,Male,46.0,9,79202.41075063456,4,1,0,76778.9884998127,0
2875,85332055,Surname_2875,485,France,Male,51.0,4,2217.723026339047,3,0,0,99474.7090775352,0
2876,74297303,Surname_2876,842,Germany,Male,30.0,4,10089.467769797993,1,1,0,69342.56567339036,1
2877,79636830,Surname_2877,371,France,Female,38.0,7,7468.98081580033,3,0,1,81218.67688359803,0
2878,75197668,Surname_2878,539,Spain,Female,25.0,5,70628.1994082111,4,1,0,104888.54358507047,1
2879,43299143,Surname_2879,741,Spain,Female,56.0,4,205153.3439233328,2,0,1,14047.654398287028,0
2880,87020908,Surname_2880,517,France,Male,55.0,0,98670.16459058228,1,1,1,98387.32996090714,0
2881,11966806,Surname_2881,414,France,Male,53.0,0,202109.2929490044,3,1,1,100847.33873010869,0
2882,40952812,Surname_2882,524,Spain,Male,58.0,7,90164.58968605398,3,0,1,148427.64990746745,0
2883,57566955,Surname_2883,846,Spain,Female,54.0,6,132824.65098763802,3,0,1,146916.42983445147,1
2884,12016758,Surname_2884,542,Germany,Female,37.0,2,109878.92190164236,2,0,1,140070.59960368535,1
2885,39874206,Surname_2885,396,Spain,Male,43.0,4,186713.5083310156,2,1,0,84650.21174234894,0
2886,28980195,Surname_2886,650,Spain,Female,59.0,1,128821.72477352803,2,0,0,100557.19585519245,0
2887,23255001,Surname_2887,488,Germany,Female,50.0,3,112557.58861159682,4,1,1,122120.89443397833,0
2888,98303592,Surname_2888,404,France,Female,43.0,4,171835.3405528976,3,0,1,107467.231319937,1
2889,44258702,Surname_2889,424,France,Male,41.0,6,122532.25321994442,3,1,0,92416.1326843269,1
2890,66521140,Surname_2890,731,France,Female,35.0,1,209308.28162891406,2,0,0,53803.72957927669,0
2891,17767407,Surname_2891,498,France,Male,39.0,6,6989.78084325394,3,0,0,80559.07515200987,1
2892,75247311,Surname_2892,703,Germany,Male,38.0,8,131921.63538898132,1,0,1,89909.13809410029,0
2893,38151833,Surname_2893,575,Spain,Male,27.0,8,248814.07325413811,2,1,1,131299.6499640937,1
2894,15100038,Surname_2894,521,France,Male,45.0,1,35465.19813262883,3,0,0,117147.98785214919,1
2895,73255240,Surname_2895,657,France,Male,21.0,3,125751.47209771162,4,1,0,65905.5733802463,1
2896,87333200,Surname_2896,779,Germany,Female,27.0,7,186097.50307721758,2,0,0,93091.7781370959,1
2897,42767284,Surname_2897,442,Spain,Male,38.0,5,105105.82716691402,2,1,0,104935.48704131579,0
2898,73994452,Surname_2898,398,Germany,Female,18.0,6,48173.144045028595,1,0,1,141692.6211072576,0
2899,99715546,Surname_2899,789,France,Male,54.0,3,29295.009748478733,4,0,1,32588.51950122035,0
2900,29111573,Surname_2900,546,Spain,Female,37.0,6,244913.53573177397,2,0,1,94885.2452424592,0
2901,11617728,Surname_2901,715,Spain,Male,35.0,2,167071.2733204363,2,1,0,56251.75794870445,1
2902,28712617,Surname_2902,799,Spain,,53.0,7,178338.1153649812,4,0,1,36391.49115565705,1
2903,70995732,Surname_2903,588,Spain,Female,26.0,8,119398.54601186991,1,1,0,46513.16008387862,0
2904,50898500,Surname_2904,830,Spain,Female,46.0,6,13462.6301007362,1,1,0,149990.9511762271,1
2905,32928911,Surname_2905,439,France,Female,55.0,6,63578.52714239009,4,0,0,46770.86257104886,0
2906,51106770,Surname_2906,351,France,Male,35.0,6,231636.34957205792,4,1,0,129203.9419452419,0
2907,21628910,Surname_2907,703,Germany,,32.0,0,33209.781711983385,3,0,0,104295.12016572978,0
2908,64697625,Surname_2908,617,Germany,,50.0,3,61437.214765995755,1,0,0,83087.98541733788,0
2909,82186247,Surname_2909,671,France,,50.0,2,82374.72596328416,2,0,0,98778.53324723135,0
2910,33565812,Surname_2910,358,Spain,Male,34.0,6,215031.3335720533,1,0,1,28861.682941698964,1
2911,58635817,Surname_2911,474,Spain,Female,55.0,2,164407.82119056664,1,0,1,14087.766570190131,0
2912,96814042,Surname_2912,529,France,Male,47.0,3,52701.46528807696,1,1,0,92441.51765023982,0
2913,93465802,Surname_2913,573,Spain,Male,18.0,9,127998.82844484576,3,0,0,38259.89136483031,1
2914,87275390,Surname_2914,463,France,Female,46.0,9,221344.94951947057,2,0,0,75934.23235238908,1
2915,51057278,Surname_2915,632,France,Female,49.0,7,241048.49979644286,3,0,0,69906.12383231308,0
2916,26594937,Surname_2916,428,Germany,Female,50.0,3,51344.36309526266,2,0,0,145949.34001175515,0
2917,56542257,Surname_2917,653,Spain,Male,40.0,8,245666.05223823222,1,0,1,81244.77423248034,0
2918,14178398,Surname_2918,662,Spain,Male,55.0,3,153007.3253861837,3,0,1,54535.81594033202,1
2919,39868334,Surname_2919,667,France,Female,49.0,7,99457.87178513053,3,1,1,90857.29376925237,0
2920,34732123,Surname_2920,738,Germany,Male,53.0,9,7735.078956830954,2,1,1,115272.58667283732,0
2921,31996579,Surname_2921,536,France,Female,44.0,5,203992.10205322772,3,1,1,78475.57686725665,1
2922,59885239,Surname_2922,665,Germany,Female,20.0,8,87860.67664809673,3,0,0,66293.38856813015,0
2923,62113198,Surname_2923,372,France,Male,42.0,5,96471.66199676906,2,1,0,17893.048604601427,0
2924,32311851,Surname_2924,797,France,Female,58.0,3,244211.09992223163,3,0,0,27927.75452220776,1
2925,44265226,Surname_2925,587,Germany,Female,30.0,6,121976.93061187878,3,1,0,31616.097008377525,1
2926,80714551,Surname_2926,369,France,Male,22.0,7,126498.29203032947,4,0,0,39377.64552483153,0
2927,41760026,Surname_2927,628,Germany,Female,36.0,6,135773.98338752636,3,0,1,145448.06515692957,0
2928,92009958,Surname_2928,822,Spain,,40.0,3,223915.14032742404,1,1,0,111285.61191440898,0
2929,41466785,Surname_2929,639,Spain,Male,41.0,8,219007.3414923596,1,0,0,76821.04580309027,0
2930,33962793,Surname_2930,822,Spain,Female,34.0,9,175114.37530930145,4,1,1,136100.5244997633,1
2931,87605010,Surname_2931,822,France,Female,32.0,2,159890.24201929767,3,0,0,36871.99097142153,1
2932,73232644,Surname_2932,652,France,Female,34.0,7,19923.137465035183,3,0,0,68027.44309537197,0
2933,83804449,Surname_2933,390,Spain,Female,24.0,6,217739.83501940765,3,1,1,23987.80887025875,1
2934,23693044,Surname_2934,770,Germany,Male,34.0,3,98618.46712160422,2,1,1,109932.6172783155,1
2935,51965688,Surname_2935,520,Spain,Male,40.0,4,95541.09045427639,4,1,0,131159.57041856885,0
2936,30396987,Surname_2936,428,Germany,Female,23.0,6,99484.14581767956,1,0,1,81723.82371302207,0
2937,39571783,Surname_2937,398,Germany,Female,32.0,6,97451.28441983553,2,1,1,132949.61048626946,1
2938,95178084,Surname_2938,815,Spain,Male,19.0,0,169636.67995897727,1,1,0,103473.72587032542,1
2939,77378893,Surname_2939,566,France,Male,33.0,2,61386.202440974674,2,1,1,114408.84777017153,1
2940,29144903,Surname_2940,400,Germany,Female,34.0,4,86512.34030504074,2,0,1,44014.07440668677,1
2941,88858952,Surname_2941,479,Germany,Male,33.0,4,146776.9994065641,4,0,0,95845.64345093159,0
2942,71617155,Surname_2942,405,France,Male,26.0,7,105271.20767239209,4,1,1,139052.17033554387,0
2943,58200290,Surname_2943,737,Germany,Male,50.0,0,49420.000033062126,4,1,1,19674.611348860533,0
2944,23132655,Surname_2944,517,Germany,Male,29.0,3,54573.49212285936,4,0,1,97008.66436011187,1
2945,56703103,Surname_2945,654,Germany,Female,32.0,8,80066.71536923654,2,1,1,46645.67483327763,0
2946,70505795,Surname_2946,778,Germany,Male,37.0,0,29947.037138743053,4,1,0,51562.8683713317,0
2947,92804082,Surname_2947,532,France,Male,31.0,8,160675.20688687652,3,0,0,113349.72841650526,1
2948,66380395,Surname_2948,426,France,,48.0,7,62783.93990080389,2,1,0,93627.3218975496,1
2949,15510714,Surname_2949,550,Germany,Male,37.0,1,136389.6859466475,3,1,0,113851.86018895259,1
2950,26201059,Surname_2950,352,France,Female,30.0,4,61995.18821346797,3,1,1,18273.033607222846,1
2951,91930229,Surname_2951,763,Germany,Female,43.0,9,96132.17128362095,4,0,1,79358.8571854195,0
2952,14266814,Surname_2952,816,France,Male,55.0,5,151508.53932818735,3,0,0,82283.76317060993,1
2953,39341622,Surname_2953,625,Spain,Male,30.0,1,7823.912074232941,2,1,1,22840.125042487725,0
2954,41982389,Surname_2954,841,Spain,Male,41.0,7,121158.6945740889,1,1,1,101992.65349675706,1
2955,92460254,Surname_2955,506,Germany,Female,47.0,6,176279.96562289257,4,0,0,149025.7365934613,1
2956,93112278,Surname_2956,695,France,Male,47.0,8,22686.88540917921,3,1,1,124537.75360547015,1
2957,33827921,Surname_2957,402,Spain,Female,33.0,5,198644.86490201252,1,0,1,104020.335651628,0
2958,95592363,Surname_2958,452,Germany,Male,21.0,6,115540.2989517487,4,0,1,131449.95271103334,0
2959,81273710,Surname_2959,663,Spain,Female,22.0,5,27431.40385698592,3,0,0,133626.1873671168,1
2960,81805430,Surname_2960,357,Germany,Male,49.0,6,25957.20965512702,1,1,0,130081.5821162413,0
2961,83901931,Surname_2961,603,France,Male,39.0,5,70475.31502517659,2,1,0,53560.5033420034,0
2962,14455393,Surname_2962,747,Germany,Male,18.0,2,181814.78368811024,4,1,0,102896.00747705383,1
2963,79924174,Surname_2963,522,France,Male,59.0,2,109168.52086876341,1,1,1,18663.242696982437,1
2964,52332747,Surname_2964,811,France,Female,22.0,8,176917.2090598674,2,1,0,131902.26559691766,0
2965,87331908,Surname_2965,477,Germany,Female,49.0,4,161458.83954474356,2,1,1,94156.8672422446,0
2966,23115311,Surname_2966,689,Germany,Male,24.0,2,17348.928508404195,1,0,1,146154.8946947809,0
2967,41428868,Surname_2967,712,Spain,Female,55.0,9,146089.58186229249,4,0,0,112478.27817815059,1
2968,33045702,Surname_2968,660,Germany,Female,22.0,0,234342.67592544257,2,1,1,128314.38356937315,1
2969,76401429,Surname_2969,518,Germany,Female,55.0,9,100336.38089226543,1,1,0,45430.61546204014,1
2970,30770297,Surname_2970,776,Germany,Female,29.0,0,53218.559480832126,2,1,0,57208.4422348449,0
2971,38259885,Surname_2971,712,Germany,Male,36.0,0,36840.63076499042,1,0,0,108897.42206740704,1
2972,76094817,Surname_2972,707,France,Female,49.0,7,150443.4728852097,4,1,1,46500.51757258428,0
2973,80014839,Surname_2973,454,Spain,Female,56.0,3,12363.84243450489,2,1,1,139092.34349338556,0
2974,38521101,Surname_2974,623,France,Male,34.0,6,46584.77153200705,3,0,0,119964.6673189472,1
2975,65873595,Surname_2975,594,Germany,Female,44.0,1,59818.34746541581,4,1,1,143504.75556553932,0
2976,99847573,Surname_2976,779,France,Male,40.0,2,93698.02610614816,1,1,0,126636.05540326059,1
2977,19458141,Surname_2977,460,France,Male,59.0,9,109161.92302780437,1,1,0,123109.49895125991,0
2978,45593897,Surname_2978,807,Germany,Female,37.0,9,83370.66986868439,3,0,1,136584.81962588427,1
2979,75038332,Surname_2979,489,Germany,Male,40.0,6,39881.0919773234,3,1,0,25220.932125590698,0
2980,55009784,Surname_2980,828,Spain,Female,49.0,3,187579.56686706253,4,1,0,122936.26257489619,0
2981,72371794,Surname_2981,442,France,Female,25.0,6,62784.7200835785,4,0,0,91817.65242777654,1
2982,73250842,Surname_2982,459,France,Female,45.0,2,34662.71184426731,2,1,1,140410.2366966403,0
2983,23430223,Surname_2983,732,France,Female,57.0,8,61713.976403133864,3,1,0,21081.117945248036,0
2984,11099827,Surname_2984,728,France,Female,24.0,7,49587.03627752725,4,1,0,127634.73208429004,1
2985,11380597,Surname_2985,704,Germany,Female,20.0,3,139576.07218336797,2,0,0,108350.54620026672,0
2986,52121872,Surname_2986,782,France,Female,55.0,1,207392.67466634116,4,1,1,74739.61448648205,1
2987,61165866,Surname_2987,797,France,Female,40.0,8,48695.51666447974,3,1,0,12972.540100716793,0
2988,60456049,Surname_2988,640,France,Female,20.0,1,56489.08465583163,2,1,1,91604.23960562871,1
2989,38861612,Surname_2989,617,France,Female,37.0,3,16798.086358288445,4,1,1,109926.55645241082,0
2990,88490796,Surname_2990,760,Germany,Female,57.0,4,42999.439119277005,4,1,1,117043.96745286336,1
2991,89089598,Surname_2991,407,Germany,Female,35.0,4,120655.1957861745,4,1,0,102098.54613126331,0
2992,72238399,Surname_2992,707,France,Female,35.0,0,193314.07284064702,4,1,1,141424.50686735817,0
2993,49148841,Surname_2993,534,Germany,Female,35.0,4,249118.73721001553,2,0,0,111221.39988280632,0
2994,79904154,Surname_2994,680,France,Female,21.0,0,135423.3837587112,4,1,0,73371.62419010625,1
2995,69094520,Surname_2995,805,France,Male,54.0,5,160274.35608589122,3,0,0,15821.379049274448,0
2996,32732699,Surname_2996,674,Germany,Male,30.0,8,178473.54888159857,3,1,1,107046.76013650218,1
2997,20524767,Surname_2997,681,France,Female,29.0,2,5952.138768416243,4,1,1,130259.0320919481,1
2998,62422085,Surname_2998,408,France,Female,52.0,1,14459.920467311038,4,1,0,106336.97057468357,0
2999,38343043,Surname_2999,720,Spain,Female,47.0,1,55801.348280147824,3,0,0,80987.87007512384,1
3000,54219299,Surname_3000,646,Spain,Female,39.0,1,180203.19206234167,3,1,0,53491.401885042585,0
3001,41329515,Surname_3001,624,France,Male,27.0,7,64771.93242054324,1,0,1,125153.698028673,0
3002,31453461,Surname_3002,620,France,Male,46.0,6,103504.76255924885,4,0,0,39237.207902115704,1
3003,35750745,Surname_3003,716,Germany,Male,56.0,2,81599.78456239252,1,0,0,42105.9907563731,0
3004,60567983,Surname_3004,715,France,Male,23.0,6,125211.00200864424,1,1,0,96716.30873935139,1
3005,80310189,Surname_3005,628,Germany,Female,30.0,7,210987.9911614471,4,1,1,144695.04344988868,0
3006,27901311,Surname_3006,643,Germany,Male,56.0,8,73144.59973157514,1,0,0,130927.03343468513,0
3007,30025850,Surname_3007,806,Germany,Female,46.0,9,238532.34071135477,4,0,1,28795.424945324532,1
3008,85699158,Surname_3008,663,Germany,Male,35.0,7,203022.91217079668,4,1,1,19482.992472590668,1
3009,88761851,Surname_3009,547,France,Male,24.0,7,210873.8307531703,2,0,0,125254.72034074478,0
3010,13363165,Surname_3010,678,France,Female,43.0,2,74253.64999193356,3,1,0,148741.0412170193,1
3011,97379577,Surname_3011,661,France,Female,33.0,7,152519.9834197599,4,0,0,120510.1849600276,1
3012,14782141,Surname_3012,738,Germany,Male,51.0,3,150661.7398898104,4,1,1,72401.47241170771,1
3013,52469900,Surname_3013,742,Spain,Female,54.0,7,82319.0095699674,4,1,1,143837.42149406084,0
3014,58230592,Surname_3014,498,France,Male,33.0,5,223912.6875855812,1,0,1,55876.34913991584,1
3015,69424254,Surname_3015,363,Germany,Male,21.0,0,93499.99937929492,4,1,0,45736.95139317569,0
3016,74864772,Surname_3016,795,Germany,Male,41.0,4,108433.21585143285,1,1,0,127280.52407951352,0
3017,41629641,Surname_3017,599,France,Male,43.0,3,103451.29666176233,4,1,0,14758.416535756442,1
3018,97889043,Surname_3018,463,Spain,Female,45.0,7,23337.8380946786,4,0,0,136797.6260821526,1
3019,76833921,Surname_3019,716,France,Female,51.0,8,101305.4064746646,4,0,1,121517.4117100849,1
3020,79662753,Surname_3020,810,France,Male,25.0,2,120731.3184009306,3,1,1,82416.37352141258,1
3021,37706071,Surname_3021,803,Germany,Female,50.0,1,188235.9198166033,1,1,1,76863.91909137362,0
3022,67535686,Surname_3022,438,France,Female,42.0,8,215169.93309890656,3,0,1,13240.544085987607,0
3023,52102731,Surname_3023,716,Germany,Male,46.0,6,116823.52703850115,2,1,0,57737.48573059561,1
3024,67873580,Surname_3024,421,France,Female,54.0,6,137171.95194875516,2,0,0,66105.04018121192,1
3025,16681070,Surname_3025,368,France,Female,19.0,7,205208.34732452355,1,1,1,127368.52557519636,0
3026,90282275,Surname_3026,388,France,Male,21.0,4,143765.74447229394,3,1,0,51636.9257979946,0
3027,34649101,Surname_3027,742,France,Male,19.0,4,155875.90866423553,3,0,0,46552.982842555415,1
3028,52469976,Surname_3028,615,France,Female,21.0,3,77605.66599662513,2,1,0,68761.07413599073,1
3029,12324948,Surname_3029,565,Germany,Male,41.0,1,70076.0908066985,4,0,1,126036.16757776814,1
3030,76541154,Surname_3030,737,Spain,Male,31.0,8,237195.9665789545,1,1,1,94661.65578142284,0
3031,56045098,Surname_3031,837,France,Male,33.0,1,234700.93212981394,1,0,0,77186.3768578425,0
3032,59932673,Surname_3032,439,France,,38.0,0,87757.95204656928,2,1,1,15500.274234783843,1
3033,56574469,Surname_3033,503,Spain,Female,57.0,1,7013.23731529524,2,1,1,19382.410946514305,0
3034,44106517,Surname_3034,541,Spain,Male,56.0,8,199494.50235584492,2,0,1,54863.75004118876,1
3035,96354458,Surname_3035,626,Spain,,57.0,6,234894.89810059516,4,1,0,91206.2993353994,1
3036,39748300,Surname_3036,575,Spain,Male,41.0,2,221073.22390091314,2,1,1,60454.113205639485,1
3037,79205459,Surname_3037,446,Spain,Male,48.0,4,124897.37244279742,2,1,1,42806.6423503627,0
3038,24067671,Surname_3038,395,Spain,Female,22.0,8,136343.74557094264,3,0,0,56859.14721226926,1
3039,22600089,Surname_3039,825,Spain,Female,44.0,6,47185.85397341476,3,0,1,113409.61507725267,0
3040,93105948,Surname_3040,561,Germany,Male,50.0,7,167085.57763804708,1,0,1,20654.9953824553,0
3041,87697396,Surname_3041,461,Germany,Male,39.0,7,235090.25120813263,1,0,1,26775.872378576867,0
3042,63547304,Surname_3042,557,France,Male,52.0,6,116430.56908664262,3,1,1,21636.220921973647,0
3043,30592563,Surname_3043,385,France,Female,18.0,0,215806.4060450239,1,0,1,36000.9264919952,0
3044,61262585,Surname_3044,786,Germany,Male,37.0,7,32990.51779341047,2,0,1,91425.02728951951,0
3045,79729776,Surname_3045,663,Spain,Female,18.0,2,130734.99760859569,1,0,0,121094.72155495227,0
3046,15125353,Surname_3046,743,France,Male,42.0,8,179557.4094474688,1,0,0,91387.24779464013,1
3047,41975219,Surname_3047,784,Germany,Female,56.0,2,93916.89576228912,4,0,1,63916.39917901705,1
3048,76620170,Surname_3048,610,Germany,Male,30.0,9,32000.00324770419,1,1,1,52928.63923437619,1
3049,22023823,Surname_3049,688,France,Male,58.0,9,181805.89817235002,2,1,1,45277.72438282373,1
3050,26302729,Surname_3050,645,Spain,Male,45.0,5,246224.98765792226,3,0,0,104618.53939905978,1
3051,20323842,Surname_3051,398,Germany,Male,44.0,3,94404.04766414684,1,0,0,147600.90985732,0
3052,85824765,Surname_3052,791,Spain,Female,49.0,7,125234.56701087677,4,1,0,60207.462488709716,0
3053,98145028,Surname_3053,829,Spain,Male,56.0,3,156287.69267935382,4,1,1,115687.50798597894,0
3054,70790971,Surname_3054,387,France,Male,23.0,5,131656.30503270496,1,1,1,112166.0487521272,0
3055,77781826,Surname_3055,816,Germany,Female,26.0,4,191458.12555260523,3,0,0,41798.61823674156,1
3056,64624963,Surname_3056,814,France,Female,35.0,9,219223.09834719158,4,0,0,96910.49119664455,0
3057,75181747,Surname_3057,612,Spain,Male,42.0,9,37019.15688665461,1,1,0,36168.14308182511,1
3058,26352801,Surname_3058,685,Spain,Male,51.0,9,60517.94778437205,3,1,1,136717.2400772724,0
3059,27246316,Surname_3059,849,Germany,Female,59.0,0,174856.6152203936,4,0,0,77780.86733618984,0
3060,94625179,Surname_3060,508,France,Male,39.0,3,4947.043820056673,2,1,1,17303.74002414121,0
3061,84066478,Surname_3061,843,Spain,Male,47.0,0,144437.42931639968,4,1,1,136813.27202168838,1
3062,56109985,Surname_3062,599,Germany,Male,26.0,8,134479.30485903737,4,1,0,103552.02865842803,0
3063,99581515,Surname_3063,795,France,Male,26.0,5,158037.90579399015,1,0,0,117927.83902046127,0
3064,12072197,Surname_3064,828,Spain,Female,41.0,8,76262.34072300367,1,0,1,12740.296461110536,1
3065,23738540,Surname_3065,691,France,Female,35.0,7,149982.1159680585,3,0,0,85486.70123312387,0
3066,91872950,Surname_3066,792,France,Female,33.0,9,175182.5565590246,1,1,1,87730.48615317968,0
3067,10660323,Surname_3067,673,Germany,Female,51.0,2,238204.92421443356,3,1,1,70481.7698888421,1
3068,89489957,Surname_3068,431,Spain,Male,30.0,4,175706.35956601976,3,0,0,24807.401985776283,0
3069,67645636,Surname_3069,377,France,Male,51.0,9,144879.536251012,4,1,0,12438.123620758848,1
3070,75514650,Surname_3070,704,Germany,Female,42.0,1,6664.984666574364,1,0,1,68277.90465764061,1
3071,40152346,Surname_3071,395,Spain,Male,37.0,4,19036.30139712001,4,1,0,53965.55454736287,1
3072,91965973,Surname_3072,392,France,,22.0,6,162127.48230887082,2,0,0,117565.64789733784,0
3073,51403261,Surname_3073,767,Spain,Male,36.0,9,247931.5377456648,1,1,0,80292.78241476235,0
3074,99884195,Surname_3074,711,Germany,Male,37.0,4,182960.21666159728,4,0,0,66828.07497947356,1
3075,73804821,Surname_3075,392,Germany,,20.0,4,103067.03322987113,4,0,0,45066.495826521255,0
3076,16589131,Surname_3076,392,Spain,Female,39.0,2,229746.37004302494,4,1,1,48368.85042481513,1
3077,66779169,Surname_3077,700,Germany,Female,32.0,1,179377.94580402024,1,1,0,65302.022027921535,0
3078,62632957,Surname_3078,529,Spain,Female,56.0,4,42907.54977002193,2,0,0,70295.01514838578,0
3079,77537262,Surname_3079,568,Spain,,55.0,7,167926.11971956017,1,1,1,149650.03759538542,0
3080,32247255,Surname_3080,775,Germany,Female,25.0,9,7262.103669021469,2,1,0,135240.28228852726,0
3081,59194690,Surname_3081,629,Spain,Male,31.0,0,180771.3455762785,2,1,1,22362.17676384268,1
3082,90631545,Surname_3082,646,Germany,Male,30.0,0,189592.79652822137,1,0,1,113731.72013561189,1
3083,80270642,Surname_3083,610,Spain,Male,59.0,2,166877.66775277085,2,1,0,39017.709915863474,0
3084,69255164,Surname_3084,364,Germany,Male,50.0,0,33035.96188099631,4,0,1,97494.15311372481,1
3085,51280557,Surname_3085,645,Spain,Female,30.0,1,138241.19760192055,3,1,1,45234.9977004801,0
3086,37617637,Surname_3086,591,France,Male,24.0,8,6035.766530554571,1,0,0,68378.5627592598,0
3087,38090279,Surname_3087,760,France,Female,55.0,3,12193.107860743208,2,1,0,77675.1756873597,1
3088,35456771,Surname_3088,813,Spain,Male,44.0,0,246692.3045959671,4,1,0,125490.19216337483,0
3089,67720683,Surname_3089,678,Germany,Male,27.0,5,185331.96122476197,1,1,1,42449.08134572813,1
3090,52309575,Surname_3090,531,Germany,,56.0,8,228854.87746639087,3,1,0,136193.13895763957,0
3091,69397259,Surname_3091,829,France,Female,21.0,6,108614.62401614053,1,0,0,83800.59385458833,0
3092,84069856,Surname_3092,525,Germany,Female,50.0,1,7916.640470485847,3,0,1,10121.391182889092,0
3093,12847309,Surname_3093,844,Spain,Female,32.0,0,92963.46829063917,4,0,0,80336.94445138263,1
3094,67529522,Surname_3094,475,France,Female,54.0,2,121560.64666859587,3,0,0,42476.97703380088,1
3095,36110193,Surname_3095,505,Germany,Female,22.0,6,44252.06078685673,3,1,1,13204.612327733003,1
3096,91040976,Surname_3096,419,Germany,Male,24.0,1,97539.68442286018,4,1,1,77478.46160068526,1
3097,21005166,Surname_3097,523,France,Male,45.0,8,50330.17890489028,2,1,0,19716.72394067017,1
3098,15344288,Surname_3098,720,Germany,Male,31.0,3,77366.27806988606,3,1,0,39099.0630073838,1
3099,58391864,Surname_3099,538,Germany,Female,41.0,7,92303.28148584915,1,1,0,74189.50612828654,0
3100,23937455,Surname_3100,502,Spain,Female,22.0,9,190164.79018958926,2,1,1,86378.89725202376,0
3101,58871140,Surname_3101,497,Germany,Female,37.0,0,37933.38846056707,4,1,1,22497.0492238881,0
3102,82788843,Surname_3102,364,Germany,Male,44.0,0,7688.748294669395,1,1,1,136415.3740795161,0
3103,99619704,Surname_3103,700,Germany,Male,58.0,3,50210.88937533205,3,0,1,140387.3766605717,1
3104,13908415,Surname_3104,432,Spain,Male,22.0,7,104973.73560091469,3,0,0,47354.42494465804,1
3105,30299560,Surname_3105,590,Spain,Female,41.0,6,36201.37944753107,2,0,1,74431.3641185129,0
3106,77207920,Surname_3106,624,Germany,,57.0,3,180168.1716604524,4,0,1,101828.87016616919,1
3107,60039531,Surname_3107,362,Germany,Male,43.0,0,137802.41078668248,2,1,0,116281.24669710171,1
3108,25919853,Surname_3108,631,France,Male,43.0,5,229873.79318004183,1,1,1,139277.6214812897,0
3109,68524878,Surname_3109,450,Germany,Female,39.0,4,244324.16805528876,4,0,0,38685.53719229292,0
3110,40683639,Surname_3110,669,Spain,Male,54.0,4,149467.10208346575,3,0,0,46222.898880891764,0
3111,32627903,Surname_3111,803,Spain,Female,49.0,5,62731.596825575136,3,1,1,88011.9152889069,1
3112,15256924,Surname_3112,375,Germany,Male,48.0,2,111072.19089547645,2,0,0,13916.604734543875,0
3113,89128658,Surname_3113,741,France,Male,29.0,1,54905.02485484308,2,1,0,30046.47203252202,0
3114,83208937,Surname_3114,752,Germany,Male,50.0,6,221253.24108730693,4,1,0,29829.556007881318,1
3115,15430721,Surname_3115,731,France,Male,57.0,1,197730.72297393135,4,0,1,74946.74490347547,1
3116,67194185,Surname_3116,490,France,Male,53.0,5,137571.92835341807,1,0,1,119085.34755195146,0
3117,63856183,Surname_3117,663,Germany,Female,56.0,8,156672.56861753348,1,1,0,39764.56134040779,1
3118,59177906,Surname_3118,550,Germany,Female,57.0,9,48764.71670826516,2,1,1,146678.37302238727,1
3119,53018138,Surname_3119,749,France,Female,30.0,3,118894.96977849609,1,1,0,114193.20788292697,1
3120,56765478,Surname_3120,641,Germany,Male,42.0,0,230834.22456833586,3,1,0,11754.315385174643,0
3121,20907173,Surname_3121,537,France,Male,23.0,9,43406.198078755704,4,1,1,69775.07673738661,1
3122,84128283,Surname_3122,450,Germany,Male,50.0,8,20952.257841602815,1,0,1,114134.00339157679,0
3123,87805613,Surname_3123,834,Spain,Male,50.0,1,104246.53567149864,4,1,0,43182.655675921545,1
3124,45063771,Surname_3124,512,France,Female,50.0,7,81772.08940358063,1,0,1,60434.36548931614,0
3125,71021253,Surname_3125,672,France,Female,47.0,9,168729.28150268717,4,0,1,145480.04264986268,1
3126,72921392,Surname_3126,758,France,Male,18.0,5,246863.11206789993,4,1,0,24656.67899867634,1
3127,10298830,Surname_3127,546,France,Female,20.0,8,86755.43169095217,1,1,1,122404.50194399778,1
3128,24274628,Surname_3128,699,Spain,Female,36.0,2,21252.80629324544,2,1,0,118862.96958736338,1
3129,57458007,Surname_3129,563,Spain,Male,42.0,3,212306.4330396005,2,0,0,123742.82695976616,1
3130,29245961,Surname_3130,616,Spain,Male,36.0,9,239370.4575238282,3,0,1,125017.40506440129,1
3131,27534050,Surname_3131,388,Spain,Male,59.0,4,128248.07850147429,3,0,1,35995.67290349515,1
3132,41633936,Surname_3132,445,France,Male,18.0,3,87732.64989457729,1,1,1,61341.470508533544,0
3133,56368368,Surname_3133,701,Spain,Male,43.0,4,41749.63119286126,1,0,0,102370.10255203028,0
3134,20940734,Surname_3134,785,Germany,Male,23.0,3,211389.31927873954,1,1,0,147235.99895264657,0
3135,66539799,Surname_3135,807,Germany,Male,33.0,9,58883.91803547294,1,1,0,64602.73807726773,1
3136,47741347,Surname_3136,416,Spain,Male,46.0,5,1195.8991657497752,1,1,0,146870.23750670158,1
3137,98060149,Surname_3137,450,Spain,Male,53.0,3,162032.48043030256,3,1,1,28022.004972735656,1
3138,20692798,Surname_3138,763,Germany,Female,31.0,1,216933.29361570007,4,0,0,103558.51633033164,1
3139,62199579,Surname_3139,525,France,Female,35.0,0,219079.9267263547,2,1,0,21330.902119577928,1
3140,83344592,Surname_3140,359,France,Male,19.0,3,23017.845810892308,1,1,1,16343.696536231482,1
3141,91532999,Surname_3141,615,France,Female,27.0,6,223023.6492747521,3,0,1,47362.24516620646,1
3142,53499119,Surname_3142,780,Germany,Female,52.0,5,42900.64771594881,1,0,1,51714.0752351861,1
3143,94049888,Surname_3143,404,Spain,Male,49.0,5,237089.51627781655,3,1,0,50389.54792119088,0
3144,47355917,Surname_3144,514,Spain,Female,22.0,6,160599.03169257243,1,0,0,89120.79058008072,1
3145,52122122,Surname_3145,699,France,Male,44.0,6,185834.64364842992,2,1,1,48531.4254035736,0
3146,65168586,Surname_3146,457,Germany,Female,50.0,5,83912.18432959619,1,0,1,144859.17922628496,0
3147,35275587,Surname_3147,524,Spain,Male,27.0,8,239230.188258994,4,1,1,114476.38388426616,0
3148,69924883,Surname_3148,669,Spain,Female,49.0,0,153517.3943612232,1,1,0,90459.47325232801,0
3149,62525876,Surname_3149,461,Spain,Female,57.0,7,3752.5567714940257,2,0,1,86609.03535852017,0
3150,61376457,Surname_3150,724,Spain,Female,47.0,6,216594.62438063722,1,0,1,62549.61664657696,0
3151,46564253,Surname_3151,510,Spain,Male,41.0,0,127968.64667967017,1,0,0,64456.13063646384,1
3152,58320489,Surname_3152,619,Germany,Female,34.0,6,27270.28629492473,2,1,1,99361.4928213169,0
3153,16564172,Surname_3153,507,France,Male,46.0,2,113790.55164138305,1,0,1,44824.38821917565,1
3154,62708098,Surname_3154,752,Spain,Female,18.0,9,59695.11593822016,1,1,1,77568.70780260733,1
3155,58789175,Surname_3155,391,France,Male,45.0,7,178698.0678681716,3,1,0,12319.64214663046,1
3156,52156329,Surname_3156,474,France,Male,43.0,3,31243.791112222723,1,0,1,60103.85850021449,1
3157,76131262,Surname_3157,739,Spain,Female,48.0,6,214390.36681243763,2,1,0,31617.46118118496,1
3158,31758384,Surname_3158,723,France,,49.0,6,191367.30458725613,4,1,0,82046.50374347222,0
3159,73637047,Surname_3159,594,Spain,Male,45.0,4,192794.31396635604,2,1,0,127754.68014614529,0
3160,54969124,Surname_3160,721,France,Female,45.0,5,110953.9960638633,1,1,0,63008.82735446904,1
3161,86045686,Surname_3161,470,Spain,Male,55.0,5,152791.87380416878,2,1,1,105938.3104202945,0
3162,10730842,Surname_3162,704,Germany,,45.0,1,221156.24031277956,1,0,1,18778.506647389117,0
3163,76829111,Surname_3163,708,Germany,Female,44.0,2,12781.908210549142,3,1,1,109951.71764967327,1
3164,22687724,Surname_3164,444,Germany,Male,38.0,3,245510.71054073612,3,1,1,70502.11566701546,0
3165,18279639,Surname_3165,372,France,Female,41.0,0,121247.53489155338,2,0,1,59871.3661474229,0
3166,66763470,Surname_3166,825,Spain,Male,51.0,7,29005.61846402036,2,1,1,87441.29238421895,1
3167,94267328,Surname_3167,390,Germany,Female,25.0,4,99703.06870584197,1,1,1,21911.845210900974,0
3168,67003845,Surname_3168,679,France,Female,22.0,7,231869.7741173631,2,0,0,47626.62481732364,0
3169,72021474,Surname_3169,670,France,Male,30.0,5,169222.36568467767,4,1,1,129240.20106429019,1
3170,81006851,Surname_3170,782,France,Male,33.0,8,247592.8739748818,2,0,1,70355.93870102163,1
3171,38728323,Surname_3171,352,France,Female,46.0,5,108352.64292508412,4,1,1,129888.4006555113,0
3172,98460641,Surname_3172,399,Germany,Male,34.0,3,228554.90474952714,3,0,0,134798.83621463992,1
3173,15269896,Surname_3173,627,France,Male,23.0,7,210453.89810940443,3,1,1,138310.8152488106,1
3174,60006446,Surname_3174,470,Spain,Female,50.0,5,7677.3107098916935,1,0,0,99198.61501983301,0
3175,19866391,Surname_3175,708,Spain,Female,25.0,1,117890.90101591442,3,1,1,115948.41501391535,0
3176,14460767,Surname_3176,723,Germany,Male,26.0,3,112304.9631841449,4,1,1,16534.37758358922,1
3177,30968264,Surname_3177,444,France,Male,52.0,6,100567.32349690617,2,1,0,65349.02691961648,1
3178,25507132,Surname_3178,702,Spain,Female,27.0,5,190301.63087841365,1,1,0,80751.78387899294,1
3179,24906736,Surname_3179,724,Germany,Female,31.0,9,87686.37610741942,4,0,1,146662.41664521556,1
3180,77697557,Surname_3180,403,Germany,Male,40.0,1,127031.06500599389,4,0,1,126517.93539226054,0
3181,49202202,Surname_3181,596,Spain,Female,33.0,8,191732.31256190207,2,1,1,131690.08802480868,0
3182,73688784,Surname_3182,482,Germany,Female,22.0,4,153411.5582280135,3,0,1,111077.43786533759,0
3183,48591424,Surname_3183,809,Spain,Male,49.0,6,26888.89545778628,4,1,0,77864.08488779844,0
3184,88778604,Surname_3184,715,France,Male,23.0,7,57397.61467263862,2,1,1,120743.60088666328,0
3185,77635301,Surname_3185,841,Germany,Female,31.0,0,8786.098386817876,1,0,1,91763.76902457913,0
3186,50671419,Surname_3186,370,Germany,Male,53.0,2,220934.7560262098,1,1,1,37621.741673603785,1
3187,92116419,Surname_3187,689,France,Female,38.0,9,151889.40046481404,4,1,0,129374.25179034357,1
3188,22533021,Surname_3188,469,Spain,Female,41.0,3,207184.2194137898,3,1,0,55909.63396133579,1
3189,44959704,Surname_3189,643,France,Female,44.0,2,246783.3325193541,2,0,0,15847.476506352923,1
3190,47973858,Surname_3190,605,Germany,Male,35.0,3,128388.29270747399,1,1,0,139562.405427747,1
3191,93739092,Surname_3191,564,Germany,,52.0,5,28277.789142161004,2,1,0,71809.42087030855,0
3192,87926964,Surname_3192,834,France,Female,21.0,0,106809.59288254369,4,0,1,42929.393644244316,1
3193,75245971,Surname_3193,580,Spain,Female,54.0,8,231707.56314560756,4,0,1,119341.87526204594,1
3194,67405767,Surname_3194,480,Spain,Female,24.0,2,50451.95451941695,4,0,1,94149.64825927644,0
3195,65053857,Surname_3195,471,Germany,Male,55.0,3,38284.99367057278,2,0,1,112583.33776633129,1
3196,23585625,Surname_3196,435,Spain,Female,50.0,7,115980.05419506594,2,1,1,101943.5518380313,0
3197,13389802,Surname_3197,774,France,,49.0,1,214425.31749203205,1,1,1,113286.75940342712,1
3198,10286888,Surname_3198,709,France,Male,30.0,1,87537.81452601364,2,1,1,11438.638652247446,1
3199,77033075,Surname_3199,380,Germany,Female,31.0,5,51066.122971163226,1,0,0,72735.82882149602,0
3200,23456768,Surname_3200,487,Germany,Female,39.0,1,225626.92220592807,4,0,1,131055.4845342503,0
3201,36463145,Surname_3201,444,Spain,Male,32.0,1,147092.82242365595,4,0,0,87677.13568793825,0
3202,15416595,Surname_3202,691,Germany,Male,22.0,0,141440.06491497956,4,0,0,114507.00175458498,0
3203,74594688,Surname_3203,354,Spain,Female,27.0,1,13191.420778898038,2,0,0,31054.631215149355,1
3204,38416901,Surname_3204,708,Germany,Female,22.0,2,195896.8341643048,1,1,0,121897.20213504256,0
3205,77467906,Surname_3205,596,Spain,Male,47.0,3,49483.36849943427,3,1,0,104873.36034899732,0
3206,19292579,Surname_3206,548,Germany,Female,43.0,2,127120.8299706206,1,0,1,138843.6311733337,1
3207,17601915,Surname_3207,541,Spain,Male,55.0,6,205796.10059044577,4,0,0,33289.10756285595,0
3208,52170610,Surname_3208,694,Spain,Female,30.0,5,103350.684923356,2,0,1,127769.72358312574,1
3209,57739515,Surname_3209,355,France,Male,55.0,9,79034.43399943311,2,0,1,111861.32054910366,0
3210,92471422,Surname_3210,702,Spain,Male,31.0,8,234829.4963060003,3,1,0,136343.953883461,1
3211,95885560,Surname_3211,499,Spain,Female,36.0,3,49962.27403944084,1,1,1,92326.57846977748,0
3212,23887872,Surname_3212,821,Germany,Male,45.0,3,247724.05342832126,3,1,1,25234.614700942817,1
3213,22487449,Surname_3213,780,Germany,Female,40.0,2,217262.13483881686,3,0,1,138613.5580161952,1
3214,29017930,Surname_3214,771,Germany,Male,46.0,9,192526.9602945944,2,1,0,56908.85066064747,0
3215,39620132,Surname_3215,565,Spain,Female,28.0,5,173768.20454060353,4,0,1,143789.5325049553,0
3216,55995092,Surname_3216,351,France,Female,39.0,4,225066.0182832847,4,1,1,47034.048776200754,1
3217,54264878,Surname_3217,446,France,Male,19.0,1,184348.5139322233,3,1,1,122869.15236186878,1
3218,67283514,Surname_3218,571,Spain,Female,30.0,1,152439.56173068698,4,0,1,57319.01065616496,1
3219,50811938,Surname_3219,482,Germany,Male,34.0,2,194115.30747381004,1,0,1,105986.80222929727,0
3220,37593521,Surname_3220,824,France,,36.0,7,180140.95422007891,1,0,0,111007.0939836347,1
3221,79896675,Surname_3221,353,Germany,Female,27.0,8,119146.94998469453,1,0,0,71947.78989356912,1
3222,74019928,Surname_3222,706,Spain,Male,54.0,3,79431.3289822107,3,1,0,50194.72622879648,1
3223,44494220,Surname_3223,383,Germany,Male,39.0,6,80812.65582383978,2,1,1,60959.50526874009,0
3224,10900184,Surname_3224,711,Germany,Female,46.0,4,232645.53756734802,3,1,1,32506.38298158768,0
3225,19185295,Surname_3225,740,Spain,Female,20.0,9,51104.019940192426,2,0,0,50236.1701166613,0
3226,76413951,Surname_3226,437,Spain,Male,26.0,9,68366.14864630536,2,0,0,63053.09168072591,1
3227,72770078,Surname_3227,794,France,Male,50.0,4,5921.4218135210385,3,0,0,60729.22113234668,0
3228,96531720,Surname_3228,834,Germany,Male,57.0,6,219023.95170672008,3,1,1,43165.93428418874,0
3229,78775578,Surname_3229,774,France,Male,24.0,2,245258.29301545685,4,0,0,53996.131087571935,0
3230,52685274,Surname_3230,684,Germany,Female,19.0,9,77361.94907123593,2,1,1,57329.45171701633,1
3231,58208259,Surname_3231,692,Germany,Female,33.0,1,2428.0652688438986,1,0,0,109609.93324739925,1
3232,51024341,Surname_3232,711,Germany,Male,51.0,2,247866.1087541252,1,1,0,64601.05636350183,1
3233,81861370,Surname_3233,821,Germany,Female,40.0,3,188922.98295714197,2,0,0,75956.07223241229,1
3234,66163066,Surname_3234,809,Spain,Female,54.0,8,201683.3945182676,3,1,0,147959.704121546,0
3235,95091821,Surname_3235,482,France,Female,36.0,0,202107.23249550743,1,1,0,69298.30591121095,1
3236,50288829,Surname_3236,833,Spain,Male,43.0,9,231742.5050364165,3,0,0,81541.66265440555,1
3237,28626128,Surname_3237,753,Germany,Male,48.0,8,45767.02494476692,4,0,1,62896.80675795607,1
3238,33459567,Surname_3238,516,Spain,Female,39.0,1,227010.52237871801,4,1,1,15246.90577314974,1
3239,99467789,Surname_3239,757,Germany,Male,20.0,8,192137.65334140108,2,0,1,103156.19843154991,1
3240,11312242,Surname_3240,454,Germany,Female,24.0,6,65745.12396407395,2,1,1,25913.253648215075,1
3241,23458290,Surname_3241,566,Germany,Male,56.0,1,6135.043871489249,2,0,0,102131.52580854586,1
3242,87441662,Surname_3242,486,Spain,Male,18.0,8,221333.7996650513,4,0,0,10841.014902132903,0
3243,38321827,Surname_3243,720,Germany,Female,33.0,7,74667.83216483209,4,1,1,134912.28804945655,1
3244,86339322,Surname_3244,739,Germany,Male,25.0,1,154530.72559266465,2,1,1,104066.48211695133,1
3245,41999543,Surname_3245,823,France,Female,57.0,6,104047.29754539185,2,1,1,22363.584799937373,0
3246,81892264,Surname_3246,373,France,Female,20.0,6,92184.44437870021,3,0,1,32846.687007246546,1
3247,31202092,Surname_3247,783,Spain,Female,28.0,0,16824.174021606657,3,0,1,121641.87141611207,1
3248,13934681,Surname_3248,386,Germany,,51.0,5,8347.46390680402,2,0,0,51085.86446278128,0
3249,72161825,Surname_3249,491,France,Male,52.0,0,36033.39449206036,1,1,0,134217.17740133006,1
3250,90579428,Surname_3250,706,Germany,Male,51.0,3,174780.01880157457,3,0,0,22265.709910014928,1
3251,83672585,Surname_3251,432,Spain,Male,20.0,3,180993.36261117918,1,1,0,112941.30092251091,1
3252,55440366,Surname_3252,716,Spain,Female,38.0,2,59949.902812295564,2,0,0,136634.18545569674,1
3253,52321518,Surname_3253,574,Spain,Male,50.0,8,179806.1272100805,2,0,0,128146.37296202162,0
3254,93889032,Surname_3254,693,Germany,Male,21.0,4,45621.36739886921,4,0,0,33079.95295613396,0
3255,54899169,Surname_3255,355,Spain,Male,28.0,5,90166.35266693046,3,0,1,110360.6736986171,1
3256,48848679,Surname_3256,679,France,,39.0,7,186502.73318007565,1,1,1,65903.23990530132,1
3257,63140466,Surname_3257,374,Germany,Female,37.0,0,139660.42649843686,2,0,0,100674.08658815292,1
3258,61814774,Surname_3258,447,France,Male,46.0,0,21308.441512842113,1,0,1,75371.40006187884,1
3259,95599890,Surname_3259,634,France,Female,56.0,0,196565.60500308868,1,0,1,134698.7845303659,0
3260,80780592,Surname_3260,557,France,Male,52.0,1,201315.29950853734,3,1,0,70658.75640295897,1
3261,59665062,Surname_3261,562,France,Female,43.0,8,180503.5527101806,1,1,1,54081.451160945115,1
3262,77090218,Surname_3262,771,Spain,Male,35.0,2,109461.61850675786,1,0,0,122452.97290432102,1
3263,32802555,Surname_3263,668,Spain,Female,31.0,7,67239.54201340354,3,1,1,95932.75818017668,1
3264,42553737,Surname_3264,431,France,Male,28.0,0,150329.92631862464,3,1,0,72461.19271986868,1
3265,28703947,Surname_3265,469,France,Male,48.0,2,218843.15309900866,3,1,0,146195.09432219033,0
3266,43535430,Surname_3266,485,France,Male,55.0,9,217192.6894838383,4,0,1,63367.37891195529,1
3267,31128538,Surname_3267,542,France,Male,19.0,5,113855.75141869402,2,1,0,37869.03591524417,0
3268,28980106,Surname_3268,400,Germany,Female,40.0,5,40756.170708870275,1,0,0,129607.10754907042,0
3269,62287337,Surname_3269,397,France,Female,25.0,8,4207.768564729791,2,0,1,11556.95637148098,1
3270,25440270,Surname_3270,497,Germany,Male,30.0,4,134706.00805467836,2,0,0,61821.22883517783,0
3271,66410242,Surname_3271,771,France,Female,19.0,8,93814.23193462116,3,1,0,142015.2821826064,1
3272,68661030,Surname_3272,674,Spain,Male,52.0,4,236147.12226699118,2,0,1,118932.70930408225,0
3273,49288619,Surname_3273,354,France,Female,56.0,7,175159.1946084958,3,0,0,47446.318891506904,1
3274,15041688,Surname_3274,710,France,Female,40.0,7,92655.8860015354,4,1,0,116365.5613215965,0
3275,41487999,Surname_3275,456,Spain,Female,39.0,2,144744.60373630337,4,0,1,126327.14196346093,1
3276,65321342,Surname_3276,558,France,Male,40.0,1,71315.12116330565,4,0,0,125177.72750365933,1
3277,73036471,Surname_3277,760,France,Female,25.0,4,172496.94390642975,1,1,0,16917.179271167108,1
3278,61300376,Surname_3278,373,Germany,Female,47.0,8,156114.20979010616,2,1,1,123967.93803257159,1
3279,31077307,Surname_3279,350,Spain,Female,55.0,2,185893.41952738626,2,1,1,124866.12087983222,1
3280,36083466,Surname_3280,838,Germany,Male,50.0,9,12565.170518071129,1,0,1,46099.21797651728,0
3281,15700842,Surname_3281,708,Germany,Male,52.0,4,14252.618123233224,1,0,1,61922.7663053891,1
3282,58218772,Surname_3282,497,Spain,Female,47.0,7,239112.4531484719,1,1,1,105684.36943592333,0
3283,16563544,Surname_3283,756,Spain,Female,20.0,9,71593.72855232934,1,1,0,125228.98887594117,0
3284,87218826,Surname_3284,754,France,Male,39.0,8,249115.47892019554,1,1,1,58188.2319174941,1
3285,24565065,Surname_3285,403,Germany,Male,33.0,1,37273.11177866874,1,0,1,44485.196378431574,1
3286,34665959,Surname_3286,535,Germany,Male,44.0,2,71054.09139614194,2,1,0,119570.4500532905,0
3287,57356141,Surname_3287,432,Spain,Female,19.0,7,30715.76283042343,2,0,0,34781.96988821125,1
3288,37043963,Surname_3288,774,Spain,Male,27.0,6,113169.75671133395,1,1,1,46574.37293737974,0
3289,47437609,Surname_3289,373,Spain,Female,41.0,8,183866.96976113817,3,0,0,93548.6327464602,1
3290,94473102,Surname_3290,836,France,Female,21.0,8,188485.7001303855,3,1,1,84266.77948872803,0
3291,34593606,Surname_3291,494,Germany,Male,52.0,7,126889.56696963478,4,0,1,25280.32290165643,1
3292,16689932,Surname_3292,610,France,Male,51.0,1,191845.97442183187,1,1,1,33020.71521920589,0
3293,37720248,Surname_3293,843,France,Male,58.0,8,55267.357776322715,2,1,0,129249.76894903042,0
3294,34698102,Surname_3294,611,France,Male,19.0,6,248848.26102371173,4,0,1,58829.37344092085,1
3295,24337719,Surname_3295,702,Germany,Female,51.0,0,215291.34346757826,4,1,0,16383.025307794549,0
3296,51761571,Surname_3296,787,Spain,Female,38.0,3,133272.5165895949,1,1,1,52824.69512755784,1
3297,77803197,Surname_3297,372,Germany,Male,45.0,6,99131.4743271405,4,0,0,118248.35990035496,0
3298,26240714,Surname_3298,579,Germany,Male,45.0,8,223711.12672903837,1,0,1,37891.760061468274,0
3299,34131662,Surname_3299,775,France,Female,59.0,0,183524.30501571935,3,1,0,18565.191709160365,0
3300,36542020,Surname_3300,386,France,Male,30.0,1,136216.50557422993,4,0,1,31842.843043581164,0
3301,12274937,Surname_3301,801,Spain,Male,37.0,8,216806.91402090597,4,1,1,90815.44504820197,1
3302,38667114,Surname_3302,577,France,Female,34.0,6,46016.35408534066,2,1,0,28944.230881753316,0
3303,12266302,Surname_3303,402,France,Male,25.0,5,108181.34867744475,1,1,0,131281.28786652777,1
3304,33374278,Surname_3304,373,Germany,Female,51.0,0,215701.52672127038,2,1,1,100823.97306882817,1
3305,74049677,Surname_3305,621,Germany,Female,32.0,0,11528.884516591315,4,0,0,149283.44492244942,1
3306,11947588,Surname_3306,774,France,Male,23.0,1,32681.52510852565,3,1,1,149812.73735802362,1
3307,43264133,Surname_3307,434,Germany,Female,21.0,0,99113.19840336766,2,1,0,106097.9301957659,0
3308,53046773,Surname_3308,667,Spain,Female,48.0,6,154055.69332184567,4,0,1,146275.41371581628,1
3309,48232866,Surname_3309,416,Spain,Male,49.0,5,3370.1575109842397,2,1,1,25115.783976545827,0
3310,42332038,Surname_3310,464,Germany,Female,43.0,2,147188.32364587823,4,1,0,29972.073930023,1
3311,64611512,Surname_3311,646,France,Female,43.0,6,212778.3865946997,4,0,0,54425.27157881152,1
3312,10497851,Surname_3312,753,France,,19.0,8,240247.01294787845,3,1,0,145310.63990766343,1
3313,56619359,Surname_3313,715,France,Female,50.0,2,156417.6369062792,4,0,1,100163.85805011104,0
3314,39943651,Surname_3314,728,Germany,Male,28.0,4,204109.254532369,3,0,0,98303.00168741902,0
3315,16744433,Surname_3315,410,Germany,Male,20.0,5,139171.80856762518,3,1,0,79677.73682190133,1
3316,67913237,Surname_3316,526,Germany,Male,41.0,7,86619.55955050052,3,0,1,117029.07507333215,1
3317,31826338,Surname_3317,506,Spain,Male,28.0,8,93193.00683963811,2,1,1,84095.56901467998,1
3318,35025373,Surname_3318,749,Spain,Female,46.0,0,83289.53278181855,2,1,0,94848.35922067703,1
3319,45464877,Surname_3319,517,France,Female,34.0,7,24272.614928107283,4,0,1,83512.16161736722,0
3320,49480199,Surname_3320,433,Germany,Female,30.0,1,238334.79949611914,2,0,0,97395.75849639843,1
3321,83233437,Surname_3321,447,France,Male,54.0,8,238988.22599854713,2,1,1,22112.426472800675,0
3322,86757729,Surname_3322,388,Spain,Male,22.0,9,54970.385716610894,1,1,0,75372.49578852451,0
3323,12883231,Surname_3323,683,Spain,Female,44.0,7,17244.909993095443,2,1,0,30009.37574996811,0
3324,42713167,Surname_3324,679,France,Male,58.0,2,146884.94254812572,1,0,0,12817.567886333742,1
3325,45149479,Surname_3325,600,Spain,Male,26.0,2,140182.0994636997,3,0,0,112393.4041113919,0
3326,51833564,Surname_3326,454,Spain,Male,48.0,1,202109.89468584186,2,1,1,45488.64519298863,1
3327,15923897,Surname_3327,795,France,Female,54.0,1,191343.9469602329,4,1,0,88809.95613560005,1
3328,20790664,Surname_3328,641,Germany,Female,40.0,0,95804.11102180883,1,0,1,88902.94086967057,0
3329,68160612,Surname_3329,573,Germany,Female,37.0,0,243156.35798809232,2,0,1,16868.715076115226,0
3330,34607076,Surname_3330,474,Germany,Male,27.0,7,202777.65648612066,3,1,0,16501.726064806444,1
3331,67273889,Surname_3331,786,France,Female,52.0,2,235894.9741935372,3,0,1,127217.99720413136,0
3332,87157298,Surname_3332,585,France,Female,23.0,0,183860.47996485318,2,0,0,139805.0180783054,0
3333,72214226,Surname_3333,471,Germany,Male,43.0,3,73394.23739548739,3,1,1,128308.91307898004,1
3334,55352853,Surname_3334,475,Spain,Male,56.0,9,94931.59595008932,3,1,1,31751.995789242977,1
3335,95978375,Surname_3335,576,Spain,Female,42.0,2,217692.1586847757,3,0,0,97433.20024105429,0
3336,34261703,Surname_3336,549,Spain,Male,53.0,1,178331.8919385189,4,0,0,121234.28385278487,0
3337,56885630,Surname_3337,829,Spain,Female,18.0,5,154515.84773977072,2,0,1,115154.2887946619,1
3338,19195629,Surname_3338,699,France,Male,27.0,6,21651.56146004929,1,0,0,122141.25383712357,0
3339,65300130,Surname_3339,466,Germany,Female,33.0,1,135110.73664948155,2,0,1,60931.36245631626,0
3340,66689213,Surname_3340,607,France,Male,18.0,5,80676.52549201185,4,1,0,73114.44764735454,0
3341,33481079,Surname_3341,422,Spain,Male,56.0,7,172666.3271798795,3,0,0,25985.853284457276,0
3342,89454075,Surname_3342,548,France,Female,30.0,4,149482.9056117992,1,1,1,26500.733272530524,0
3343,26566307,Surname_3343,501,Germany,Male,44.0,4,186598.86253856425,1,1,1,58894.78528911963,1
3344,63754986,Surname_3344,394,Germany,Male,38.0,9,238355.4803057884,4,0,1,126626.54179257751,0
3345,48221766,Surname_3345,640,Spain,Female,35.0,1,143736.67373682518,1,0,1,82203.48633123659,1
3346,22841456,Surname_3346,448,France,Male,31.0,1,99932.4333808583,2,0,1,127638.52841931499,0
3347,27110632,Surname_3347,799,France,Female,19.0,0,62045.28907769027,4,0,0,51977.71167104729,1
3348,37980827,Surname_3348,500,Germany,Female,45.0,6,120666.73206459203,3,1,0,38768.59791139378,1
3349,43900596,Surname_3349,596,Spain,Male,43.0,4,118806.48963533854,4,0,1,57363.89168489205,1
3350,20618641,Surname_3350,594,France,Female,18.0,1,68471.70060761076,2,0,1,129367.67560485042,0
3351,30724522,Surname_3351,818,Spain,Female,20.0,9,100105.4125064551,3,0,0,53275.59337124539,0
3352,56070586,Surname_3352,502,Spain,Male,48.0,8,172315.8617847777,1,0,0,32785.30824930149,1
3353,87788793,Surname_3353,486,Spain,Male,36.0,8,216109.6643549039,3,0,1,54834.59848993944,1
3354,69312631,Surname_3354,670,France,Male,26.0,4,166232.99642036977,4,0,1,30511.228162237978,0
3355,23819423,Surname_3355,552,Germany,Male,30.0,9,231460.50056373203,3,0,0,104100.10282680343,1
3356,63781145,Surname_3356,828,France,Male,38.0,6,32976.39172760397,4,0,1,29465.10307281379,0
3357,21480964,Surname_3357,778,Spain,Male,55.0,7,214614.1082004731,2,1,1,74783.48994988868,0
3358,89488830,Surname_3358,503,France,Female,47.0,5,165909.10923300445,4,0,1,89490.85018461371,1
3359,41436518,Surname_3359,420,Germany,Male,45.0,1,215703.96496177957,1,0,0,82982.32599913272,1
3360,29043140,Surname_3360,633,Spain,Female,29.0,1,167730.4396165022,3,0,0,109072.0914641096,1
3361,16989872,Surname_3361,534,Spain,Male,51.0,4,106865.01089065772,4,1,0,107997.59071282456,1
3362,99683198,Surname_3362,447,France,Male,36.0,8,191784.77577931312,4,0,0,129290.32612180564,1
3363,27508518,Surname_3363,718,Germany,Female,25.0,0,80692.05067136958,1,0,1,58762.28037538936,0
3364,48095605,Surname_3364,396,Spain,Female,50.0,3,24174.3530483009,4,0,1,33037.46478753193,1
3365,91174482,Surname_3365,756,Spain,Male,22.0,5,204600.75900956802,1,1,1,39515.05558987579,0
3366,52294886,Surname_3366,730,Germany,Female,40.0,7,36747.74875197068,1,0,0,41662.01377322024,0
3367,33541882,Surname_3367,703,Germany,Female,28.0,0,161402.27460917135,1,0,0,88661.48639896682,1
3368,14009626,Surname_3368,672,France,Female,57.0,0,67658.12248350355,4,1,0,129821.81373603678,1
3369,81980188,Surname_3369,372,France,Male,41.0,0,177976.19632914904,4,1,1,19384.28218354002,1
3370,35235073,Surname_3370,602,France,Male,34.0,0,140812.46245175277,3,0,0,82551.90879343337,0
3371,13580326,Surname_3371,388,France,Male,34.0,6,22352.574656133384,1,1,1,106501.54263439654,1
3372,11647136,Surname_3372,601,France,Male,53.0,6,140974.40871183798,3,0,1,140460.9743192483,1
3373,62893992,Surname_3373,436,Germany,Male,38.0,3,7342.4544954875655,1,1,0,60526.470370208175,0
3374,11067773,Surname_3374,566,Germany,Male,36.0,2,169188.71088896936,2,0,0,112791.22503014501,1
3375,95698778,Surname_3375,612,France,Female,24.0,3,14160.259985704693,3,0,0,137372.0357979791,1
3376,27443185,Surname_3376,809,France,Female,50.0,6,46859.31740969726,3,1,0,60272.76172855455,0
3377,11472230,Surname_3377,472,Spain,Female,20.0,5,83415.97106841647,1,0,1,87235.94343327098,1
3378,52746090,Surname_3378,652,Spain,Female,58.0,1,232659.10616132317,3,1,0,14940.343056230146,1
3379,24646262,Surname_3379,404,Spain,Female,41.0,5,129098.38726222348,3,0,1,134527.4294981161,0
3380,84175595,Surname_3380,800,France,Male,24.0,1,228798.51804210513,1,1,1,94700.61253581433,1
3381,43805414,Surname_3381,585,Spain,Female,27.0,0,233958.58572335844,2,1,0,118065.55795144918,1
3382,67417759,Surname_3382,396,Germany,Female,58.0,5,26138.63720747636,3,0,0,43116.51747338978,1
3383,55646363,Surname_3383,605,Spain,Female,47.0,7,150924.44850379173,4,1,1,120932.19004301516,1
3384,36496717,Surname_3384,807,Spain,Female,36.0,8,132535.27277248714,4,0,1,115025.97326993894,0
3385,29898328,Surname_3385,605,Germany,,51.0,0,232472.47005197385,4,1,1,17307.751033803885,0
3386,39701949,Surname_3386,827,Spain,Male,37.0,5,78782.43903893858,1,1,1,35324.417150940004,0
3387,12565730,Surname_3387,409,Spain,Female,56.0,4,189470.68112635645,3,1,0,58338.408778858575,0
3388,16687408,Surname_3388,649,France,Female,38.0,0,203906.6649629407,3,1,0,140532.94505681662,1
3389,47982443,Surname_3389,721,Spain,Female,21.0,1,246348.16669828148,4,0,1,84097.49606443592,1
3390,99370978,Surname_3390,842,Germany,Female,24.0,6,135365.29444010716,1,0,1,120092.84102079665,1
3391,48798723,Surname_3391,445,Germany,Female,43.0,8,92494.7686279039,2,1,0,50289.682863636095,0
3392,96790248,Surname_3392,532,Germany,Female,39.0,3,31172.434197040493,2,0,0,122841.95664490887,0
3393,77785680,Surname_3393,672,Spain,Male,34.0,4,173163.25088970657,3,1,1,69370.0040575421,1
3394,13227355,Surname_3394,841,Germany,Female,31.0,7,154733.43736829763,3,1,1,104344.03828402632,0
3395,32825382,Surname_3395,841,France,Female,59.0,5,66595.61126623723,2,0,0,64146.00211633442,1
3396,57865316,Surname_3396,526,France,Female,33.0,8,109031.81993837358,4,1,0,87652.14046993009,0
3397,24970338,Surname_3397,514,France,Female,41.0,5,240597.2903141018,3,1,1,137248.42680382053,1
3398,97009859,Surname_3398,364,France,Female,41.0,9,191241.61646073623,4,1,1,72797.07807652128,0
3399,64850877,Surname_3399,748,France,Female,36.0,2,192946.79546127486,1,0,0,110528.2724238805,1
3400,76248193,Surname_3400,726,France,Female,22.0,1,22048.38099655121,4,1,1,59946.52608609487,1
3401,78296228,Surname_3401,442,Germany,Female,55.0,4,164629.07231779408,4,0,1,23602.67331611937,0
3402,39933223,Surname_3402,590,Spain,Female,34.0,6,99022.30046536378,2,0,0,136248.2000648172,1
3403,39228952,Surname_3403,508,France,Male,56.0,5,59082.511366168874,4,0,0,73419.46830329683,1
3404,16522770,Surname_3404,475,Germany,Female,39.0,3,161497.84877787795,2,0,1,131156.99131283816,1
3405,74151157,Surname_3405,823,Germany,Female,31.0,8,196219.7135195879,4,1,0,86422.62425371313,0
3406,91684490,Surname_3406,729,Spain,Male,30.0,7,140922.62326331928,3,0,1,68404.98704504482,0
3407,41510986,Surname_3407,392,France,Male,19.0,6,57242.420395277244,2,1,1,112356.24069965146,1
3408,97854079,Surname_3408,602,Germany,Female,21.0,5,41609.13885562159,1,0,0,127927.93135098384,1
3409,15889393,Surname_3409,692,Germany,Male,23.0,7,233363.7335582948,2,1,1,31121.64839980364,0
3410,67763026,Surname_3410,834,France,Female,58.0,9,195338.63271197112,1,1,1,67171.55004014162,1
3411,58089686,Surname_3411,478,France,Male,45.0,6,159834.26565499874,4,0,0,82218.78167169153,1
3412,37480352,Surname_3412,614,France,Female,39.0,6,45235.12607026042,3,0,0,92977.90950735757,0
3413,96214750,Surname_3413,496,Germany,Male,21.0,0,217353.01661345028,2,0,0,15538.246093321071,0
3414,20726687,Surname_3414,582,Spain,Male,24.0,1,96716.16853256711,2,0,0,62516.58730551892,0
3415,46086242,Surname_3415,602,Spain,Female,39.0,6,219622.6867171389,3,1,0,108671.19166589284,1
3416,95805795,Surname_3416,661,France,Female,38.0,5,56246.492802152825,3,1,1,129689.38601218368,0
3417,31742632,Surname_3417,813,Germany,Male,29.0,3,183722.82302571763,3,1,0,20903.64344237627,0
3418,15011517,Surname_3418,463,Spain,Female,40.0,9,6082.826190516227,1,1,0,45908.53617994687,1
3419,18379363,Surname_3419,480,Germany,Male,44.0,6,24525.598986231606,2,1,1,75115.73899747962,1
3420,91982652,Surname_3420,799,Germany,Male,39.0,8,228446.14540385554,2,1,1,108896.0189931929,0
3421,91902857,Surname_3421,410,France,Female,48.0,9,116692.5604390395,3,0,0,39699.03774275859,1
3422,27944505,Surname_3422,626,Spain,Female,55.0,6,155380.62934695487,4,1,1,80504.61611720423,0
3423,29642676,Surname_3423,754,France,Male,58.0,0,192320.0505277678,2,1,0,40692.47160064359,1
3424,27502263,Surname_3424,539,France,Female,55.0,4,237902.17892572464,1,1,0,91896.16067307533,1
3425,96976655,Surname_3425,811,Spain,Male,35.0,1,240865.75420426542,2,0,0,117851.15759674902,1
3426,84196241,Surname_3426,361,Spain,Male,54.0,4,128309.19132105465,4,0,0,120079.87954586273,0
3427,39170585,Surname_3427,775,Spain,Male,34.0,0,161869.34266414505,2,1,0,119544.80410412703,1
3428,89182920,Surname_3428,658,France,Male,22.0,5,159413.1334205509,1,1,0,18927.69450908523,1
3429,96805346,Surname_3429,720,Spain,Male,26.0,1,183298.9918417728,4,0,0,56353.5381715562,0
3430,32421010,Surname_3430,842,Spain,Female,47.0,1,146605.09050801952,2,1,0,23340.631723419043,1
3431,31078697,Surname_3431,689,France,Male,24.0,4,28120.640011751326,1,1,1,100748.23962517917,1
3432,62332754,Surname_3432,437,France,Male,35.0,0,56061.85895661583,4,1,1,81153.09238827128,1
3433,93304109,Surname_3433,379,France,Male,28.0,1,152942.67007849523,1,0,0,76974.26213542002,1
3434,42875849,Surname_3434,479,Spain,Female,41.0,8,238856.83530032865,1,0,1,109090.40650015426,1
3435,35443113,Surname_3435,818,Spain,Female,27.0,4,109094.3143569867,1,0,0,37449.2031648847,0
3436,93850044,Surname_3436,576,Germany,Male,18.0,1,34345.082255136746,4,1,0,132339.95321024462,0
3437,23568957,Surname_3437,626,Spain,Female,49.0,2,87157.10790403913,1,1,1,100516.92297054314,1
3438,50513918,Surname_3438,748,Spain,Male,45.0,2,45400.92423804495,3,0,0,16155.247510013704,1
3439,74888323,Surname_3439,685,Spain,Male,25.0,0,219962.5142467518,4,1,0,24852.397840570557,0
3440,39479740,Surname_3440,513,Spain,Male,52.0,3,165977.66732048674,2,1,0,111714.90737804983,1
3441,37636697,Surname_3441,685,France,Female,59.0,6,167107.57991619522,4,0,0,17180.27838144758,1
3442,71070896,Surname_3442,770,Spain,Female,59.0,7,11898.555380602165,3,0,0,55465.748251046396,1
3443,81902654,Surname_3443,499,Germany,Female,55.0,3,178002.44745914312,3,1,0,45479.537362630705,1
3444,72225114,Surname_3444,546,Germany,Male,34.0,9,104197.07689127944,2,1,0,20387.23840124549,0
3445,37316286,Surname_3445,671,Spain,Male,37.0,2,176463.1368114221,4,1,0,76630.03686432811,0
3446,73673663,Surname_3446,572,France,Female,39.0,8,142805.8501671899,1,1,0,85098.95735430962,0
3447,22873100,Surname_3447,635,Spain,Female,52.0,2,218116.14954198583,1,1,0,70264.48511967393,1
3448,78793151,Surname_3448,364,Germany,Male,24.0,5,226400.352779858,2,1,1,132825.46143469308,1
3449,63969855,Surname_3449,683,France,Female,42.0,6,49329.33005492257,4,0,1,53122.743802383215,0
3450,54491509,Surname_3450,507,Spain,Female,46.0,0,147453.53495249568,3,0,1,53072.25286839923,0
3451,53799608,Surname_3451,579,France,Female,40.0,5,141969.18548020793,3,0,1,23771.98806231754,1
3452,85532925,Surname_3452,490,Germany,Female,48.0,4,151333.56232984186,2,0,1,32896.02661987913,0
3453,19846455,Surname_3453,406,France,,27.0,1,18383.26321292322,2,0,1,20720.266361386803,0
3454,77900831,Surname_3454,604,Germany,Male,53.0,0,215540.6577528967,1,0,1,11477.223801086533,0
3455,31375490,Surname_3455,568,Spain,Male,50.0,4,235852.0369111683,1,0,0,96034.228604094,1
3456,56090693,Surname_3456,767,France,Female,41.0,0,180401.9032749016,1,1,0,42043.117156838,0
3457,67124361,Surname_3457,460,Spain,Female,39.0,3,22184.191815254744,2,0,1,149451.63539778054,0
3458,33582775,Surname_3458,592,Germany,Male,30.0,9,209329.07655456217,1,0,0,116027.30613584917,0
3459,87889359,Surname_3459,654,Germany,Male,30.0,1,170175.03265624534,2,1,0,108298.79540693578,1
3460,53459931,Surname_3460,352,Germany,Female,43.0,6,178984.33427453862,3,0,0,125672.06147172127,0
3461,47014821,Surname_3461,361,Spain,Female,38.0,8,71258.63083642814,3,0,1,33523.25587792499,1
3462,82598528,Surname_3462,423,Germany,Female,48.0,6,229595.21961937903,3,1,1,115789.90159968345,0
3463,68555070,Surname_3463,545,Germany,Male,38.0,5,247820.92087138284,2,1,1,123147.99848439444,1
3464,82082917,Surname_3464,845,France,Female,50.0,1,73261.13819810035,4,1,1,41769.37271550151,1
3465,75485204,Surname_3465,714,Spain,Female,36.0,3,199565.58037372224,2,1,1,86128.34612100982,0
3466,19181295,Surname_3466,611,Spain,Female,44.0,9,149534.52797962318,4,1,1,113626.16930333179,1
3467,10784327,Surname_3467,847,Spain,Female,54.0,1,90504.0799934165,4,1,0,57752.06359816594,0
3468,42094228,Surname_3468,469,France,Female,35.0,3,218054.24737096202,1,1,0,146028.34565945214,1
3469,66198716,Surname_3469,705,France,,54.0,0,68018.25407732736,4,0,1,47726.26271757963,0
3470,92631416,Surname_3470,726,Spain,Male,48.0,0,119542.69268975138,3,0,1,132473.6402508107,0
3471,18849904,Surname_3471,500,Spain,Male,57.0,9,101064.09264332512,3,1,0,102570.0710845724,0
3472,81352878,Surname_3472,703,Germany,Female,49.0,4,188037.6065439875,4,1,0,95534.46606955395,0
3473,31051115,Surname_3473,593,France,Male,50.0,8,118803.00935252561,2,1,0,47754.87276317966,0
3474,17027879,Surname_3474,791,France,Male,36.0,7,211274.67581599942,4,0,0,135630.08391385546,0
3475,48890549,Surname_3475,586,France,Female,24.0,7,74000.46161462503,4,0,0,89006.11327091539,1
3476,30974158,Surname_3476,621,Germany,Female,42.0,8,158925.74156881124,4,0,0,35397.340534606905,0
3477,56992912,Surname_3477,807,Spain,Female,51.0,6,25770.05179027961,1,1,1,98907.07266777431,1
3478,42328647,Surname_3478,426,France,Female,21.0,9,199892.00188982981,4,0,0,114319.08216804122,1
3479,48987686,Surname_3479,791,Germany,Male,26.0,4,94690.06752849896,3,0,0,148135.52104543246,1
3480,81756072,Surname_3480,748,Germany,Male,58.0,8,227527.480324302,3,1,0,60107.814423007825,0
3481,36751765,Surname_3481,396,Spain,Male,33.0,7,76908.30139005696,1,1,0,77211.40258745561,1
3482,20429690,Surname_3482,374,Germany,Male,29.0,7,94675.56348227468,3,1,0,45157.43261092943,0
3483,47199316,Surname_3483,541,France,Male,40.0,8,232865.42652036255,4,0,1,70180.5810229655,0
3484,57548550,Surname_3484,485,Spain,Male,31.0,0,185697.500090884,4,0,1,22840.577211428077,0
3485,75742637,Surname_3485,717,France,Female,40.0,0,49207.49076939204,1,0,1,28337.05468895115,1
3486,67604110,Surname_3486,733,France,Female,18.0,1,148829.41654153465,2,0,1,96914.68871283121,1
3487,74343723,Surname_3487,522,Spain,Female,54.0,6,42569.180262462454,4,0,0,105680.18307065872,1
3488,34855496,Surname_3488,706,Spain,Female,58.0,4,220280.69105857264,4,0,0,53848.498488376055,1
3489,92611805,Surname_3489,796,Spain,Male,36.0,1,188376.87200823065,2,0,0,78149.03804770006,0
3490,50977689,Surname_3490,696,Spain,Male,44.0,6,134692.53967399243,3,1,1,54509.44606338909,0
3491,26810867,Surname_3491,370,France,Male,26.0,7,132611.35502278543,1,1,0,149879.70713180743,0
3492,96075382,Surname_3492,626,France,Male,43.0,3,191663.79134650837,3,1,1,47768.926889176015,1
3493,64026267,Surname_3493,662,Spain,Male,27.0,3,30538.198171718377,2,0,1,66579.25064002183,1
3494,55183532,Surname_3494,548,Spain,Female,38.0,8,177345.14559776493,2,0,1,75862.47448644979,0
3495,73321850,Surname_3495,550,Spain,Male,54.0,1,52681.21426516498,1,1,0,95408.21715331361,0
3496,89089921,Surname_3496,679,France,Male,52.0,7,199588.53512978376,1,1,1,121981.00553436048,1
3497,42059683,Surname_3497,487,France,Female,49.0,5,55781.25532273328,1,0,0,130850.6198753363,1
3498,33771402,Surname_3498,835,France,,50.0,4,23156.31704451773,1,1,1,100548.3261468239,0
3499,37547088,Surname_3499,675,Spain,Male,43.0,2,18379.615885677656,4,1,0,78204.52700457306,0
3500,90582973,Surname_3500,641,Spain,Female,32.0,4,185215.1110850337,4,0,1,111044.87132552963,1
3501,80927444,Surname_3501,783,France,Male,29.0,1,49778.944514935225,4,1,0,70618.15946048438,1
3502,59187199,Surname_3502,467,Spain,Male,53.0,9,58856.6621628801,4,1,1,136878.75321125804,1
3503,22700203,Surname_3503,539,France,Female,58.0,1,211752.97333093124,3,1,1,110805.05537889864,0
3504,72956359,Surname_3504,699,France,,21.0,6,1133.0545305403007,1,0,1,40153.366462891274,0
3505,55436014,Surname_3505,674,Germany,Male,57.0,4,121919.76276853408,4,0,1,18158.385919528027,0
3506,80680222,Surname_3506,391,Germany,Male,27.0,0,49857.82894740318,4,0,0,109389.94657635577,1
3507,53628593,Surname_3507,667,France,Female,47.0,0,159127.3111815477,1,1,1,98112.20351810972,0
3508,98112414,Surname_3508,833,Germany,Male,44.0,9,99343.5029109529,1,1,1,51556.61417462958,0
3509,34472758,Surname_3509,792,Spain,Male,36.0,4,8206.00775558486,1,0,1,145838.38790525415,0
3510,97652153,Surname_3510,580,Spain,Female,52.0,8,54587.42035007122,1,0,0,73571.36924778896,1
3511,52366555,Surname_3511,462,Spain,Male,31.0,3,246093.76305016672,2,1,1,58123.88171196096,0
3512,65454265,Surname_3512,435,France,Male,18.0,8,242712.33203667562,4,1,1,130204.00548073385,1
3513,52151284,Surname_3513,607,Spain,Female,44.0,8,42896.51420804732,4,1,1,75361.77302398317,0
3514,93875223,Surname_3514,498,France,Female,38.0,2,185254.12014999503,3,1,1,63601.11430007861,1
3515,15334162,Surname_3515,747,France,Male,46.0,7,193632.8518292091,1,1,1,118035.99775846329,1
3516,19533564,Surname_3516,830,France,,52.0,6,157228.55606648672,1,1,1,145415.71147595582,0
3517,29745615,Surname_3517,764,France,Male,26.0,2,179633.60982558128,2,0,0,12875.49953903943,0
3518,28769280,Surname_3518,753,Germany,Female,57.0,3,105919.84606767948,2,1,1,56073.010805159196,1
3519,25431268,Surname_3519,438,France,Female,22.0,6,191651.38071452393,2,0,0,12950.849562530999,0
3520,80133603,Surname_3520,563,France,Male,22.0,5,23723.449086182598,4,1,1,101195.62739978176,0
3521,63683022,Surname_3521,801,France,Male,39.0,1,113635.65210586679,1,1,0,58161.81588371017,0
3522,58062188,Surname_3522,659,France,Female,52.0,7,137773.04173774726,3,0,1,69303.13317902345,1
3523,62072303,Surname_3523,415,Spain,Male,31.0,9,34037.778211587516,2,1,1,100004.4221404733,1
3524,69512129,Surname_3524,796,Spain,Female,36.0,8,189180.2095438105,3,0,1,92012.25267544393,0
3525,86757869,Surname_3525,697,Spain,Male,48.0,0,54760.931610951055,3,1,0,126316.50778936205,0
3526,80962087,Surname_3526,378,Germany,Male,20.0,1,163343.31622622092,1,0,0,147958.35206807673,1
3527,42969331,Surname_3527,568,France,Female,50.0,7,122432.6045781912,2,0,0,22607.186235741065,1
3528,24913390,Surname_3528,356,France,Female,35.0,0,51738.40325469092,2,1,0,110093.34769757045,0
3529,79880584,Surname_3529,519,France,Female,30.0,7,100443.4895688123,1,0,0,130092.24397826054,1
3530,47789130,Surname_3530,360,Germany,Female,57.0,7,49826.4776580524,4,0,1,32415.685090445735,0
3531,28534984,Surname_3531,420,France,Female,19.0,5,17502.321947574284,2,0,0,141366.52743457007,1
3532,15698161,Surname_3532,749,Germany,Female,49.0,6,161961.76215716967,2,0,1,102235.57857661294,1
3533,36312788,Surname_3533,459,Spain,Female,20.0,4,227437.75796546903,2,0,0,38797.25304418075,1
3534,82959138,Surname_3534,639,Germany,Male,52.0,8,74039.4907222822,4,0,1,97415.48637093593,0
3535,48387283,Surname_3535,550,Germany,Male,34.0,8,46818.33708664079,4,0,0,87505.07127020137,1
3536,38734396,Surname_3536,565,Spain,Female,40.0,2,77913.28336215067,2,0,1,101293.30738199601,1
3537,91855931,Surname_3537,419,Germany,Male,22.0,8,105535.47712626548,3,0,0,96550.40061286115,0
3538,69331740,Surname_3538,539,France,Female,56.0,0,198952.08548013907,2,0,1,46719.076932657765,0
3539,70915070,Surname_3539,550,Germany,Male,30.0,5,232671.32431181922,3,0,0,87682.22556474384,0
3540,56532194,Surname_3540,647,Germany,Female,57.0,0,51716.546986490306,4,0,0,72323.90951024709,0
3541,10022589,Surname_3541,761,Spain,Male,56.0,9,126620.9416935887,1,1,0,22890.94038914436,0
3542,68357699,Surname_3542,745,Spain,Female,21.0,1,9842.632680288343,4,0,0,145550.82025014743,1
3543,19217859,Surname_3543,513,Spain,Male,21.0,6,138279.27546939862,1,1,1,125390.55432002373,1
3544,17387536,Surname_3544,505,France,Female,50.0,4,177934.08044812237,1,1,0,99979.45440679725,0
3545,75976888,Surname_3545,595,France,Male,29.0,2,212754.93866453163,1,1,0,43406.81091394644,0
3546,43758876,Surname_3546,838,France,Female,52.0,2,209197.39643420195,1,0,0,86328.44645147848,0
3547,91242703,Surname_3547,421,Germany,Female,21.0,1,138715.89888814677,3,0,1,31411.053512784823,0
3548,43031760,Surname_3548,733,France,Male,51.0,2,118887.98884722377,2,0,0,79468.7937403411,1
3549,87687239,Surname_3549,439,Spain,Male,31.0,3,17408.394000311662,4,1,0,83809.90106044085,1
3550,24362327,Surname_3550,376,Germany,Male,36.0,1,246771.07220090245,2,1,1,49269.22931785233,0
3551,94403827,Surname_3551,789,France,Female,26.0,0,95524.4276803411,2,1,0,140927.65939707786,1
3552,75808035,Surname_3552,589,France,Female,29.0,7,131041.26757281784,1,0,1,18150.89923870909,1
3553,81569429,Surname_3553,361,Spain,Male,35.0,8,146557.44504065334,1,1,0,129645.55474181208,0
3554,75847468,Surname_3554,612,Spain,Female,37.0,4,56318.63440996187,2,1,1,132481.8819039471,0
3555,12723058,Surname_3555,605,Germany,Female,35.0,0,29843.48870878259,4,0,1,81133.94684788423,0
3556,58344633,Surname_3556,739,France,Female,20.0,5,99371.39412689519,4,1,1,131966.04957028793,0
3557,14864071,Surname_3557,804,Spain,Female,35.0,7,147138.13002545098,1,0,0,103030.19038338971,1
3558,73443184,Surname_3558,713,Spain,Male,49.0,7,242568.3848698767,3,1,1,95738.8673452111,0
3559,21491050,Surname_3559,515,Germany,,53.0,5,176527.65246778363,2,1,1,33565.33509361832,1
3560,27939897,Surname_3560,358,France,Female,55.0,5,113779.38578242378,4,0,0,12915.94925731229,0
3561,42492295,Surname_3561,623,France,Male,23.0,0,57319.16730717243,2,0,1,73562.86508477046,0
3562,73184681,Surname_3562,696,Spain,Male,59.0,2,23328.78775864472,4,1,0,15238.831475240284,1
3563,35199815,Surname_3563,532,Germany,Male,42.0,9,166382.98341083887,2,0,1,103096.12017241585,0
3564,41917737,Surname_3564,709,Spain,Female,49.0,7,221121.29933012536,2,1,0,128584.35700530701,0
3565,62385915,Surname_3565,486,France,Male,52.0,6,40830.802975420105,1,0,0,115023.83351767833,0
3566,90048848,Surname_3566,592,France,Female,38.0,8,59714.406932883714,4,0,0,15196.97498158115,1
3567,78755274,Surname_3567,483,France,Female,58.0,5,202578.5245581803,4,0,0,93804.35871440345,0
3568,88225964,Surname_3568,434,Spain,Female,30.0,7,161777.47239487775,3,0,1,108937.56170521505,0
3569,13537818,Surname_3569,848,France,Male,52.0,5,52048.50901624208,3,1,1,58635.542678511956,1
3570,75111270,Surname_3570,640,Spain,Female,40.0,2,29705.956227519593,4,0,1,133070.30731336237,1
3571,97193568,Surname_3571,459,Germany,Female,58.0,9,187033.4109926157,4,1,1,136612.25984068448,1
3572,61940515,Surname_3572,429,France,Female,23.0,5,103743.46789653899,3,1,0,84736.81666751888,1
3573,30038329,Surname_3573,706,France,Male,24.0,9,90909.04775121248,3,0,0,47516.0525788124,0
3574,82343932,Surname_3574,719,France,Female,54.0,6,7899.687302568098,2,0,0,19027.125648274767,1
3575,15861023,Surname_3575,657,Germany,Female,48.0,3,44258.35774495471,2,1,1,116831.87626765572,1
3576,30900205,Surname_3576,465,Germany,Female,18.0,1,102814.76389432873,1,1,1,63177.809666614165,1
3577,96407985,Surname_3577,638,Spain,Male,22.0,6,109522.67618161044,2,0,0,58459.431632511994,1
3578,15812906,Surname_3578,555,Germany,Male,29.0,6,219831.83019944272,4,1,0,145298.6003828317,1
3579,18751163,Surname_3579,727,Germany,Male,23.0,8,67132.66188096673,4,1,1,99395.89470308773,0
3580,23380367,Surname_3580,455,France,Male,19.0,4,73855.53608535373,3,0,0,27571.35684924404,1
3581,74479814,Surname_3581,567,Germany,Male,59.0,4,220578.7114791917,2,0,1,64652.44214530081,0
3582,56030496,Surname_3582,477,France,Male,30.0,5,241929.37986214278,4,0,1,40144.73558958524,1
3583,90104957,Surname_3583,764,Germany,Female,18.0,9,156220.5985098136,3,1,0,103069.55931782424,0
3584,90554250,Surname_3584,465,France,Female,23.0,3,163653.023644568,4,1,0,75777.98086066461,0
3585,67739593,Surname_3585,694,France,Female,20.0,2,6764.790662166814,4,1,1,110953.32951699292,0
3586,22943726,Surname_3586,524,Germany,Male,23.0,5,97451.30179878064,2,0,0,71491.307918154,0
3587,66762966,Surname_3587,370,Spain,Female,45.0,6,233591.8834217568,1,1,1,105069.45301074289,1
3588,35083771,Surname_3588,706,France,Female,22.0,5,204515.25483426393,4,1,1,109589.12150461556,0
3589,32322624,Surname_3589,523,Spain,Female,49.0,6,187800.78360903318,4,1,0,91512.82893974143,1
3590,55738903,Surname_3590,521,France,Male,57.0,8,214939.69021903185,2,0,1,94256.82254047183,1
3591,98487269,Surname_3591,842,Spain,Male,44.0,7,23756.47317966989,2,0,1,136953.40595243673,1
3592,16369642,Surname_3592,391,Germany,Male,52.0,1,1921.7356566939293,4,1,0,35644.93762255646,0
3593,80165929,Surname_3593,754,Germany,Female,59.0,3,120624.64391527882,3,1,0,85952.04749116414,0
3594,10851132,Surname_3594,564,Spain,Female,33.0,1,200564.59799148442,2,0,0,71724.16508744727,0
3595,67310902,Surname_3595,556,France,Male,37.0,7,11783.722794749956,4,1,1,139718.91220528976,0
3596,98222916,Surname_3596,800,Spain,Male,44.0,6,36218.15737459766,2,0,1,142044.5787780836,0
3597,22010955,Surname_3597,393,Germany,Male,23.0,8,47861.768909705,3,1,0,53462.13297613271,0
3598,55845616,Surname_3598,712,Spain,Female,52.0,3,202653.7569396763,1,0,0,130365.07907618376,1
3599,71147312,Surname_3599,693,France,Male,22.0,9,35985.629981480524,3,1,1,140587.0521805655,0
3600,17919768,Surname_3600,546,Spain,Male,21.0,8,47670.43633934601,1,1,1,143008.79171072162,0
3601,78675237,Surname_3601,669,France,Female,43.0,0,105211.23227070544,3,0,1,14473.55608478457,1
3602,48029449,Surname_3602,422,Germany,Female,42.0,0,190110.48820168513,3,0,1,54700.214342479674,0
3603,61872945,Surname_3603,807,Germany,Male,58.0,8,114027.22740318876,2,0,0,113461.03351267031,1
3604,19763534,Surname_3604,424,Spain,Female,29.0,9,236572.9285737697,3,0,0,28344.431835601186,0
3605,48269280,Surname_3605,429,Germany,Female,30.0,8,57032.29071736268,2,1,0,149833.64602859493,1
3606,39266959,Surname_3606,699,Spain,Female,49.0,7,238081.70958898903,3,1,0,142733.29589446067,0
3607,71120254,Surname_3607,771,France,Female,18.0,6,189226.31821311405,3,0,1,38067.70090739225,1
3608,78773560,Surname_3608,378,France,Male,47.0,0,141404.16815448555,2,1,0,131383.84214613674,0
3609,56167357,Surname_3609,521,France,Female,36.0,4,112631.35138501412,4,0,1,31478.719135153282,0
3610,55490444,Surname_3610,665,Germany,Male,19.0,6,94906.21644374586,2,0,0,60926.19153464813,0
3611,28968190,Surname_3611,783,France,Female,19.0,5,206675.7276537232,4,1,0,107906.94664790011,1
3612,48491888,Surname_3612,691,Spain,Female,49.0,3,164026.83216777514,4,1,0,138749.92640612414,0
3613,75172119,Surname_3613,501,France,,51.0,6,13232.426852417406,3,1,1,135094.82044219342,0
3614,89409273,Surname_3614,686,France,Female,50.0,2,77569.66265290463,4,0,0,10070.212080575038,0
3615,10507489,Surname_3615,790,Spain,Male,54.0,8,209976.10862866533,3,0,0,16859.549059591198,1
3616,36197236,Surname_3616,367,Spain,Female,22.0,6,87611.91630830556,4,0,1,58638.51181112356,1
3617,27062373,Surname_3617,480,Spain,Female,41.0,3,213353.05999501402,4,0,0,95598.85339683047,1
3618,88852403,Surname_3618,615,France,Female,27.0,8,8962.88486032712,1,0,1,102590.87653485045,1
3619,69210086,Surname_3619,699,Germany,Female,41.0,3,48950.609401287424,2,1,0,11081.2920514074,1
3620,23850763,Surname_3620,644,Germany,Male,52.0,2,183010.00231936522,2,0,1,14468.564731608047,0
3621,49954657,Surname_3621,415,France,Male,48.0,0,57332.69023554213,4,0,0,33565.51621041323,1
3622,78175553,Surname_3622,796,Germany,Male,36.0,1,207296.23165794462,4,0,0,46304.73763702726,1
3623,19483821,Surname_3623,490,Germany,Female,51.0,4,137802.84608430427,2,0,0,131262.3929199435,0
3624,87934337,Surname_3624,517,Spain,Male,39.0,4,34541.98880262041,2,0,0,49991.046351433324,0
3625,46719268,Surname_3625,669,France,Male,31.0,0,85143.04211744959,2,1,0,137873.95002053882,0
3626,20344722,Surname_3626,683,France,Male,25.0,2,105131.5449548052,1,0,0,135461.70393829298,1
3627,13938293,Surname_3627,846,Germany,Female,54.0,6,41649.320110274944,3,1,0,113955.5166751338,0
3628,58342372,Surname_3628,711,France,Male,25.0,3,218213.47433618087,1,1,0,85201.75413158932,1
3629,34656344,Surname_3629,579,France,Female,51.0,1,239437.76656035017,2,1,1,108356.6375293408,0
3630,42307144,Surname_3630,414,Germany,Female,47.0,3,133151.85580767848,4,1,1,136016.53713776008,0
3631,53569329,Surname_3631,353,Spain,Female,32.0,5,211931.15401600028,2,0,1,124757.76720365169,0
3632,97786334,Surname_3632,741,Germany,Female,23.0,7,205312.19857433805,3,0,1,139781.91669731424,1
3633,83783553,Surname_3633,616,France,Female,56.0,9,43422.35510174366,1,1,1,115487.42886355537,1
3634,81723861,Surname_3634,736,Germany,Male,47.0,0,248405.3853653272,4,0,0,52207.29247531845,0
3635,57439921,Surname_3635,497,Germany,Female,31.0,9,40625.589661031416,2,0,0,16514.668284316125,0
3636,39510550,Surname_3636,442,Spain,Male,48.0,3,174605.07972675233,3,0,1,102526.82976398728,0
3637,16415202,Surname_3637,687,Germany,Female,58.0,3,147623.4509139741,3,1,1,143688.80990583927,0
3638,24770185,Surname_3638,635,Spain,Female,21.0,1,84276.84111165575,3,0,0,123830.16464746933,1
3639,36219441,Surname_3639,812,Germany,Male,45.0,9,11006.738535481869,1,0,0,63503.985623411514,0
3640,82544508,Surname_3640,396,France,Female,20.0,8,76842.03261077826,4,0,0,28776.10030241488,0
3641,26890900,Surname_3641,673,France,Female,22.0,6,73850.37095057016,4,0,0,34698.85951709114,1
3642,11202657,Surname_3642,750,Spain,Male,52.0,6,229053.46091829363,2,0,1,56647.782977157214,1
3643,11124486,Surname_3643,742,France,Female,42.0,7,227209.74971109905,2,1,0,83154.32163942959,0
3644,79550461,Surname_3644,369,Spain,Female,43.0,1,22682.28218282925,2,1,1,71593.65089343899,1
3645,12025616,Surname_3645,382,Germany,Female,27.0,5,86594.2106522688,2,1,1,63420.47779178815,1
3646,88009446,Surname_3646,825,Spain,Male,40.0,3,149943.3183199769,2,0,0,50362.21744765464,0
3647,60298181,Surname_3647,708,France,Female,49.0,7,128849.95381242636,3,0,0,107921.27830516096,1
3648,35841378,Surname_3648,749,France,Male,51.0,0,245018.90477663733,4,1,1,76029.6766484465,1
3649,46640419,Surname_3649,751,France,Female,32.0,5,134382.27618946836,2,0,1,45100.87164230947,0
3650,94969340,Surname_3650,493,Spain,Male,46.0,8,12762.39188562886,3,0,1,27723.547491096644,1
3651,44776546,Surname_3651,477,Germany,Male,31.0,4,153702.84045175064,1,1,1,132054.0156581602,1
3652,25995460,Surname_3652,443,France,,21.0,9,104711.08060283032,1,1,1,42406.10221713055,1
3653,22233529,Surname_3653,508,Spain,Female,26.0,6,40692.50583602083,4,0,1,69095.78177564344,0
3654,74020207,Surname_3654,753,Germany,Male,29.0,7,94956.94712504724,2,0,0,59745.69518651475,1
3655,71703109,Surname_3655,670,Germany,Male,27.0,3,232671.51795290512,4,1,0,52055.68372935858,0
3656,52365514,Surname_3656,515,France,Female,42.0,5,121287.72587800396,2,1,1,108520.5758282034,0
3657,42235124,Surname_3657,842,Germany,Female,41.0,1,103321.1567582067,1,0,1,144859.27301854812,0
3658,86781986,Surname_3658,716,France,Male,22.0,6,8995.694658656683,1,1,0,70453.94771788744,1
3659,56971231,Surname_3659,659,Spain,Male,36.0,8,44758.045315305775,2,1,0,94382.9202149271,1
3660,21321238,Surname_3660,669,Spain,Female,36.0,7,234967.5401068323,3,0,0,13550.605054159854,1
3661,64544270,Surname_3661,429,Spain,Male,29.0,5,192224.7851146899,2,0,0,101578.45541803166,1
3662,46740140,Surname_3662,699,Germany,Female,56.0,5,24571.110982718525,3,1,0,87154.94988669292,0
3663,95898039,Surname_3663,607,Spain,Male,54.0,8,18406.88765008741,3,1,0,96041.85976808748,1
3664,88862020,Surname_3664,799,Spain,Male,57.0,4,202155.1708225967,1,1,0,58650.85924042467,1
3665,16723865,Surname_3665,453,France,Female,40.0,1,112777.41310932873,3,1,1,60058.895023129204,0
3666,96457425,Surname_3666,387,Spain,Female,34.0,1,114122.33941072697,1,1,0,133185.47923512617,1
3667,33395986,Surname_3667,699,Spain,Female,59.0,3,33911.51000633769,1,0,1,84436.36926699465,1
3668,72120250,Surname_3668,705,Spain,Male,46.0,2,239029.76515882573,1,1,1,45104.94329022383,0
3669,13806327,Surname_3669,768,Spain,Male,52.0,8,109874.72834747689,4,1,0,62132.67916665985,1
3670,92104402,Surname_3670,499,France,Male,55.0,0,66602.12573036231,3,1,0,39803.03775133169,0
3671,41830570,Surname_3671,795,France,Male,20.0,4,22677.838789937705,4,1,0,47017.89584395862,0
3672,73034701,Surname_3672,451,Germany,Male,32.0,3,131872.31093396267,1,0,1,133457.2530899149,1
3673,93329897,Surname_3673,806,France,Male,21.0,4,18816.136927612082,3,1,0,14519.333361730201,1
3674,12362916,Surname_3674,439,Spain,Female,21.0,8,200811.4468717746,1,1,0,63840.718254560496,0
3675,61787973,Surname_3675,689,Spain,Male,42.0,5,183650.92402606053,1,1,1,114826.41476451592,0
3676,43832927,Surname_3676,367,Germany,Male,31.0,0,209687.97712822736,3,1,0,15379.309409386093,0
3677,56755604,Surname_3677,513,Spain,Male,55.0,2,48540.29724672101,3,0,0,66623.9881032061,1
3678,18524390,Surname_3678,394,Germany,Female,55.0,0,142248.84038818895,1,0,0,18673.31525984899,0
3679,82107351,Surname_3679,781,France,Female,39.0,4,215006.48959355406,4,1,0,23655.841082757615,0
3680,74987556,Surname_3680,598,Germany,Female,46.0,2,229845.96292023605,3,1,1,126836.86092343347,0
3681,91970872,Surname_3681,717,France,Male,52.0,6,104673.64528430326,1,0,1,106420.78930385709,1
3682,95318169,Surname_3682,544,Spain,Female,33.0,7,228298.19538330732,1,1,0,42427.37111802315,0
3683,47847868,Surname_3683,466,Germany,Female,50.0,7,244250.78512222692,2,0,1,139668.2705458121,1
3684,27274222,Surname_3684,395,Spain,Female,35.0,6,151296.03136085902,4,1,0,126455.01459702023,1
3685,98102587,Surname_3685,803,France,Female,29.0,4,28129.811308272245,1,1,0,52386.14712959721,0
3686,92137880,Surname_3686,536,France,Male,31.0,9,206573.17211469865,2,0,0,121654.33578486467,1
3687,50426406,Surname_3687,598,France,Female,44.0,5,155868.8238518497,2,0,1,54731.00795937073,0
3688,20225424,Surname_3688,407,France,Female,27.0,4,86386.48833656625,2,0,1,88862.54418708915,1
3689,12474410,Surname_3689,654,France,Female,23.0,6,242964.7685014212,3,1,0,122888.30166149382,0
3690,34107462,Surname_3690,351,Germany,Female,31.0,8,33956.725222821144,4,1,0,54462.67307697267,1
3691,44649381,Surname_3691,606,Spain,Female,48.0,5,164634.16907337875,2,0,0,129185.6293782957,0
3692,18673624,Surname_3692,673,Spain,Male,53.0,1,246419.7127870772,1,0,0,35907.58832903628,0
3693,68328825,Surname_3693,599,Germany,Male,19.0,0,95831.77794934178,2,1,1,85350.24202032128,1
3694,14617819,Surname_3694,581,Spain,Male,43.0,0,74218.77073860036,1,1,0,21799.040277604465,1
3695,95137759,Surname_3695,548,Germany,Female,34.0,1,78170.05760603679,2,1,1,91378.76356268677,0
3696,28017576,Surname_3696,446,Germany,Male,55.0,9,31708.253702904974,3,0,1,16029.28611054926,0
3697,58604270,Surname_3697,816,Germany,Female,55.0,3,149146.6144195443,2,0,1,68663.78889161874,0
3698,19320596,Surname_3698,808,France,Male,51.0,1,167435.1747841769,3,1,0,139092.5215387189,0
3699,92457408,Surname_3699,578,France,Male,24.0,9,49530.824882418805,3,1,0,15278.887638029119,0
3700,61534689,Surname_3700,729,France,Female,38.0,3,174459.05117605816,1,0,0,34492.379208491155,1
3701,90025742,Surname_3701,769,France,Male,54.0,2,63440.19363158804,3,1,1,36013.274504529094,0
3702,79303109,Surname_3702,464,Germany,Male,23.0,2,105530.36701023669,4,0,0,39821.78898584489,1
3703,36682241,Surname_3703,473,Spain,Male,29.0,0,36971.87993599496,4,0,1,37203.223590799855,0
3704,47541408,Surname_3704,717,Germany,Male,20.0,8,78545.17776914497,1,0,1,20521.274253758434,0
3705,70095749,Surname_3705,656,Spain,Female,55.0,8,234535.2281949698,3,1,0,148356.86446618228,0
3706,48103705,Surname_3706,672,Germany,Male,56.0,2,38831.02495867941,2,0,1,119136.36509428725,1
3707,44628836,Surname_3707,441,Germany,Male,18.0,3,96153.68310156866,3,1,0,33541.14089130365,1
3708,13050178,Surname_3708,387,France,Male,48.0,5,167291.37638858738,3,1,1,90515.55271987144,0
3709,74990465,Surname_3709,544,France,Male,46.0,8,18528.54220006467,4,0,0,77898.13857703358,0
3710,54433881,Surname_3710,593,Germany,Female,43.0,4,77024.01806932312,2,0,0,37278.661787176374,1
3711,35598064,Surname_3711,693,Spain,Male,41.0,5,168888.48674467366,1,1,0,98865.65168541591,0
3712,45542792,Surname_3712,491,Spain,Male,58.0,6,202916.6309794505,3,1,0,87930.82715193435,1
3713,86231267,Surname_3713,458,Germany,Male,46.0,2,121444.37388784684,4,0,0,126652.5607267843,0
3714,47903016,Surname_3714,806,Spain,Male,42.0,1,4717.526259946564,3,1,1,62871.476089612945,0
3715,13738792,Surname_3715,499,Germany,Female,34.0,7,49305.72127274735,4,0,1,32411.70885172917,0
3716,65507754,Surname_3716,715,Germany,Female,25.0,0,51189.70734373796,4,1,1,131803.30634136213,1
3717,56634038,Surname_3717,641,Spain,Female,39.0,1,97942.17207825088,2,0,1,121798.68927336716,0
3718,99847518,Surname_3718,410,Germany,Male,33.0,0,11403.636274141649,1,1,1,143420.16587491435,1
3719,54083445,Surname_3719,721,Spain,Male,24.0,0,163811.08353254144,3,0,1,74685.6976281546,1
3720,25088056,Surname_3720,463,France,,39.0,2,20757.118435743905,3,0,0,119738.84219375793,1
3721,19452372,Surname_3721,553,Germany,Female,52.0,1,54669.41994567995,4,0,1,108447.97745789483,1
3722,39400711,Surname_3722,742,Germany,,50.0,0,63703.28076235143,4,0,1,78352.78566607025,0
3723,18983621,Surname_3723,698,Spain,Female,41.0,2,60467.392374158044,1,1,1,89550.51503172709,1
3724,46429231,Surname_3724,704,Spain,Male,55.0,9,126660.76220326172,4,0,0,116037.06077746562,0
3725,49391310,Surname_3725,409,France,Male,59.0,1,17318.41538920145,4,0,0,16612.491293897416,1
3726,21070718,Surname_3726,528,France,Female,18.0,4,91406.27908377306,1,0,1,144093.78873615622,1
3727,41253710,Surname_3727,490,Germany,Female,55.0,4,217719.10214960034,4,0,1,74661.54076713696,0
3728,85133509,Surname_3728,440,Germany,Male,41.0,8,174595.03089477503,4,0,0,97889.00734168527,0
3729,82186615,Surname_3729,407,Spain,Male,52.0,0,144086.9138843543,1,1,0,101221.96818582753,0
3730,29217473,Surname_3730,724,France,Male,26.0,5,127087.85115237357,2,1,0,18442.409764096723,1
3731,74205110,Surname_3731,513,Germany,Male,45.0,7,104279.78741035247,3,1,0,94083.4647417867,0
3732,96779930,Surname_3732,424,Spain,Male,43.0,3,242847.92024760664,2,0,0,128447.54953185139,0
3733,86292089,Surname_3733,355,Germany,Female,24.0,4,48465.823838030774,4,1,0,93214.97735948482,0
3734,18192990,Surname_3734,484,Germany,Male,26.0,0,92411.15702141594,3,1,0,57909.01542435627,0
3735,95291990,Surname_3735,360,Germany,Male,23.0,0,178712.92013263082,4,0,0,81662.15525560093,1
3736,64454576,Surname_3736,389,Spain,Female,28.0,3,118985.70676648998,3,1,1,120650.59682746082,0
3737,46613349,Surname_3737,537,Germany,Female,18.0,7,17764.562246764453,2,1,1,58793.07686366652,1
3738,88820095,Surname_3738,424,Germany,Female,39.0,5,91465.42986442738,3,1,1,120315.0112215961,1
3739,91792331,Surname_3739,832,Spain,Female,53.0,6,150193.89318371727,2,1,0,70848.9449246889,1
3740,25859627,Surname_3740,686,Spain,Female,18.0,4,213363.95519202194,1,1,0,44959.612761419434,0
3741,29294597,Surname_3741,489,Germany,Male,47.0,9,61794.14311538961,1,0,1,86028.56483172505,1
3742,35487524,Surname_3742,847,France,Male,47.0,3,214407.2926105976,4,1,0,30985.99127535476,0
3743,24830785,Surname_3743,772,France,,25.0,9,117831.559037441,1,0,1,47186.84132145905,0
3744,25408261,Surname_3744,723,France,Male,35.0,9,60738.745377458356,1,1,1,66577.99675971962,1
3745,67301249,Surname_3745,672,Spain,Male,38.0,7,216183.0872681647,2,1,1,51209.726033331644,0
3746,63496247,Surname_3746,639,Spain,Female,55.0,6,215135.17893430733,4,0,0,53622.0136902342,0
3747,67017439,Surname_3747,794,Spain,Male,29.0,6,102669.7117937394,1,1,0,13559.13637334741,0
3748,11968726,Surname_3748,712,Spain,Female,26.0,8,146872.52667360785,3,1,1,116142.55011787575,0
3749,45096918,Surname_3749,803,Germany,Female,42.0,8,5826.604024745136,1,1,1,133205.02822811142,1
3750,27077136,Surname_3750,622,Germany,Female,44.0,7,20121.86822515824,2,1,0,78723.03583892953,1
3751,91859694,Surname_3751,396,Germany,Female,22.0,0,144625.34758273294,3,1,0,146683.03972100923,0
3752,30006758,Surname_3752,427,Spain,Female,44.0,8,139732.16339429028,4,0,1,138054.39389466366,0
3753,45362671,Surname_3753,701,Spain,Female,24.0,6,210908.3790263263,3,0,0,140366.3729299015,1
3754,43610375,Surname_3754,751,France,Male,50.0,5,22740.11015149252,4,0,1,117710.42398264474,0
3755,59304213,Surname_3755,807,Germany,Female,26.0,2,206001.242028258,1,1,0,69187.75059495211,0
3756,35435943,Surname_3756,456,Spain,Female,54.0,7,246278.15118550305,3,0,1,44886.07689815234,1
3757,23547386,Surname_3757,453,France,Female,48.0,4,245302.52440584684,1,0,0,13823.344658842187,0
3758,78034047,Surname_3758,356,France,Male,39.0,1,140865.50121143684,4,1,1,24877.76695332984,0
3759,87137844,Surname_3759,767,Spain,Female,37.0,3,43831.82366131114,1,1,0,149169.96799460828,1
3760,29091363,Surname_3760,417,Germany,Male,55.0,8,185993.38784852877,3,1,1,117995.19623471369,0
3761,20608681,Surname_3761,464,Germany,Male,51.0,5,194370.4206622921,1,1,0,84353.04928418303,1
3762,23256447,Surname_3762,568,Germany,Female,22.0,9,48909.72588937026,3,0,1,91298.27571893395,1
3763,59259886,Surname_3763,752,France,Male,36.0,6,89168.82672402366,4,0,0,63350.63164770728,0
3764,46299239,Surname_3764,574,France,Female,39.0,6,77058.41086170479,4,0,0,84737.2474911286,0
3765,63383742,Surname_3765,447,Spain,Male,34.0,1,241556.42195858265,1,0,1,148190.54358622557,0
3766,16678546,Surname_3766,824,Spain,Female,53.0,4,210709.58732676084,2,0,0,62377.116663676396,1
3767,75604664,Surname_3767,510,Spain,Male,48.0,9,19586.550024877302,4,0,1,83547.0887383165,0
3768,93577202,Surname_3768,835,Germany,Female,54.0,1,65138.15691709468,4,1,1,88560.98699322967,1
3769,55059368,Surname_3769,589,France,Male,26.0,9,87280.01682020814,2,1,1,70333.04402688652,1
3770,50635918,Surname_3770,759,Spain,Male,30.0,4,228672.68250964905,2,1,1,60235.41526309652,1
3771,32555368,Surname_3771,664,France,Male,56.0,3,83850.20665124911,4,0,0,82560.24226374572,1
3772,30676053,Surname_3772,379,Germany,Male,47.0,1,28760.52604823706,4,1,1,35684.48372197153,1
3773,71112468,Surname_3773,698,Spain,Male,43.0,1,142795.47677611178,3,1,0,84810.03278317561,0
3774,33375121,Surname_3774,452,Spain,Female,54.0,1,83094.33453375153,3,1,1,77356.68244958734,0
3775,75095051,Surname_3775,736,France,Male,19.0,0,242542.34085005824,4,0,0,40448.93259264385,0
3776,16962822,Surname_3776,624,Spain,Female,56.0,3,136298.40875949385,3,0,1,97421.52545374024,0
3777,47653121,Surname_3777,671,Spain,Male,40.0,2,243346.0407059757,1,0,1,128542.96483433999,1
3778,94169528,Surname_3778,550,Germany,Male,20.0,2,214427.60571928663,4,0,1,53157.277704210515,1
3779,29897091,Surname_3779,464,Spain,Male,48.0,3,112796.87168885996,2,0,0,86297.0709929866,1
3780,23200939,Surname_3780,676,France,Male,48.0,8,30403.471409190224,1,1,0,88388.9792097324,0
3781,20564007,Surname_3781,571,France,Female,42.0,9,82266.39329619607,1,0,0,26584.80084756574,1
3782,64835696,Surname_3782,543,Germany,Male,34.0,1,143493.89316971094,2,0,0,104822.78227973977,1
3783,53936433,Surname_3783,453,Spain,Female,59.0,7,74253.98251396234,2,0,0,10421.369266919308,0
3784,16584838,Surname_3784,678,France,Female,42.0,3,126017.21258117988,4,1,1,122192.79539926299,1
3785,69083591,Surname_3785,357,Spain,Male,35.0,4,102637.50187684242,2,1,0,136308.99315646838,0
3786,23088342,Surname_3786,600,France,Male,23.0,1,88733.3733084065,3,1,0,39164.78240662448,0
3787,72483370,Surname_3787,628,Spain,Male,44.0,2,179693.91243182737,2,1,1,45625.648016228944,1
3788,40344759,Surname_3788,730,France,Female,56.0,3,203207.17067399537,2,1,1,88031.95897771591,0
3789,18163330,Surname_3789,798,Germany,Female,31.0,2,37634.438608687204,2,1,1,49481.53252114256,0
3790,98768004,Surname_3790,704,France,Male,33.0,3,29385.73121490415,1,0,1,37095.296656769795,1
3791,69141302,Surname_3791,416,France,Female,35.0,8,208704.31548820224,4,1,1,34607.850883840176,1
3792,75428575,Surname_3792,807,France,Female,47.0,3,100715.61758240146,3,0,0,14892.17416838524,0
3793,26048762,Surname_3793,528,France,Female,47.0,7,64014.067934561936,2,1,1,99962.44877897346,1
3794,42951510,Surname_3794,622,France,Male,41.0,6,136383.25296153303,1,0,1,36249.85351858214,1
3795,64971650,Surname_3795,535,France,Male,24.0,1,85639.4532539132,1,0,0,94369.01602602685,0
3796,20515437,Surname_3796,551,Germany,Female,32.0,7,115759.53403521034,2,1,0,60284.48457034746,0
3797,19887717,Surname_3797,708,Germany,Male,23.0,2,48781.5931354707,4,1,0,110318.90280042186,0
3798,67479094,Surname_3798,415,France,Male,24.0,3,75513.85804379171,1,1,1,99715.22150027847,0
3799,84057087,Surname_3799,532,Spain,Male,32.0,3,209333.63150213077,3,1,1,126481.14469763445,0
3800,41702405,Surname_3800,386,Spain,Female,39.0,9,229400.37964669327,1,1,1,118648.70541266676,0
3801,73967089,Surname_3801,611,Germany,Female,37.0,5,48492.73998938186,4,0,1,139582.61980765164,0
3802,95215074,Surname_3802,692,France,Male,20.0,6,116466.02281516934,2,1,1,149515.36193829242,0
3803,53698662,Surname_3803,516,Spain,Male,50.0,8,247243.8241099289,2,1,1,102559.35126919395,1
3804,24711339,Surname_3804,482,Spain,Female,28.0,6,216151.6466692968,4,1,0,121824.96869598053,0
3805,32462096,Surname_3805,700,Spain,Female,40.0,8,167771.21220365042,2,1,1,45312.819065312884,1
3806,37841530,Surname_3806,501,Germany,Female,55.0,4,217905.89445387732,4,0,0,143176.3333630251,0
3807,46446416,Surname_3807,847,France,,44.0,8,247921.85669245844,3,0,0,103832.79578587772,1
3808,68097980,Surname_3808,539,Germany,Female,38.0,9,242187.4648993702,3,1,0,88321.78694935144,1
3809,47728720,Surname_3809,649,France,Male,58.0,6,142259.31977868223,1,0,0,112711.08119016587,0
3810,87404268,Surname_3810,363,Germany,Male,33.0,6,181827.14294881842,3,0,0,148931.00164510688,1
3811,93428840,Surname_3811,551,Spain,,51.0,6,123345.68586869715,3,1,1,84220.86614036968,1
3812,56771939,Surname_3812,553,Spain,Male,53.0,9,36108.50629592158,2,0,0,65781.47391147832,0
3813,16674128,Surname_3813,674,Germany,,42.0,5,155363.728352335,2,0,0,145579.62620767718,1
3814,45349722,Surname_3814,480,Germany,Male,32.0,1,165355.15670494334,4,0,1,88135.1159250957,1
3815,66787149,Surname_3815,633,France,Female,37.0,8,138928.19379746428,1,1,0,117422.887245816,1
3816,99614949,Surname_3816,355,France,Male,21.0,5,128415.83892739828,3,0,1,78693.01496636285,1
3817,54459374,Surname_3817,577,Germany,Male,50.0,4,227209.13676491726,1,0,1,113349.07855004795,1
3818,21485568,Surname_3818,615,Spain,Female,45.0,9,77548.99491488896,1,1,0,124318.79410282188,0
3819,73821388,Surname_3819,709,Spain,Male,30.0,2,92728.11959205623,3,0,0,140628.7057928722,1
3820,27671264,Surname_3820,401,France,Female,54.0,4,122563.54790185456,3,1,1,109633.01632122726,0
3821,72285085,Surname_3821,788,Spain,Male,29.0,8,229647.56616628668,2,1,1,132833.37904048077,1
3822,15281586,Surname_3822,376,Germany,Male,58.0,7,76459.50817134061,2,1,1,118739.83115721498,0
3823,55660405,Surname_3823,552,Germany,Male,26.0,3,201874.97298361282,2,0,1,29131.96993501801,0
3824,34700732,Surname_3824,480,France,Female,33.0,1,176528.59350438789,3,1,1,17362.151383686636,1
3825,98872161,Surname_3825,664,Spain,Female,40.0,6,155886.84999021856,1,0,1,38005.83479170891,0
3826,72649164,Surname_3826,782,Germany,Male,40.0,4,22187.823296957038,1,1,1,106805.62131576045,1
3827,79397645,Surname_3827,504,Spain,Male,28.0,8,202892.93551313368,2,0,1,68039.85473270877,1
3828,23882617,Surname_3828,730,Germany,Male,47.0,1,117927.64387626534,1,0,0,76095.13351431703,1
3829,35610229,Surname_3829,357,Germany,Male,19.0,6,119224.68720242211,1,1,1,109015.03672853824,1
3830,78507973,Surname_3830,754,Spain,Male,44.0,8,206332.19254621907,1,1,0,33825.92455532967,1
3831,56766449,Surname_3831,428,France,Male,48.0,7,137221.58684883613,4,1,0,117749.36555199373,1
3832,20567155,Surname_3832,352,Germany,Female,40.0,4,185213.18445355407,4,0,1,123077.34956904282,0
3833,55986099,Surname_3833,812,Spain,Male,55.0,2,50602.1168482933,4,0,0,60283.43648602791,0
3834,38771041,Surname_3834,849,France,Female,50.0,1,14426.21816710779,3,1,1,123925.89454671367,1
3835,90603101,Surname_3835,461,France,Male,21.0,6,138073.24900019128,4,1,1,11863.880037730574,0
3836,28201174,Surname_3836,457,Germany,Female,39.0,0,23045.79005635654,3,0,1,27831.352907079367,1
3837,58481881,Surname_3837,699,Germany,Female,53.0,3,240522.74208732203,2,0,1,37508.181080746166,0
3838,59012467,Surname_3838,663,Germany,Female,29.0,2,53680.9299680785,1,1,1,119522.03813916373,0
3839,46657802,Surname_3839,577,Germany,Female,55.0,0,51559.34532931153,1,1,0,52456.65320101713,0
3840,37855366,Surname_3840,513,Spain,Male,20.0,5,239519.4984146933,2,1,0,21210.346015501502,0
3841,37647341,Surname_3841,460,France,Female,35.0,7,87563.25218994259,4,0,0,86754.89049518216,0
3842,28686525,Surname_3842,474,Germany,Female,19.0,8,30717.090069157737,2,0,0,86204.26140323769,1
3843,60839342,Surname_3843,442,France,Female,56.0,5,974.0638391462775,3,0,1,79269.95009158696,0
3844,42464177,Surname_3844,728,Spain,Male,42.0,6,127514.22111263838,4,0,1,144619.7236439875,0
3845,54733497,Surname_3845,401,France,Female,47.0,7,205316.49109172524,1,0,1,83689.1625019836,1
3846,87535970,Surname_3846,753,France,Female,44.0,8,5530.927208003883,4,0,1,28794.097141844853,0
3847,37582965,Surname_3847,749,Germany,Female,21.0,0,210707.17285959504,2,1,1,99076.05820254268,1
3848,21998139,Surname_3848,688,Germany,Male,20.0,8,109185.43958681359,2,1,0,121008.05570735844,0
3849,17136198,Surname_3849,816,Spain,Male,27.0,3,32631.498284749705,2,0,1,148182.62520585585,0
3850,25136554,Surname_3850,705,Germany,Male,34.0,1,207901.8817704273,1,1,0,140406.7048251689,0
3851,99671534,Surname_3851,459,France,Female,42.0,9,82548.39217352658,3,0,0,16209.860490275727,0
3852,94274551,Surname_3852,569,France,Female,25.0,8,182677.78082271668,2,1,1,105943.70946632713,0
3853,24239951,Surname_3853,366,France,,22.0,5,224571.53675442227,3,1,1,88123.26266455527,0
3854,69047844,Surname_3854,810,Spain,Female,57.0,7,113976.12326810116,1,0,0,126397.29985026082,0
3855,15601930,Surname_3855,769,Germany,Female,57.0,6,200724.49028279044,4,0,0,30243.126151324843,1
3856,52130837,Surname_3856,696,Spain,Female,47.0,5,34811.20412366243,4,1,0,40872.07683640519,0
3857,56838135,Surname_3857,731,Spain,Female,55.0,8,158703.53105376934,3,1,1,148702.9074204675,0
3858,22187443,Surname_3858,544,France,Female,50.0,5,186702.55330128645,2,0,1,51742.39116389185,1
3859,55487000,Surname_3859,800,France,Male,45.0,4,222788.43957877962,3,1,0,64446.67633516602,1
3860,64325937,Surname_3860,425,Spain,Female,36.0,5,216960.46746614,3,0,1,112089.42428402208,0
3861,81171086,Surname_3861,732,Germany,Female,52.0,3,77528.11031310921,2,1,0,56598.137109492214,1
3862,41424255,Surname_3862,617,Germany,Female,19.0,1,179615.49550635318,1,0,1,119322.76720317037,0
3863,75552325,Surname_3863,447,France,Male,54.0,3,152465.0919400101,3,1,1,89510.7869248079,0
3864,36257919,Surname_3864,465,Germany,Male,24.0,5,25701.301886298294,1,1,1,42102.37644875622,0
3865,62914255,Surname_3865,792,Germany,Female,53.0,9,229879.822453522,4,1,0,81314.13557990102,1
3866,22102727,Surname_3866,527,Spain,Male,34.0,3,96643.09476970891,4,0,1,113337.05775128913,0
3867,77402075,Surname_3867,847,Germany,Male,19.0,8,117445.6594404243,3,0,1,76091.07897469497,1
3868,45813055,Surname_3868,667,Germany,Male,45.0,2,105127.84894286387,4,0,0,104846.30326716753,0
3869,72296109,Surname_3869,833,Germany,Female,20.0,8,106109.56759628418,4,1,0,85015.14093328342,1
3870,43015497,Surname_3870,791,Spain,Male,46.0,1,58382.229573261415,1,0,0,82681.0057209179,1
3871,52220935,Surname_3871,395,Germany,Male,32.0,5,43237.765503804396,2,1,1,109058.84337265897,0
3872,37516687,Surname_3872,737,France,Female,44.0,4,231156.10428394575,1,1,0,113714.38064657645,0
3873,71106175,Surname_3873,743,France,Male,49.0,2,181720.22759508147,3,0,0,146197.3068994565,0
3874,75850410,Surname_3874,516,France,Male,51.0,2,42560.856953588525,2,0,0,25039.940785757062,1
3875,39135199,Surname_3875,838,Germany,Female,50.0,4,150491.96372990744,2,1,1,96151.65406644989,0
3876,46445868,Surname_3876,416,Spain,Female,55.0,3,148309.80365666692,1,1,0,43495.33596395246,1
3877,35519952,Surname_3877,700,Spain,Female,34.0,1,231378.44697246043,1,0,1,61616.52296563179,1
3878,24738623,Surname_3878,606,France,Female,24.0,0,230020.3676954421,4,0,1,101351.06263196682,1
3879,37729205,Surname_3879,758,Spain,Male,44.0,2,33195.645020110074,4,1,0,123201.94294424228,0
3880,60926885,Surname_3880,644,France,Male,46.0,7,64034.916987246506,3,0,0,129460.75675417989,0
3881,52059924,Surname_3881,755,France,Female,39.0,8,46952.31049491652,3,0,0,149798.85128589792,0
3882,97127038,Surname_3882,457,Spain,Male,32.0,2,232600.92495342967,2,0,1,130242.35348966863,0
3883,24222433,Surname_3883,422,Germany,Female,43.0,0,133147.6186187284,1,1,0,14001.211172211246,0
3884,27442508,Surname_3884,562,France,Male,32.0,8,206104.49019028476,3,1,0,91467.31076741475,0
3885,58600181,Surname_3885,726,Germany,Male,52.0,4,170215.411918078,2,0,0,15839.228052874005,1
3886,46092775,Surname_3886,665,France,Male,54.0,8,121424.87246357698,3,0,0,122211.00471960609,0
3887,25864951,Surname_3887,795,Spain,Male,48.0,2,213781.4500851918,3,0,1,80909.60552535862,0
3888,73536305,Surname_3888,723,Germany,Male,35.0,5,20060.53506901781,3,0,1,114245.6272293271,0
3889,53827268,Surname_3889,812,Spain,Male,56.0,7,3608.9806214107125,3,1,0,28650.64024509843,0
3890,27184385,Surname_3890,568,Spain,Female,28.0,4,60532.369116681555,4,1,0,12364.602389503536,0
3891,49199898,Surname_3891,422,Spain,Female,53.0,1,211876.7079119311,2,0,0,58932.60656585334,0
3892,99151260,Surname_3892,393,Germany,Male,33.0,9,190780.0591784994,1,0,1,144993.2246166746,1
3893,23206262,Surname_3893,725,Spain,Male,26.0,7,24661.000361356877,4,1,1,68646.11726976783,1
3894,65886305,Surname_3894,497,Germany,Male,19.0,4,192396.67796384185,1,0,1,137312.3496951916,1
3895,85646120,Surname_3895,462,France,Male,23.0,0,231967.03878838406,2,1,0,138471.24595917098,1
3896,96769719,Surname_3896,537,Spain,Female,38.0,4,65654.39298758657,2,1,0,55944.9920716521,0
3897,59689877,Surname_3897,441,Spain,Male,31.0,4,54746.73880128211,1,0,0,141506.4279359436,0
3898,57942965,Surname_3898,794,Germany,Male,27.0,7,39702.399855701566,2,0,1,32160.902450162957,1
3899,67899251,Surname_3899,608,Spain,Female,56.0,8,179471.49361270736,1,0,0,93182.84479229143,1
3900,51008205,Surname_3900,652,France,Male,46.0,2,227194.45021964383,3,0,0,20924.335282762026,0
3901,62686468,Surname_3901,578,France,Male,23.0,8,214875.46419560077,2,1,1,55994.76371943164,0
3902,68147990,Surname_3902,618,France,Male,23.0,9,83303.02869344877,3,1,0,68206.09166687,0
3903,80011837,Surname_3903,358,Spain,Male,24.0,7,83367.29093943814,1,0,0,126166.5039987503,0
3904,85217586,Surname_3904,415,Germany,Male,26.0,6,17905.699726978168,2,1,0,130078.35716020972,1
3905,75456538,Surname_3905,616,Germany,Female,44.0,3,153953.75000420076,3,1,0,130883.18652588179,0
3906,59829505,Surname_3906,558,Spain,Male,49.0,1,167261.5491160654,3,1,1,141885.0855736242,1
3907,34356604,Surname_3907,395,Germany,Male,28.0,3,24953.032270359,1,0,1,32675.796053830676,1
3908,58940519,Surname_3908,688,Germany,Female,29.0,6,199208.67372245292,1,1,0,86631.20645409731,0
3909,98069509,Surname_3909,626,Spain,Female,41.0,2,196918.85232324028,2,1,0,83668.51063487481,1
3910,88232567,Surname_3910,683,Spain,Male,32.0,2,152669.11004957327,2,0,0,99607.16719602578,0
3911,69097506,Surname_3911,789,Spain,Male,55.0,2,191690.2761093367,3,0,1,69625.58787143782,1
3912,92979525,Surname_3912,522,Spain,Male,34.0,9,10459.484386664524,1,1,1,63292.106596139485,1
3913,28509520,Surname_3913,407,France,Male,49.0,9,22882.694128405823,3,1,1,111537.68420956131,1
3914,35709876,Surname_3914,515,Germany,Female,45.0,9,41943.43939223707,4,1,1,22656.357547122905,1
3915,45079118,Surname_3915,705,Spain,Female,46.0,8,6508.399276523857,3,1,0,47274.72951223792,0
3916,42088619,Surname_3916,567,France,Female,52.0,2,211510.814106477,4,1,0,143906.41954416697,0
3917,17153541,Surname_3917,390,Spain,Female,22.0,0,35349.98937133871,3,0,0,133335.99525197764,1
3918,82671968,Surname_3918,385,Germany,Female,21.0,7,74038.2954627706,1,0,0,86812.4592932764,0
3919,24068276,Surname_3919,703,France,Male,24.0,8,15120.344193232937,1,0,1,11124.757145131332,1
3920,15568870,Surname_3920,848,France,Female,27.0,0,163288.6045153666,1,0,0,106048.65079765074,1
3921,65738304,Surname_3921,736,Spain,Female,36.0,2,45887.659268790456,4,1,0,26456.394848907818,0
3922,87557882,Surname_3922,497,Germany,Male,33.0,2,2518.590855761227,3,0,1,56830.81695698985,0
3923,24401686,Surname_3923,549,France,Male,32.0,2,12220.131337294883,1,1,1,125956.56754082993,1
3924,51092579,Surname_3924,389,France,Male,35.0,8,151329.12740882015,1,0,1,10748.032115324504,0
3925,65644497,Surname_3925,428,France,Female,59.0,5,4023.544840219412,1,1,0,103833.03833001312,0
3926,80626939,Surname_3926,536,Germany,Male,28.0,2,7241.000711354029,3,1,0,138252.42076950576,1
3927,98036770,Surname_3927,708,France,Female,58.0,1,211409.68596374063,1,0,1,90119.28416965499,0
3928,31557731,Surname_3928,470,Germany,Male,44.0,9,175519.45625831225,3,0,1,88573.68442927819,1
3929,22339481,Surname_3929,822,France,Female,45.0,8,108205.50365886059,4,1,0,69074.91403640535,1
3930,81613946,Surname_3930,738,Spain,Female,43.0,4,102881.63022946806,2,0,0,79575.53027920984,0
3931,44723172,Surname_3931,476,France,Male,58.0,6,154052.67452924978,1,1,1,67124.23444323367,1
3932,10261374,Surname_3932,541,Germany,Male,43.0,3,195191.6609212971,3,1,0,92442.29346410726,1
3933,91831796,Surname_3933,767,Germany,Male,33.0,6,39263.62448358614,2,0,1,13852.021482379074,1
3934,40631030,Surname_3934,796,France,Male,44.0,7,89378.20617347145,1,1,0,105936.23181442278,1
3935,56350611,Surname_3935,482,Germany,Male,48.0,4,204126.30723903276,3,1,0,22056.299991571163,1
3936,99337005,Surname_3936,806,Germany,,53.0,8,178386.60013771508,1,1,0,12946.265038333855,0
3937,97505461,Surname_3937,592,Spain,Male,58.0,5,31912.689457123168,3,0,1,131764.08960999298,1
3938,24654279,Surname_3938,507,France,Female,54.0,3,25827.38369880855,4,0,1,42058.148379774444,1
3939,85214768,Surname_3939,566,Spain,Female,50.0,8,98229.2219721716,4,0,1,133631.65525975928,1
3940,53246093,Surname_3940,479,France,Male,56.0,8,163946.09248136016,3,1,1,60022.22565756255,1
3941,48680770,Surname_3941,529,Spain,Male,49.0,0,182285.80100850333,3,1,0,72643.08790102805,0
3942,83475873,Surname_3942,609,France,Female,33.0,3,23813.596326075633,3,0,1,27219.433418432505,1
3943,82684560,Surname_3943,351,Spain,Female,41.0,0,188797.87021432363,2,0,0,59674.73987693612,0
3944,84709357,Surname_3944,788,Germany,Female,51.0,0,95400.77518945956,1,0,0,46755.46195604104,0
3945,10268410,Surname_3945,471,Spain,Female,34.0,5,137034.76668176783,2,1,0,47551.123520483925,1
3946,44211438,Surname_3946,520,France,Male,18.0,5,159892.67751475336,2,1,1,135620.18139317748,0
3947,16496938,Surname_3947,831,Germany,Male,23.0,7,225232.05168784878,2,1,0,35449.67959361886,0
3948,56905214,Surname_3948,501,Spain,Female,57.0,3,96915.96506228797,4,1,0,120128.05776940868,1
3949,40796040,Surname_3949,574,France,Female,59.0,0,45072.88300006804,1,1,0,128648.17663448384,1
3950,23656780,Surname_3950,721,Germany,Male,57.0,7,95452.7047158685,4,0,1,99725.85476355087,0
3951,11162476,Surname_3951,428,Spain,,50.0,5,34582.89634991371,2,0,1,63830.87108191932,1
3952,74023321,Surname_3952,487,Germany,Male,29.0,1,199536.19920868133,1,1,0,137810.18693174,1
3953,96238211,Surname_3953,804,Germany,Female,18.0,5,237972.65523534146,1,1,1,136595.22335698176,0
3954,82438960,Surname_3954,622,Germany,Male,55.0,8,41390.15529528719,2,1,0,96710.18129082327,0
3955,76558871,Surname_3955,638,France,Female,41.0,5,81897.0034324639,4,1,1,47201.45343879084,1
3956,85106897,Surname_3956,442,Spain,Male,59.0,4,150746.87081235627,1,0,1,99490.47715255554,1
3957,80470412,Surname_3957,805,Germany,Female,58.0,3,172439.29114419417,4,1,1,47291.155326817934,0
3958,48147681,Surname_3958,637,France,,34.0,8,64660.78544818041,2,0,0,64527.088916810826,0
3959,19095554,Surname_3959,399,Germany,Female,38.0,2,216494.08329653583,4,1,0,135449.0498021105,0
3960,71331592,Surname_3960,705,Germany,Female,52.0,8,222331.7093885817,3,1,1,98975.32456541207,1
3961,43477594,Surname_3961,383,Spain,Female,39.0,8,170547.79258076882,2,0,0,132173.4873255183,0
3962,51616145,Surname_3962,544,Germany,,35.0,0,71359.53489432704,3,1,1,146491.5151183529,1
3963,28254064,Surname_3963,457,Spain,Male,43.0,6,158092.19317262145,1,0,1,78371.49155054438,1
3964,39834507,Surname_3964,583,Germany,Male,25.0,0,138302.69060913037,1,1,0,97577.0290413882,1
3965,86464728,Surname_3965,833,Spain,Female,52.0,1,25801.79322637147,2,1,0,115642.0251574105,1
3966,24965967,Surname_3966,652,France,Male,27.0,6,129302.26707728201,2,1,1,23897.426164103406,1
3967,77630224,Surname_3967,523,Germany,Male,35.0,2,143526.46833835382,3,1,0,70382.64797307295,1
3968,30458373,Surname_3968,755,France,Female,32.0,9,76796.72202825488,4,0,0,60327.18873178283,1
3969,37808896,Surname_3969,558,Germany,Female,21.0,0,94605.68804420477,1,0,0,45860.46097475086,0
3970,51258565,Surname_3970,803,France,Female,32.0,7,221680.07445772452,1,1,0,131508.33336832555,0
3971,12089807,Surname_3971,668,Spain,Female,45.0,3,203343.96782719844,1,0,1,112242.5275803625,1
3972,62977291,Surname_3972,755,Spain,Male,36.0,2,36496.03461854134,3,1,1,20466.903956074755,0
3973,41482252,Surname_3973,451,Spain,Female,18.0,2,169222.66265374227,3,0,0,134823.4067228843,1
3974,54853856,Surname_3974,428,France,Male,38.0,3,109510.3714898682,1,1,1,147985.72163133946,0
3975,94216072,Surname_3975,838,Spain,Male,49.0,8,247246.622217884,3,1,1,18042.81485902946,1
3976,53321076,Surname_3976,789,Germany,Male,35.0,8,129149.05894938999,3,1,0,140973.65659436502,1
3977,76946544,Surname_3977,553,Germany,Female,53.0,1,56137.77808557566,2,0,0,103983.20938280439,1
3978,60438790,Surname_3978,487,France,,21.0,2,193022.19013336758,4,0,0,88891.84580039178,0
3979,77562521,Surname_3979,828,Germany,Female,23.0,6,144879.78756188255,4,0,0,24478.87952430195,1
3980,22837885,Surname_3980,816,France,Male,45.0,2,169733.60492454606,2,1,0,133810.67197416606,0
3981,60206406,Surname_3981,641,Germany,Female,26.0,7,153601.6783453655,3,0,1,35293.571052658204,1
3982,32374040,Surname_3982,728,France,Male,24.0,1,127153.54570421306,1,0,1,19669.978575122706,1
3983,49644796,Surname_3983,781,Spain,Male,38.0,8,28219.343768627696,2,0,0,44016.5511965303,1
3984,35259993,Surname_3984,492,Germany,Female,55.0,5,210676.40672503508,2,0,0,95291.10896828806,1
3985,16324787,Surname_3985,634,Spain,Female,22.0,7,221054.4661124721,3,0,1,98144.0445006932,0
3986,98692897,Surname_3986,507,France,Female,24.0,9,237155.8252511143,1,1,0,17965.031685303147,1
3987,66007662,Surname_3987,451,Germany,Female,37.0,6,10934.440648758731,2,0,0,89596.5535784726,0
3988,28330808,Surname_3988,726,France,Female,23.0,2,183545.8009657251,1,0,1,54587.062662762866,0
3989,56743630,Surname_3989,686,Germany,Female,38.0,4,87252.20138861076,2,1,0,138952.96694188588,0
3990,44697499,Surname_3990,503,France,Female,36.0,3,141357.773804201,3,0,1,48972.87396883698,1
3991,94504275,Surname_3991,368,Germany,Female,33.0,5,119665.11843421307,1,0,1,16847.5219992958,1
3992,70217013,Surname_3992,351,Germany,Female,38.0,4,191441.75416999002,4,1,1,62577.79070514893,0
3993,75870461,Surname_3993,396,France,Female,23.0,6,83629.15376415636,1,0,0,23036.05553754859,1
3994,41759401,Surname_3994,354,Spain,Female,41.0,0,222104.713053148,2,0,0,39466.064106934355,1
3995,71219706,Surname_3995,639,Germany,Female,35.0,9,153864.0472794961,3,0,0,94138.4083123601,0
3996,42762982,Surname_3996,757,France,Male,58.0,9,246887.9217727001,2,1,1,78359.00340638627,1
3997,57441762,Surname_3997,788,Spain,Female,57.0,6,152451.5252762323,3,0,1,43092.78097927732,1
3998,86559545,Surname_3998,527,Spain,Male,30.0,3,230844.359668678,1,1,0,130808.85871299417,1
3999,91294562,Surname_3999,560,Spain,Male,30.0,0,128626.55304941852,1,0,0,89792.34606049636,0
4000,81489605,Surname_4000,452,Germany,Female,54.0,8,218978.0829657765,4,0,1,44873.44743303458,1
4001,44501090,Surname_4001,580,Germany,Male,40.0,3,141116.20391108087,1,1,0,116494.63656587737,1
4002,42717451,Surname_4002,812,Germany,Female,54.0,4,79716.2671646533,3,1,1,110387.70931387889,0
4003,68154176,Surname_4003,569,France,Male,56.0,1,159882.74387513203,1,1,0,52499.468371870884,1
4004,50951508,Surname_4004,502,Germany,Female,49.0,8,73847.47415766507,3,0,0,126262.51710727072,1
4005,28241348,Surname_4005,598,France,Male,39.0,9,178153.51547938326,1,0,1,73042.54621842493,0
4006,78224901,Surname_4006,401,France,Female,39.0,3,184904.15464682615,1,0,1,141003.9938613624,0
4007,29721170,Surname_4007,767,Spain,Male,20.0,5,143870.94195324348,2,0,0,121891.49430390839,1
4008,13058698,Surname_4008,674,Spain,Female,20.0,8,58831.90880232969,1,0,1,79639.8062557874,0
4009,58511756,Surname_4009,752,France,Male,28.0,9,177702.41835492908,4,0,1,51396.74758619616,0
4010,39401751,Surname_4010,485,Spain,Male,46.0,2,187616.18217200215,4,0,0,70399.99010788708,0
4011,13265572,Surname_4011,549,Germany,Female,42.0,5,15885.106104013114,1,0,1,58738.969597457384,0
4012,41030353,Surname_4012,818,Germany,Male,37.0,1,131333.58499154708,2,1,1,43371.02369152622,1
4013,68586012,Surname_4013,666,Spain,Male,40.0,9,39623.25599396016,2,0,0,121650.82456409268,0
4014,21459216,Surname_4014,589,France,Female,52.0,6,190877.9932050553,4,0,0,51737.91104426341,0
4015,25241725,Surname_4015,527,Spain,Female,22.0,4,170794.43515132164,4,1,0,17116.551557814015,0
4016,89901985,Surname_4016,524,France,Male,47.0,5,32584.202379013383,4,0,1,95474.38322321867,0
4017,81947880,Surname_4017,733,Spain,,52.0,6,89227.89893337649,1,0,1,145646.80225817053,0
4018,30262014,Surname_4018,607,Spain,Female,31.0,4,224459.22042541753,3,0,0,102904.23102590494,1
4019,21553804,Surname_4019,693,Spain,Male,43.0,2,81759.34132525609,3,1,1,58774.61547084665,0
4020,19809457,Surname_4020,797,Spain,Male,21.0,1,6196.757695010658,1,1,1,13199.403709586655,0
4021,45920674,Surname_4021,682,Spain,Male,21.0,2,120421.48991326001,4,1,0,77836.89197053014,0
4022,19456781,Surname_4022,602,Spain,Male,41.0,5,135908.5695405017,4,0,0,45643.773126196684,0
4023,63409898,Surname_4023,697,Spain,Female,43.0,0,170151.2976357457,3,0,0,69522.99035492107,1
4024,54277041,Surname_4024,663,Spain,Female,18.0,5,66189.5076419905,3,0,0,18501.115204903283,1
4025,40758634,Surname_4025,588,Spain,Male,37.0,1,179534.70220225316,4,1,1,18693.147494948702,0
4026,54867737,Surname_4026,809,Germany,Male,47.0,6,150358.42197963072,2,0,0,94461.36624360745,1
4027,42149893,Surname_4027,486,Germany,Male,44.0,3,65976.00811828574,4,1,0,32943.92119383205,0
4028,93069577,Surname_4028,432,France,Male,43.0,7,114678.99222305614,1,0,1,131036.21345590135,0
4029,92678273,Surname_4029,353,Spain,Male,27.0,3,73844.93942278886,1,0,1,44471.389368972625,0
4030,21446462,Surname_4030,353,Spain,Female,42.0,9,33011.33082231997,3,0,0,30311.26080417449,0
4031,40727507,Surname_4031,439,France,,56.0,1,2873.4831634126267,4,0,1,60504.776613886075,1
4032,73011555,Surname_4032,569,Germany,Female,52.0,2,168052.8526073121,2,1,0,13920.87458600053,1
4033,47256646,Surname_4033,720,Spain,Female,52.0,2,191750.6331377445,3,1,0,54687.78191423346,1
4034,55514518,Surname_4034,834,Spain,Male,50.0,6,160263.42566596414,4,0,1,93534.63207069009,1
4035,25174732,Surname_4035,487,Germany,Male,48.0,1,164887.95481301835,1,0,1,108993.12262482182,0
4036,71647639,Surname_4036,759,Germany,Male,31.0,9,150139.97079387621,4,1,0,149380.78177873083,0
4037,53909136,Surname_4037,370,Germany,Male,50.0,1,217703.9362916023,3,0,1,37165.08860203138,1
4038,65564574,Surname_4038,803,Spain,Male,22.0,8,249240.16025245175,1,0,1,79489.30526120284,1
4039,30032399,Surname_4039,636,France,Male,48.0,5,50227.2205101594,1,1,1,10008.079955044897,0
4040,19442038,Surname_4040,641,France,Male,38.0,0,242033.97731785843,1,1,1,122148.93313154418,1
4041,55126202,Surname_4041,633,Spain,Female,34.0,3,249335.98532046183,2,0,0,106069.39281834684,1
4042,25335425,Surname_4042,778,Spain,Male,51.0,1,220408.12353822854,2,0,0,141902.7555710396,1
4043,96688219,Surname_4043,618,Spain,Female,22.0,6,792.2368795258427,1,0,1,125457.8873971458,0
4044,69604038,Surname_4044,576,Spain,Male,49.0,0,9114.771118975463,3,0,1,45405.78079421435,0
4045,27195161,Surname_4045,634,Germany,Male,27.0,6,15425.751651209408,2,1,0,89505.27922836735,0
4046,46484894,Surname_4046,812,Germany,Male,40.0,8,40104.76517135167,3,0,0,124469.03808661853,1
4047,84011597,Surname_4047,522,Germany,Female,39.0,3,246297.3211611066,3,1,0,25073.648169986387,1
4048,66855542,Surname_4048,553,France,Male,54.0,1,187672.78626357595,2,1,0,42268.89564308872,0
4049,87292138,Surname_4049,630,France,Male,44.0,8,72684.07490608719,1,0,0,149540.73581893483,0
4050,29650048,Surname_4050,506,France,Male,50.0,2,75241.84757124497,1,1,0,54154.048489054105,1
4051,67874169,Surname_4051,451,Germany,Female,52.0,9,75575.94466628776,1,1,0,99229.65299338721,1
4052,58381966,Surname_4052,400,Germany,Male,51.0,1,167331.64740634174,4,1,0,90034.22979000874,0
4053,96920066,Surname_4053,541,Germany,Female,36.0,6,53688.06496926004,4,0,1,23782.44246212725,1
4054,37002169,Surname_4054,417,France,Male,36.0,3,203708.1673324622,3,0,0,78890.00630150254,0
4055,10311979,Surname_4055,517,Spain,Female,55.0,5,100140.72319983938,1,0,1,32068.68128136565,1
4056,14704185,Surname_4056,819,Spain,Male,23.0,7,18812.225130902112,2,1,0,97543.77061625232,1
4057,34265193,Surname_4057,585,France,Male,22.0,3,240210.94474373673,1,1,0,120337.03830474558,0
4058,64196572,Surname_4058,735,Spain,Male,34.0,5,157512.16522140647,2,0,0,14593.279291532797,0
4059,64672432,Surname_4059,476,Germany,Female,47.0,8,199894.1597741027,4,0,0,16984.219112524006,1
4060,13216329,Surname_4060,486,Germany,Male,18.0,5,1666.9377755560156,4,0,0,51177.91609098466,1
4061,57174307,Surname_4061,531,France,Female,41.0,7,3562.9764434076674,1,1,0,108825.39566994076,1
4062,57877490,Surname_4062,489,France,Female,50.0,5,100593.81907905881,1,0,1,37295.49100879056,0
4063,30681067,Surname_4063,637,Spain,Male,34.0,2,229197.08836175135,1,1,1,144629.80094182485,0
4064,69771943,Surname_4064,542,France,Female,52.0,1,14580.436600640318,4,1,0,51802.69656775841,1
4065,89563754,Surname_4065,658,France,Male,27.0,6,148030.5148760987,2,0,1,43103.02645184663,0
4066,80529379,Surname_4066,546,France,,35.0,8,54158.083383591766,3,0,0,100342.59464423195,0
4067,86933186,Surname_4067,417,Spain,Male,50.0,0,232463.45772053432,2,0,1,148386.20734038565,0
4068,57048223,Surname_4068,502,Germany,Female,41.0,5,208752.5370566325,3,1,0,44796.904703103224,1
4069,15027550,Surname_4069,730,Spain,Male,24.0,5,4050.0837038073,1,1,1,76700.23873264549,0
4070,37369770,Surname_4070,662,France,Female,18.0,5,4362.9782201467515,2,0,0,29355.60153221883,1
4071,63877508,Surname_4071,817,France,Female,45.0,1,37610.54495118618,1,1,1,78508.52854828881,1
4072,65911218,Surname_4072,591,France,Female,24.0,8,54349.02328493027,4,0,0,145929.21923964244,1
4073,56898462,Surname_4073,366,Spain,Female,30.0,5,112963.37742380536,4,0,0,37407.71686226463,0
4074,93513243,Surname_4074,510,Spain,Female,54.0,7,102510.9558386132,1,1,1,117901.35509343534,1
4075,51650173,Surname_4075,709,Germany,Male,42.0,3,113842.08196290654,2,0,0,24844.9791303527,1
4076,52782818,Surname_4076,809,Spain,Male,20.0,1,52619.64562701774,3,0,0,69437.15289788917,0
4077,36077901,Surname_4077,649,Germany,Female,59.0,2,131628.06387905468,2,1,1,135194.58667292265,0
4078,45889004,Surname_4078,730,Spain,Male,35.0,3,100653.77930470085,2,0,0,47555.111196084814,1
4079,37009764,Surname_4079,612,Germany,Male,44.0,9,145770.66523874993,4,1,0,59564.93777949904,0
4080,68387160,Surname_4080,595,France,Female,52.0,8,40442.174026296685,3,0,0,31303.97556461419,0
4081,82749395,Surname_4081,673,France,Male,43.0,7,29555.005825209064,3,1,0,126880.27659882396,0
4082,13077502,Surname_4082,442,France,Female,30.0,5,128349.97964192468,1,1,0,14738.325036892329,1
4083,93976394,Surname_4083,574,Spain,Female,48.0,2,192137.13278413116,1,0,1,74761.54122962916,1
4084,79905621,Surname_4084,702,France,Female,32.0,2,174965.72324253607,2,0,0,35545.64272747535,0
4085,96286022,Surname_4085,379,Spain,Female,55.0,3,79119.99127773006,1,0,0,114776.15163823949,0
4086,17435315,Surname_4086,392,Spain,Male,39.0,2,243681.22559838474,2,0,0,122379.98644272372,0
4087,39360757,Surname_4087,416,Germany,Female,22.0,1,231583.80043909853,2,0,0,143741.75770373852,1
4088,46334960,Surname_4088,690,France,Female,22.0,8,90127.82803259467,4,1,1,55905.29404865977,1
4089,51255373,Surname_4089,735,Germany,Female,23.0,5,153410.6246741475,1,0,0,24454.352759660414,1
4090,83761728,Surname_4090,534,Spain,Female,35.0,3,237191.40679665303,2,0,1,50183.27584493198,0
4091,70460423,Surname_4091,570,Germany,Male,46.0,1,63372.947731064996,1,0,0,61758.07663765165,0
4092,48489630,Surname_4092,597,Spain,Male,54.0,9,228161.61967153472,2,0,0,149022.02671851037,0
4093,69406626,Surname_4093,694,France,Male,56.0,5,54793.84848705623,3,1,0,69102.07019377503,1
4094,84996553,Surname_4094,422,France,Female,32.0,4,210339.78019176444,1,1,1,54498.59806736876,0
4095,48241275,Surname_4095,418,France,Male,59.0,1,486.3938481075303,3,1,0,96429.91676790905,1
4096,33490077,Surname_4096,836,Spain,Female,51.0,5,235880.08238849812,2,0,0,83609.20930368228,0
4097,82516619,Surname_4097,534,Germany,Female,32.0,7,71567.65903091902,3,1,1,34141.28790661693,0
4098,20929058,Surname_4098,411,France,Male,42.0,7,43516.12727944004,1,0,1,23065.7554683261,0
4099,73465859,Surname_4099,544,Spain,Male,48.0,9,194433.06629480695,1,1,1,119689.82082959398,1
4100,61241843,Surname_4100,402,France,Male,20.0,4,83036.94769480849,4,0,0,84177.4074902582,1
4101,92481553,Surname_4101,532,France,Female,45.0,1,172510.92141759532,4,0,1,26327.024277706245,0
4102,69422506,Surname_4102,492,Germany,Male,36.0,9,141579.84713755923,4,1,0,131180.88843707013,1
4103,97546191,Surname_4103,417,Germany,Male,23.0,1,109746.3938943048,4,1,0,46599.42487660144,1
4104,55774334,Surname_4104,691,France,Female,18.0,0,53462.31510855004,2,0,0,147786.13309295513,1
4105,60833033,Surname_4105,621,France,Male,50.0,4,4290.506168534047,1,1,0,143738.8256282992,0
4106,37778178,Surname_4106,606,France,Female,49.0,5,206802.34656866788,3,1,0,126257.21675058245,1
4107,82266556,Surname_4107,462,France,Female,20.0,2,40637.12155587512,2,0,0,96657.19591188512,0
4108,51682560,Surname_4108,407,Spain,Male,33.0,3,15664.27088696487,2,0,1,87234.6841933414,0
4109,28324019,Surname_4109,812,Germany,Female,48.0,3,217051.76398992987,2,0,1,10001.196027377617,1
4110,44869907,Surname_4110,429,France,Male,41.0,6,164557.8515725608,3,0,0,24128.66411586014,1
4111,42817006,Surname_4111,742,Spain,Female,39.0,9,234137.69870946452,1,0,0,82116.63268461433,0
4112,25477336,Surname_4112,465,Spain,Female,41.0,7,17060.997863932447,1,1,1,115305.39417325334,0
4113,21354935,Surname_4113,659,Germany,,54.0,8,117399.16696252076,3,1,0,41527.10940611444,0
4114,93854533,Surname_4114,696,France,Male,48.0,7,108080.64710028647,2,1,0,19700.137584726945,0
4115,50231357,Surname_4115,608,France,Male,51.0,7,56369.1892635558,1,1,1,50512.83352100811,1
4116,95582963,Surname_4116,754,Spain,Male,19.0,6,81158.76947874922,2,1,0,134236.69476946635,0
4117,66051206,Surname_4117,805,Germany,Male,49.0,3,50525.749599448776,4,1,1,20190.211173710788,1
4118,23562144,Surname_4118,465,Spain,Female,55.0,6,213759.19776707955,3,1,1,10646.064786860894,0
4119,99426113,Surname_4119,603,France,Female,46.0,2,157418.9258555356,1,0,1,122863.31790664679,0
4120,12849812,Surname_4120,829,France,Female,36.0,4,138664.89908128598,2,0,1,141088.3996764168,1
4121,82412189,Surname_4121,386,Germany,Female,27.0,8,77225.9244614462,3,0,0,46401.33537879016,0
4122,17543599,Surname_4122,445,France,Male,48.0,4,240205.9023410181,3,1,0,110148.16145372092,0
4123,73466040,Surname_4123,637,France,Female,34.0,1,110610.88408433094,4,0,0,143155.53968756707,0
4124,48402239,Surname_4124,398,Spain,Male,31.0,0,127732.19903903638,4,0,1,141148.6834453386,0
4125,81010369,Surname_4125,379,Germany,Male,39.0,0,43295.98511015353,3,0,1,129549.52975064587,1
4126,13531225,Surname_4126,824,Spain,Female,18.0,6,125626.67456773127,4,1,0,52187.32483329085,1
4127,94854107,Surname_4127,361,Spain,Male,51.0,3,8480.208455790395,4,0,0,74334.90026540594,0
4128,16764451,Surname_4128,840,France,Male,30.0,5,51411.945440401396,3,1,1,114327.99212532066,0
4129,43215969,Surname_4129,489,Germany,Female,37.0,5,129264.67590091891,2,0,1,43212.85070511972,1
4130,60411334,Surname_4130,597,France,Male,56.0,0,161894.06959457992,1,0,1,148239.96872517525,1
4131,99326022,Surname_4131,642,Spain,Female,27.0,7,104327.5977992448,4,0,0,119435.32616050693,1
4132,36896395,Surname_4132,352,France,Male,49.0,1,201188.23774744364,1,1,0,11779.257803910514,1
4133,84883057,Surname_4133,539,France,Female,24.0,6,11665.775820673685,1,1,0,136530.27195756498,1
4134,76648831,Surname_4134,759,Spain,Male,56.0,0,32247.645881634395,3,1,0,58372.395323730874,1
4135,70765755,Surname_4135,789,France,Female,38.0,3,148490.895267499,1,0,1,121030.33391850286,0
4136,79010441,Surname_4136,813,Germany,Female,19.0,1,74944.15217765738,3,1,1,10505.368442129136,1
4137,57229270,Surname_4137,645,France,Female,18.0,1,137749.03801111833,1,0,0,133273.27716979856,1
4138,50728525,Surname_4138,848,Germany,Male,35.0,9,247407.37080227403,3,1,1,60110.80836544624,0
4139,39274366,Surname_4139,407,Germany,Female,31.0,4,202283.45372431306,3,1,1,31696.751472776577,1
4140,92983210,Surname_4140,563,Spain,Female,23.0,6,189664.1720605167,1,1,1,64186.07130848003,0
4141,82130382,Surname_4141,424,Spain,Female,28.0,6,191152.77787765904,4,0,1,65190.095848992845,1
4142,16299087,Surname_4142,522,France,Male,51.0,4,42096.93969661038,3,0,1,76764.89282152822,0
4143,84306380,Surname_4143,836,Germany,Male,48.0,6,245328.86563527794,2,1,0,53384.8089199916,1
4144,49163370,Surname_4144,780,France,Female,34.0,1,114657.27117883226,2,0,0,52106.54222261754,0
4145,93967341,Surname_4145,655,Germany,Female,57.0,2,222910.02116790783,4,1,0,91532.80714816209,0
4146,39911258,Surname_4146,437,Germany,Male,32.0,6,105522.63085871414,3,0,1,101636.76564100142,0
4147,17105836,Surname_4147,376,France,Male,36.0,3,84195.16711021474,1,1,1,16382.640437707052,0
4148,98744353,Surname_4148,506,Germany,,37.0,9,130313.3559438995,3,0,1,24003.912117048065,1
4149,73246939,Surname_4149,646,Germany,Female,39.0,7,5398.678461492917,1,1,1,131679.82284383074,0
4150,40863994,Surname_4150,721,Spain,Male,54.0,0,206920.33792977373,2,1,0,108853.67079413806,0
4151,85711212,Surname_4151,815,France,Male,37.0,4,90221.75633355395,4,1,0,142143.60024770154,0
4152,41056802,Surname_4152,361,Germany,Male,45.0,3,103870.56167150066,3,0,0,13970.801890404666,1
4153,44204785,Surname_4153,463,France,Female,39.0,5,70955.71775661704,2,0,1,111907.49990142827,0
4154,80595395,Surname_4154,801,Spain,Male,21.0,8,12426.89939123348,2,0,0,84297.06324511267,0
4155,48101703,Surname_4155,368,Germany,Male,39.0,8,174980.41797787306,1,1,0,55286.88287511216,1
4156,72859557,Surname_4156,394,Germany,Male,48.0,7,136179.21691532797,2,0,0,130980.54994465831,0
4157,30614454,Surname_4157,482,Spain,Female,51.0,7,133157.5252040119,1,1,0,129488.32484610556,0
4158,67492405,Surname_4158,597,France,,49.0,1,93956.21743078686,1,0,0,49269.61392581687,1
4159,14284800,Surname_4159,740,Germany,Male,27.0,6,43694.193434572924,2,1,1,55643.53854908025,0
4160,29477278,Surname_4160,843,France,Male,53.0,3,195181.10181625976,2,1,0,146444.4918828875,1
4161,12383945,Surname_4161,429,France,Male,31.0,7,103079.78514082317,4,1,1,75133.6963682212,1
4162,93709090,Surname_4162,436,Germany,Female,38.0,0,125837.01892919604,1,0,0,44492.62723874267,1
4163,57131845,Surname_4163,370,Germany,Male,42.0,3,150327.2188656663,4,1,0,57778.51606361731,1
4164,46261665,Surname_4164,820,Spain,Female,58.0,5,70085.00276056404,2,1,1,66585.29330097648,0
4165,28753419,Surname_4165,358,Spain,Female,35.0,8,145803.47527782005,2,0,1,22988.016643477975,0
4166,90910080,Surname_4166,578,France,Male,23.0,1,239356.45244549334,4,0,0,20724.923374917056,1
4167,42654977,Surname_4167,594,Germany,Male,26.0,8,208595.25153903503,2,0,0,90447.35886321742,1
4168,57551923,Surname_4168,562,Germany,Male,33.0,5,231584.2570971967,1,1,1,146049.5435998746,0
4169,25838725,Surname_4169,740,Germany,Female,36.0,0,219427.56124984982,4,1,0,61951.32833736129,1
4170,30011472,Surname_4170,651,France,Female,54.0,8,173280.7531793775,3,0,1,40772.502386624255,0
4171,14299217,Surname_4171,662,Spain,Male,21.0,6,32122.625021057145,1,0,1,99083.27153844404,0
4172,81442552,Surname_4172,681,France,Female,56.0,4,130744.51370693612,2,1,0,28619.87112014109,0
4173,67019511,Surname_4173,657,Spain,Female,48.0,2,105287.48711560895,3,1,0,43040.98316208262,0
4174,56357959,Surname_4174,501,France,Female,56.0,0,6307.6064162777275,1,1,0,76291.02048264608,1
4175,15365588,Surname_4175,412,Germany,Female,58.0,1,23836.49706828994,3,0,0,18869.13596087203,1
4176,97394262,Surname_4176,793,France,Female,53.0,2,8436.308407877208,3,0,0,115984.85465969527,1
4177,38065292,Surname_4177,451,Germany,Male,51.0,1,240979.59991726716,1,0,0,72603.25600294292,0
4178,37323043,Surname_4178,520,Germany,Male,23.0,5,151960.76003983527,1,0,1,15169.174777061256,1
4179,48934786,Surname_4179,708,Spain,Female,56.0,5,29178.53365657902,3,0,1,17852.65932308101,0
4180,96874913,Surname_4180,485,France,Male,32.0,0,81351.78554444172,3,0,1,30458.343186482627,0
4181,95899301,Surname_4181,543,Germany,Male,52.0,0,93119.09950136418,1,1,0,32912.20633000585,0
4182,15517044,Surname_4182,613,France,Female,30.0,7,221314.48059829194,2,1,0,35736.95675103148,0
4183,84812066,Surname_4183,362,France,Female,41.0,6,153581.81512637812,3,0,0,128315.09873663195,1
4184,36421152,Surname_4184,522,Spain,Male,29.0,0,73202.68861497245,2,0,0,108864.445241206,1
4185,67195493,Surname_4185,532,France,Male,42.0,4,12715.462416958673,3,1,1,99190.48730819524,0
4186,96678780,Surname_4186,627,Germany,Male,46.0,2,101522.2122900297,2,0,1,101896.05228549881,0
4187,76594554,Surname_4187,733,Spain,Male,24.0,8,155030.25109898124,3,1,1,144034.12753199806,1
4188,82207585,Surname_4188,469,Germany,Female,39.0,9,5765.406980791782,4,0,1,138818.81550130047,1
4189,62870017,Surname_4189,660,France,Female,24.0,4,96865.09426420694,3,1,1,51265.346610908586,0
4190,99449229,Surname_4190,683,Spain,Female,40.0,9,225743.6230915934,3,1,1,133723.6331591565,0
4191,70613373,Surname_4191,400,France,Male,52.0,8,21321.917352799395,4,0,1,82912.88908350033,0
4192,44191924,Surname_4192,508,Spain,Female,59.0,7,233110.91512951255,2,1,0,149925.75046871684,1
4193,46211523,Surname_4193,678,Spain,Male,19.0,1,213694.85415940327,2,0,1,91085.68377938762,1
4194,58034547,Surname_4194,371,Germany,Male,30.0,5,243246.9287350351,4,1,0,46112.751274548806,1
4195,94233334,Surname_4195,489,France,Male,44.0,3,78759.90499531913,2,0,1,149122.74113448517,0
4196,26459341,Surname_4196,738,Spain,Male,57.0,4,230660.99360354018,2,1,0,89011.93036406233,0
4197,19886877,Surname_4197,809,France,Female,32.0,0,38739.67708672313,3,1,0,81956.1401781541,0
4198,99573143,Surname_4198,730,France,Female,20.0,9,156406.0402700206,4,1,1,58006.24047045012,0
4199,26672347,Surname_4199,757,Spain,,36.0,8,200162.2409066806,2,0,1,80189.11766079016,0
4200,43911914,Surname_4200,611,Germany,Male,20.0,0,213204.7045029259,2,1,0,60039.8062503853,1
4201,93299527,Surname_4201,463,Germany,Female,35.0,4,223482.6803295166,1,0,1,27965.102452234474,1
4202,97060627,Surname_4202,677,France,Male,44.0,2,37824.144630261544,2,0,0,67088.36487857405,0
4203,38106262,Surname_4203,371,Germany,Male,40.0,3,144879.71063376789,2,1,1,105032.65003462126,1
4204,85602567,Surname_4204,659,France,Male,33.0,8,115934.0281178588,3,1,1,27112.113328135285,0
4205,21820969,Surname_4205,451,France,,49.0,0,166411.45912800773,4,0,0,134042.22563589152,1
4206,46469123,Surname_4206,551,Germany,Male,27.0,8,180475.4669827602,2,0,1,137987.26514504722,0
4207,57724838,Surname_4207,377,Germany,Male,58.0,7,105803.02820564594,3,0,1,75335.01702999804,0
4208,23941725,Surname_4208,426,Germany,Male,58.0,9,53094.560813459284,2,1,1,60826.79100694203,0
4209,19888772,Surname_4209,756,Spain,Female,28.0,7,114624.7210750646,4,0,0,16085.616269957027,1
4210,37592263,Surname_4210,397,Germany,Female,55.0,9,141484.4350610109,1,0,1,11015.560290053934,1
4211,51850834,Surname_4211,562,France,,48.0,5,134906.94166279628,4,1,0,135961.70352603542,0
4212,21304146,Surname_4212,633,France,Female,20.0,3,157225.21644787584,1,1,1,136928.30367399854,1
4213,80655090,Surname_4213,800,Germany,,52.0,3,102713.88586465729,2,1,1,96523.36455132006,1
4214,53512414,Surname_4214,424,Spain,Female,33.0,5,10122.666468528829,2,0,1,129108.11047810035,1
4215,62683111,Surname_4215,382,Spain,Male,30.0,4,67017.485518736,1,0,0,76247.45029646326,1
4216,21350025,Surname_4216,368,Spain,Male,55.0,3,105611.3540120196,1,1,0,14729.848370482046,1
4217,73687234,Surname_4217,575,Spain,Female,44.0,5,11195.408263411644,4,0,1,48540.727197911365,0
4218,50672332,Surname_4218,573,France,Male,46.0,9,110441.85579563303,3,1,0,85460.30212083216,1
4219,38592879,Surname_4219,451,Germany,Male,51.0,2,48827.80909900572,4,1,0,26146.298205462066,1
4220,47969302,Surname_4220,530,France,Male,33.0,1,98112.21062851974,3,1,1,131749.08966802157,1
4221,92902792,Surname_4221,613,Spain,Female,35.0,6,200991.42633868486,1,0,0,54997.24213225627,1
4222,43680846,Surname_4222,417,France,Female,56.0,4,17752.459349215656,3,0,0,32013.066419503983,1
4223,76684754,Surname_4223,787,Germany,Female,33.0,8,178200.22042740745,3,1,1,96098.0959919297,1
4224,74246880,Surname_4224,780,Spain,Female,50.0,0,34163.0335376697,4,0,0,55582.12600775343,1
4225,79782713,Surname_4225,662,France,Female,56.0,0,209591.69818613707,1,0,1,29793.842330468695,1
4226,25950327,Surname_4226,731,Germany,Female,27.0,1,32614.55923184248,3,1,1,30165.225778405547,0
4227,86211293,Surname_4227,787,Spain,Male,46.0,7,87357.08923550622,1,1,1,128505.55429884422,0
4228,75710791,Surname_4228,712,Germany,Female,21.0,2,73051.85620673354,1,1,0,29710.673076839612,0
4229,14584586,Surname_4229,841,France,Male,31.0,0,243705.45762765495,2,1,0,86207.2224291253,1
4230,25718557,Surname_4230,744,Spain,Male,56.0,1,207234.0418334042,1,0,0,137696.4160525588,0
4231,45309926,Surname_4231,656,Spain,,51.0,7,226346.4691707648,1,0,0,70668.2821118653,0
4232,25486836,Surname_4232,705,Spain,Male,23.0,9,33542.631098114645,2,0,1,148651.3376665905,0
4233,68742166,Surname_4233,471,Spain,Male,42.0,3,156578.52997453525,3,0,1,115459.8656387351,0
4234,95940239,Surname_4234,687,Germany,,56.0,5,125698.3651408094,4,0,0,98181.2121209166,0
4235,53666769,Surname_4235,409,Germany,Male,19.0,6,181283.83866189592,4,1,1,88682.02540091725,0
4236,73257298,Surname_4236,383,Spain,Female,41.0,0,112899.29379646995,2,1,0,94916.15655642735,1
4237,37930773,Surname_4237,678,France,Female,43.0,9,30901.0283806147,4,0,1,48155.036243059694,0
4238,61184493,Surname_4238,479,France,Male,38.0,0,178398.05352469982,4,1,1,78345.34089269952,1
4239,22621325,Surname_4239,593,Spain,Female,52.0,2,143542.94176184776,4,0,0,17137.43048383877,1
4240,33707849,Surname_4240,472,France,Male,30.0,0,236862.65470414507,4,1,1,119806.56707322744,0
4241,88280717,Surname_4241,636,Spain,Male,58.0,7,99076.39184993641,3,1,1,61006.9975727847,0
4242,64057519,Surname_4242,775,Germany,Male,28.0,4,200170.2386062398,1,0,0,11909.894710202421,1
4243,54086421,Surname_4243,442,France,Female,52.0,6,172132.9686949636,3,1,0,118668.7390939086,0
4244,72255758,Surname_4244,815,Spain,Male,44.0,9,238112.03723516766,3,1,1,103834.95673405242,0
4245,36904082,Surname_4245,710,France,Female,25.0,2,25400.535025145582,2,1,0,145341.90677869972,1
4246,32232910,Surname_4246,490,France,Male,23.0,0,215369.40070910388,2,1,0,140337.5587275906,1
4247,60278023,Surname_4247,462,France,Female,20.0,8,126145.12282764603,2,0,1,113781.41861716034,1
4248,51576586,Surname_4248,611,Germany,Male,24.0,0,48311.9952695521,3,0,1,26032.425371060504,0
4249,12851621,Surname_4249,490,Germany,Female,54.0,9,203636.89293276236,4,1,0,77495.8867663404,0
4250,65756164,Surname_4250,365,Spain,Female,41.0,6,10510.865086479858,1,1,0,47648.58567524854,0
4251,55884338,Surname_4251,710,France,Male,31.0,7,100493.01978902178,3,1,0,94361.592736057,0
4252,40471283,Surname_4252,766,Germany,Male,47.0,2,168917.63946673245,3,1,0,52517.80500919324,0
4253,57424991,Surname_4253,379,Spain,Female,53.0,5,6006.515983230514,2,1,1,109565.67347719491,0
4254,32136371,Surname_4254,532,France,Male,36.0,3,163232.09478080945,3,1,1,37968.28081774757,0
4255,45143283,Surname_4255,565,Germany,Female,26.0,1,198953.6982475325,2,0,1,97239.69865208611,1
4256,87546020,Surname_4256,360,Germany,Female,45.0,5,154224.79464607098,3,1,0,20651.7862772913,0
4257,45530875,Surname_4257,760,Germany,Male,30.0,7,74265.6498464476,4,0,0,125270.81006032052,0
4258,30157965,Surname_4258,545,Germany,Male,42.0,9,160905.0496005549,4,0,1,147865.39790346907,1
4259,84111490,Surname_4259,633,Germany,Female,51.0,3,148278.0665652084,3,0,0,65092.11133309907,1
4260,35224257,Surname_4260,808,Germany,Male,44.0,0,240352.31407161886,4,0,1,78464.64365713923,0
4261,69337512,Surname_4261,487,France,Female,21.0,5,58025.788494631495,3,0,0,19097.324718818505,1
4262,13686617,Surname_4262,504,Germany,Female,37.0,6,168927.0738539242,3,1,1,106063.60185379432,0
4263,58052428,Surname_4263,548,Germany,Male,49.0,4,139347.57691616137,3,1,0,140911.7213646685,1
4264,69888552,Surname_4264,821,Germany,Male,27.0,4,61060.78922830324,3,1,1,81218.88367147234,1
4265,42408330,Surname_4265,547,France,,48.0,5,234811.3213671421,1,0,1,16899.800086276384,0
4266,12819009,Surname_4266,805,Spain,Female,28.0,3,101685.32861255,2,0,0,22800.735004598424,0
4267,98974103,Surname_4267,678,Spain,Female,47.0,7,70480.08546180149,3,0,0,19833.08713022677,0
4268,41064026,Surname_4268,787,Germany,Male,46.0,3,231792.06884185004,2,1,1,68551.70396054094,1
4269,50949545,Surname_4269,686,Germany,Male,51.0,3,126304.99271040612,4,1,1,68068.02034447348,0
4270,59757125,Surname_4270,529,Germany,Female,27.0,5,115275.207485493,4,0,1,82001.56395677186,0
4271,18979840,Surname_4271,551,France,Female,40.0,9,152723.60094234336,1,1,1,43220.32931067061,1
4272,39941742,Surname_4272,525,Spain,Female,46.0,6,7828.280502233165,4,1,1,77460.91057739832,0
4273,13834958,Surname_4273,816,France,Female,21.0,6,167949.3684611027,3,0,1,50604.50329438861,0
4274,44149521,Surname_4274,816,Spain,Female,47.0,6,80596.74855105678,4,0,0,19370.930832256527,1
4275,19412991,Surname_4275,404,France,Female,29.0,0,237377.52136772606,3,1,0,62016.42230413363,1
4276,58602198,Surname_4276,468,Germany,Female,20.0,9,232293.29306781423,2,0,0,62338.977849757735,0
4277,47689344,Surname_4277,840,France,Male,35.0,2,130137.61658203251,3,0,1,81555.60360530007,1
4278,14642862,Surname_4278,663,Germany,Male,28.0,3,232277.55974400335,2,1,0,140464.61348415405,1
4279,56117484,Surname_4279,735,France,Female,36.0,3,103914.81004722061,2,1,0,76079.92420220477,1
4280,64988225,Surname_4280,373,Spain,Male,32.0,3,213595.15621191138,3,0,1,91462.15452243292,0
4281,19597244,Surname_4281,368,France,Female,31.0,4,247466.1498375738,3,0,1,62900.33808175238,0
4282,82617740,Surname_4282,448,Germany,Male,29.0,8,4956.337709391634,3,1,0,43693.954506822396,1
4283,29524964,Surname_4283,598,France,Male,22.0,6,15273.370815518383,1,0,0,115446.86540807305,1
4284,58092338,Surname_4284,658,France,Female,36.0,4,143295.92438511355,3,0,1,115890.4526040834,0
4285,22757603,Surname_4285,687,Spain,Male,21.0,6,143091.60371907812,4,0,1,79953.81255288683,1
4286,13282380,Surname_4286,818,Germany,Male,39.0,7,20152.65828209431,3,0,1,70704.65021100751,1
4287,38011547,Surname_4287,396,Germany,Female,50.0,9,225187.27936690612,4,1,1,10941.355453262508,0
4288,86244950,Surname_4288,466,Spain,Male,46.0,4,84467.49398489195,4,1,0,86576.92256584618,0
4289,28434543,Surname_4289,622,France,Female,33.0,9,247574.52674129716,4,0,1,69349.38752442435,0
4290,17872387,Surname_4290,633,Germany,Female,52.0,8,192496.69711706912,3,1,0,101293.55386274798,1
4291,72025014,Surname_4291,707,Germany,Female,32.0,0,248974.14377005992,4,0,0,96650.45791611612,1
4292,90514107,Surname_4292,764,Germany,Male,44.0,6,160428.3327101137,4,0,1,102639.28512593562,1
4293,14473386,Surname_4293,777,Germany,,21.0,7,6305.65116817211,1,1,0,79650.26798695343,1
4294,47727192,Surname_4294,425,Spain,Male,33.0,6,184508.77508297205,2,0,1,86662.3658637597,1
4295,50355169,Surname_4295,547,Spain,Male,21.0,8,198835.42004504756,4,0,1,20612.716753643144,0
4296,91068247,Surname_4296,790,France,Female,32.0,2,168569.53341694485,1,0,1,18776.1367248181,1
4297,52924699,Surname_4297,392,France,Male,44.0,9,184974.5006554214,3,1,0,144503.40735502422,1
4298,47245281,Surname_4298,486,Spain,Male,23.0,0,60810.51387831626,1,1,0,39085.13594896973,0
4299,40019550,Surname_4299,464,Spain,,25.0,2,238786.30833431083,4,0,1,99411.86165026188,1
4300,64182665,Surname_4300,546,Germany,Female,57.0,1,195173.0659081989,2,0,1,122153.395431274,1
4301,70778574,Surname_4301,775,Spain,Male,18.0,9,230548.777442527,4,0,0,131991.56017768264,1
4302,26613374,Surname_4302,552,Spain,Male,19.0,7,209917.30893209696,4,1,0,141433.90850608877,0
4303,62933573,Surname_4303,459,Germany,Female,46.0,5,84952.75798493906,2,0,1,106784.59919629105,1
4304,72604645,Surname_4304,557,Spain,Female,39.0,2,173683.8505082692,3,1,1,130602.81419877901,0
4305,90931778,Surname_4305,811,Spain,,49.0,3,179104.80194797306,3,1,1,85621.10397873669,1
4306,22615888,Surname_4306,514,France,Male,45.0,4,243676.3516264032,3,1,1,114845.69159678661,0
4307,92593387,Surname_4307,822,France,Male,19.0,6,53457.11445265622,3,1,1,80932.17102536945,0
4308,27585920,Surname_4308,539,France,Male,51.0,2,19403.088727478396,2,0,0,33388.14355768991,1
4309,75401717,Surname_4309,448,Spain,Female,42.0,3,134743.86963708382,3,1,1,18634.045446664622,1
4310,20157996,Surname_4310,686,France,Female,34.0,5,201439.87795201832,1,1,0,68213.021921368,1
4311,17063760,Surname_4311,695,Germany,Female,54.0,1,233001.98048321254,2,1,0,54738.28584506529,0
4312,47851813,Surname_4312,619,France,Male,53.0,4,120737.56399894542,4,1,1,104466.97780459185,1
4313,75243057,Surname_4313,415,France,Female,37.0,6,161166.15749896364,3,0,1,139315.34927259624,1
4314,73087061,Surname_4314,453,Germany,Female,19.0,4,25853.571721832195,2,0,0,36798.65097662213,1
4315,21995140,Surname_4315,607,Germany,Female,19.0,2,105421.69369665543,3,0,0,12889.4684231075,1
4316,54256784,Surname_4316,696,Spain,Male,27.0,6,214606.3004365383,4,0,0,15632.043195287686,1
4317,45644375,Surname_4317,476,Spain,Male,37.0,5,217839.45920886614,3,0,1,110963.91654678353,1
4318,85943477,Surname_4318,705,Germany,Male,31.0,6,159439.41627491583,2,1,1,28359.439866212382,0
4319,75255719,Surname_4319,499,France,Female,47.0,8,150119.56210148463,3,0,1,94899.10842300691,0
4320,16486196,Surname_4320,390,Germany,Male,53.0,9,157159.6649599886,3,1,0,18203.24469832632,1
4321,91630631,Surname_4321,654,France,Female,32.0,9,35963.0340090116,2,1,1,134148.226098102,1
4322,68900281,Surname_4322,434,Spain,Male,47.0,8,34067.26608803051,1,1,1,100985.40053804601,0
4323,92956541,Surname_4323,576,Germany,Male,20.0,7,227344.9174176295,1,0,0,81916.43740241115,1
4324,66155934,Surname_4324,607,France,Female,21.0,7,71412.50640407453,2,1,0,49049.01823547972,1
4325,53449752,Surname_4325,570,Spain,Male,31.0,5,177023.25557266688,4,0,0,25323.8642130362,1
4326,44609296,Surname_4326,643,Germany,Female,32.0,0,66192.2524660703,3,1,1,36124.8501997422,0
4327,92711803,Surname_4327,465,Spain,Female,52.0,0,108483.97489372599,1,0,1,27126.62926609046,1
4328,13319219,Surname_4328,528,France,Male,26.0,8,213268.08998584092,4,1,1,142870.30880853807,0
4329,92108407,Surname_4329,544,France,Female,23.0,5,160430.1677099852,3,0,0,143988.14484131406,1
4330,41778134,Surname_4330,523,Germany,Male,56.0,5,135902.03477594603,1,0,0,67023.16097681478,1
4331,41222603,Surname_4331,471,Spain,Female,23.0,1,194471.95828153746,1,1,1,76351.37262447816,1
4332,46267930,Surname_4332,657,Spain,Male,40.0,7,87277.21220968736,2,1,1,17397.22917636596,0
4333,24650549,Surname_4333,718,Germany,Male,19.0,0,69712.72456659211,2,0,1,37089.968723915474,0
4334,50075153,Surname_4334,691,Spain,Male,29.0,6,70978.45129274008,3,1,1,55158.55837309941,1
4335,42093830,Surname_4335,413,France,Male,39.0,4,47731.42912927186,3,0,0,80831.65261349577,0
4336,55769818,Surname_4336,393,Spain,Male,34.0,9,143832.77934506853,3,0,0,88188.90966051619,1
4337,22169206,Surname_4337,672,Germany,Female,51.0,0,145723.026922656,1,0,1,137843.97597696196,0
4338,11093401,Surname_4338,420,Spain,Male,42.0,4,75045.4576071448,1,1,1,19301.069870533276,1
4339,94879364,Surname_4339,428,France,Female,24.0,0,79887.93561324794,2,1,0,110093.34155119088,1
4340,51330951,Surname_4340,553,Spain,Female,43.0,6,48566.18283151612,1,1,0,29386.281203957737,0
4341,35096588,Surname_4341,689,France,Female,44.0,6,185803.54501134428,4,0,0,111551.16544303637,1
4342,74795766,Surname_4342,812,Germany,Male,48.0,3,244039.19966134414,4,0,1,122944.20946419402,0
4343,85143855,Surname_4343,358,Germany,Female,30.0,1,3849.2960264233934,1,0,0,31220.50881217357,1
4344,52006705,Surname_4344,598,Spain,Male,23.0,6,14024.932469720474,2,0,1,99404.86021422401,0
4345,97566648,Surname_4345,532,Spain,Female,18.0,8,25425.10988557442,2,1,1,132751.3702755958,0
4346,14868075,Surname_4346,585,Spain,Female,18.0,0,185284.339067303,1,1,1,75005.38341984901,1
4347,39425484,Surname_4347,545,France,Male,30.0,0,27672.85746284279,2,1,0,68004.93519810183,0
4348,50239961,Surname_4348,811,Germany,Female,18.0,4,242254.70406575382,1,1,1,115161.97462349021,0
4349,79040572,Surname_4349,628,France,Male,43.0,5,210299.1968095602,3,1,0,146997.6321662164,0
4350,17541748,Surname_4350,604,Germany,,52.0,4,179485.8065963347,1,1,0,148691.84919803886,0
4351,19162482,Surname_4351,636,Spain,Male,56.0,3,214529.9895807641,4,1,0,14741.33647534902,1
4352,11222175,Surname_4352,505,France,Male,46.0,0,198440.7696906025,4,1,1,104542.32845631166,1
4353,18625104,Surname_4353,361,Germany,Male,45.0,8,68727.47479694114,1,1,1,37815.715584569596,0
4354,96195573,Surname_4354,407,France,Female,51.0,2,86243.082816462,4,1,0,48859.39101618504,1
4355,31762390,Surname_4355,849,Spain,Female,19.0,3,150429.2712323956,1,1,0,80813.6359391933,0
4356,86062243,Surname_4356,629,France,Female,50.0,7,7696.528184457513,2,0,1,34121.63336699008,0
4357,74661062,Surname_4357,735,Spain,Male,59.0,1,150353.5886119107,1,1,1,128895.07445958995,1
4358,92206347,Surname_4358,731,Spain,Male,52.0,4,89495.24499280243,1,0,1,42809.856570101685,0
4359,81245268,Surname_4359,756,France,Male,41.0,0,43083.67206147548,1,0,0,37766.108387525004,1
4360,17205722,Surname_4360,760,France,Female,42.0,7,133871.2370536628,3,1,1,64684.19534492999,0
4361,88293767,Surname_4361,431,Spain,Female,24.0,3,118039.24183797646,4,0,0,98683.89389339052,1
4362,92477945,Surname_4362,421,Spain,Male,54.0,6,95082.36565477995,2,1,1,51697.250891005104,0
4363,22526429,Surname_4363,786,Germany,Male,55.0,5,197590.06025759998,4,1,0,126753.38082957128,0
4364,77587058,Surname_4364,819,France,Female,48.0,2,15674.60594698522,2,0,0,60351.098222123015,1
4365,10736427,Surname_4365,666,France,Female,56.0,5,124730.40737837415,4,1,0,127180.43072680265,1
4366,22841137,Surname_4366,530,Spain,Male,31.0,2,145531.66023738138,1,1,1,115558.34787261613,1
4367,86573239,Surname_4367,574,Spain,,44.0,3,169766.60907565683,3,1,1,114293.50320725066,1
4368,54110246,Surname_4368,384,Germany,Male,20.0,7,219555.3013210015,4,0,0,17579.26797194272,1
4369,58046490,Surname_4369,584,Germany,Male,45.0,4,202592.2522999929,4,1,0,104800.9353504265,0
4370,86348635,Surname_4370,529,Germany,Female,49.0,1,96798.03816769137,2,1,1,104673.99251796436,1
4371,68290203,Surname_4371,649,Germany,Female,26.0,4,17001.45428707858,1,0,1,64640.223237397884,1
4372,46256907,Surname_4372,442,France,Male,30.0,7,100845.88891489641,2,0,0,69332.75257998251,0
4373,92395896,Surname_4373,742,Spain,Male,35.0,4,122975.2793953093,1,1,1,83434.38579674043,0
4374,50842282,Surname_4374,501,Germany,Male,35.0,5,3412.145462182353,2,1,0,98255.62542930112,1
4375,14536819,Surname_4375,414,Germany,,21.0,3,188208.46745107442,2,1,1,26686.614415790827,0
4376,47204891,Surname_4376,756,Germany,Male,23.0,4,238903.16780627467,3,0,1,78057.92770132856,1
4377,35629024,Surname_4377,742,France,Female,55.0,6,15921.048698888746,1,0,1,95651.45377311904,1
4378,41923195,Surname_4378,470,Germany,Male,23.0,4,152034.04391009395,2,1,1,122946.53049964177,1
4379,63744678,Surname_4379,719,France,Male,48.0,5,201696.9164173296,4,1,1,47434.1257608137,1
4380,86107153,Surname_4380,802,France,Male,25.0,0,52645.487825161654,4,1,0,130569.18699585185,0
4381,38064704,Surname_4381,615,Germany,Female,23.0,5,146617.1639598995,1,1,1,64535.79141471712,0
4382,90450461,Surname_4382,719,Spain,Female,39.0,7,12333.558132671784,2,1,1,21277.459214131504,0
4383,60509828,Surname_4383,823,Germany,Male,22.0,5,223983.96559736974,1,0,0,104236.02784412629,1
4384,85554784,Surname_4384,797,Spain,,33.0,9,223571.71968771634,1,1,0,134242.1969942257,0
4385,68329462,Surname_4385,424,Spain,Female,57.0,9,220708.67827792384,3,0,1,121948.52622673864,1
4386,29518842,Surname_4386,825,Spain,Female,30.0,5,81592.41559607413,2,1,0,18112.632633497673,1
4387,38486758,Surname_4387,701,Germany,Male,30.0,8,19873.255394096846,3,1,1,102129.6424249778,1
4388,75314827,Surname_4388,627,Germany,Male,33.0,8,159826.220659284,1,1,1,113470.10383477288,0
4389,62301656,Surname_4389,358,Spain,,49.0,6,126199.5768755895,3,1,1,88843.03078909688,1
4390,64193549,Surname_4390,407,Germany,Female,56.0,4,247930.1298545372,3,1,1,123703.96961230197,0
4391,67411807,Surname_4391,437,Germany,Female,41.0,2,188985.90585990265,2,0,1,108147.31904904876,0
4392,25291441,Surname_4392,726,France,Male,33.0,1,204608.77393390544,3,0,1,58189.76820803442,1
4393,82195122,Surname_4393,746,Germany,Male,56.0,4,191582.16003168558,2,0,1,148310.16861550094,0
4394,96967739,Surname_4394,430,France,Female,57.0,9,157778.82123732605,1,0,0,40619.47894850561,1
4395,99702016,Surname_4395,483,France,Male,36.0,2,239594.12867669863,2,1,1,68139.68447498055,1
4396,79729609,Surname_4396,589,France,Male,36.0,4,60845.488045302736,4,1,0,10146.063773394404,1
4397,78888118,Surname_4397,677,Germany,Female,22.0,9,96637.73590389632,4,0,1,79283.1236551602,1
4398,15114575,Surname_4398,559,Germany,Female,52.0,3,127293.40339817877,2,0,1,41936.624274252084,1
4399,66119798,Surname_4399,477,Spain,Female,21.0,7,69958.28045252989,1,1,1,147125.82292839783,0
4400,72938798,Surname_4400,827,France,Female,33.0,0,89631.44633568545,3,1,0,61616.81850905813,1
4401,78745924,Surname_4401,590,France,,42.0,1,233458.86393727397,1,1,0,111423.13249815739,0
4402,12314606,Surname_4402,555,Spain,Male,53.0,3,154865.91535740905,1,0,1,96202.36904900272,1
4403,58714647,Surname_4403,618,France,Female,39.0,1,103302.21495013358,2,1,1,51005.21859081284,1
4404,78568063,Surname_4404,691,Spain,Female,56.0,4,191693.1991106824,1,1,1,12169.0372540486,1
4405,15081035,Surname_4405,448,Germany,Male,37.0,6,178590.90578665477,2,0,0,71504.16890985059,0
4406,50747880,Surname_4406,447,Germany,Female,33.0,9,160857.37616032985,1,1,0,104051.45669855522,0
4407,14195619,Surname_4407,753,France,Female,43.0,4,388.18606513976727,2,0,1,123982.19250967694,0
4408,26936072,Surname_4408,628,Spain,Male,53.0,2,240458.51320235163,2,1,0,84271.87764908509,1
4409,88582030,Surname_4409,352,Spain,Female,55.0,1,202139.7086748171,1,1,1,48038.39077552552,1
4410,54341300,Surname_4410,376,Germany,Male,58.0,2,193767.4580881633,2,0,1,44844.87071744821,0
4411,10392375,Surname_4411,687,France,Female,43.0,7,105561.29120894459,4,1,0,139257.20325637102,0
4412,98924853,Surname_4412,676,Germany,Male,42.0,0,28178.19979137892,2,1,1,106901.45635468762,0
4413,13946218,Surname_4413,458,Spain,Female,45.0,4,236192.9671502497,3,0,1,77374.15663654314,0
4414,93349509,Surname_4414,523,Germany,Female,47.0,7,26287.545133952954,4,0,1,114697.25282381286,1
4415,63503383,Surname_4415,744,Spain,Female,58.0,5,68586.8341653046,3,0,0,112486.17519946165,1
4416,51670452,Surname_4416,528,Germany,Female,47.0,2,122842.49961720764,3,1,0,93701.51561720243,0
4417,19250010,Surname_4417,684,Germany,Male,19.0,4,112239.58213309349,1,1,1,131579.23244810826,0
4418,94535227,Surname_4418,807,France,Male,27.0,1,219063.45591239427,4,1,0,92756.63832276645,1
4419,70371713,Surname_4419,518,France,Male,23.0,7,101287.72173666925,3,1,1,136683.30722661642,1
4420,38652727,Surname_4420,782,Spain,Female,46.0,5,44853.64734933117,1,0,0,130000.42580373048,0
4421,26875649,Surname_4421,834,France,Male,44.0,8,208535.37846902918,3,1,0,140570.94768141152,0
4422,97080444,Surname_4422,497,Germany,Female,23.0,1,56148.75475259948,3,0,1,84675.16170651629,0
4423,66041637,Surname_4423,644,France,Female,19.0,5,97849.47709483841,4,1,1,135269.25789403732,0
4424,79220006,Surname_4424,544,Spain,Female,46.0,0,54438.65592834065,2,0,0,126583.65872603843,0
4425,23869741,Surname_4425,830,Germany,Male,46.0,0,90986.02485849921,4,1,1,14593.873644004601,1
4426,20547542,Surname_4426,718,Spain,Male,50.0,2,95937.44424560624,1,0,1,16196.100811675462,0
4427,68335949,Surname_4427,762,Germany,Female,40.0,8,134748.32358739406,1,1,0,97108.13977833364,0
4428,47688791,Surname_4428,843,France,Female,45.0,0,41078.80940283243,2,0,1,119870.74684514104,1
4429,60952001,Surname_4429,361,Spain,Male,59.0,4,231743.21589639204,1,0,0,123974.6928088848,0
4430,81886613,Surname_4430,366,France,Male,30.0,4,125653.73678705722,2,0,1,88920.6659494791,1
4431,71800049,Surname_4431,397,Germany,Male,44.0,9,36038.62666647712,1,0,0,14675.86635925898,1
4432,19059126,Surname_4432,402,Germany,Female,43.0,6,198747.92141512182,2,1,1,108510.36525988589,0
4433,73669601,Surname_4433,455,France,Female,59.0,9,159209.0729822303,3,0,1,46997.70389354774,1
4434,73441966,Surname_4434,447,Germany,Female,59.0,1,15735.183425894416,2,0,0,31705.68265668568,0
4435,75331335,Surname_4435,646,Spain,,39.0,0,169173.82371347662,1,1,0,38760.395587531224,0
4436,98550895,Surname_4436,662,France,Female,39.0,7,71984.66517580571,2,0,0,56444.32049217735,1
4437,62480950,Surname_4437,597,Germany,Male,33.0,3,178465.54240455173,3,1,1,65204.296187420914,0
4438,42386487,Surname_4438,494,France,Female,26.0,5,54138.85241797373,4,1,1,36063.69739997842,1
4439,32043145,Surname_4439,514,Spain,,47.0,3,49036.345922056746,2,0,0,126047.3429255808,1
4440,18942982,Surname_4440,758,Spain,Female,20.0,1,66341.99810626138,4,0,1,65354.81793233295,1
4441,79128814,Surname_4441,487,Germany,Female,46.0,7,36908.50201186438,1,1,0,132562.2655838593,1
4442,58486700,Surname_4442,596,Germany,Female,44.0,2,153511.27677829863,4,1,0,64170.36562640497,1
4443,86123146,Surname_4443,751,Spain,Female,57.0,0,12176.076390897571,3,1,1,31407.11379766359,0
4444,25590488,Surname_4444,678,Germany,Male,35.0,1,194077.78341933683,4,0,0,113535.3452189325,1
4445,27337628,Surname_4445,754,Spain,Male,29.0,1,188922.2346291075,1,1,0,80694.21859346375,0
4446,37613183,Surname_4446,442,Spain,Female,27.0,4,115833.03374249948,4,0,1,147457.54564557198,1
4447,27030683,Surname_4447,401,Spain,Male,28.0,5,155229.06435953084,3,1,1,58973.855881317926,0
4448,14143646,Surname_4448,412,France,Male,45.0,0,121167.79480232678,1,0,0,113998.2144707728,1
4449,64231865,Surname_4449,805,France,Male,47.0,0,248738.754557456,4,0,0,132639.64378953737,0
4450,68853355,Surname_4450,563,France,Male,54.0,7,123429.84229671977,4,1,0,134653.16422459364,0
4451,98830281,Surname_4451,571,Germany,Female,25.0,5,183336.45960567775,3,0,1,140971.90158561477,1
4452,93501194,Surname_4452,441,Spain,Female,38.0,4,237465.7762367091,4,0,1,78682.05811655558,0
4453,22533836,Surname_4453,468,France,Male,48.0,8,166835.31527805518,4,1,1,149430.83225078415,0
4454,82399072,Surname_4454,440,Spain,Male,30.0,8,69112.2000653397,1,1,0,25907.443991630367,1
4455,57329514,Surname_4455,651,France,Female,48.0,6,109219.25896198215,4,1,1,23446.0570157817,0
4456,64240939,Surname_4456,673,Spain,Female,55.0,7,45140.32510801508,1,0,0,97493.9968048804,1
4457,29315179,Surname_4457,834,Germany,Male,42.0,2,232189.26536352228,2,1,1,80264.42925310165,0
4458,79634126,Surname_4458,449,France,Male,57.0,4,142016.73039243522,4,0,0,59655.124447973765,1
4459,71210424,Surname_4459,356,Spain,Female,33.0,9,125309.35968417955,3,0,1,46856.63787287642,0
4460,92841382,Surname_4460,469,Germany,Female,22.0,4,248499.70663342686,2,0,1,88828.9557708391,1
4461,47907327,Surname_4461,489,Germany,Male,54.0,6,171327.86365667617,3,0,0,131080.61218469264,0
4462,42628570,Surname_4462,480,Spain,Male,43.0,4,163956.9481000038,2,0,1,82593.48467630387,0
4463,74898163,Surname_4463,718,Spain,Male,56.0,4,240723.00147495043,1,0,0,62388.71499293066,1
4464,54456784,Surname_4464,644,France,Male,24.0,0,65404.206910254645,1,0,0,42598.14408938415,0
4465,70427427,Surname_4465,608,Spain,Female,32.0,2,111962.70817001504,2,1,0,112178.18248495717,0
4466,10995868,Surname_4466,529,Germany,Female,33.0,7,40304.331894961964,3,0,1,86744.08738610435,0
4467,10840153,Surname_4467,457,France,Male,29.0,0,630.2370937492085,2,0,1,122280.41911294631,1
4468,11224291,Surname_4468,541,France,Male,18.0,8,32436.824148563388,1,1,0,121982.33400188047,1
4469,37958874,Surname_4469,472,Germany,Female,41.0,1,221250.67316452062,1,1,0,37834.33925055019,1
4470,20145126,Surname_4470,354,Germany,Female,55.0,9,120482.72680680078,1,0,1,138640.20522047934,1
4471,89174943,Surname_4471,476,France,Male,20.0,3,161681.765948822,1,0,0,29514.544452707567,1
4472,54416229,Surname_4472,787,France,Male,57.0,8,178015.61352969342,4,1,0,26464.025222535685,1
4473,46185987,Surname_4473,622,Spain,Male,41.0,5,139648.67845916,4,0,0,135694.34349862812,0
4474,64647862,Surname_4474,726,Germany,Male,28.0,0,210716.4308438531,3,1,0,148907.16555491328,0
4475,14935091,Surname_4475,442,France,Male,31.0,0,87495.06411683658,4,0,0,134587.8703254619,1
4476,88880236,Surname_4476,790,Germany,Male,37.0,2,50870.265325443834,2,0,1,139825.78016548592,1
4477,65282676,Surname_4477,783,Spain,,36.0,1,204639.0726688746,2,1,0,56321.20895451356,1
4478,55430564,Surname_4478,520,Germany,Male,33.0,3,102040.38231737545,4,1,1,16397.98347400896,0
4479,26042064,Surname_4479,445,Spain,Female,57.0,5,205159.39394908285,3,1,1,69897.84128976447,0
4480,87645991,Surname_4480,795,Spain,Female,45.0,4,21111.511866605564,1,1,1,96651.89505269293,0
4481,46197460,Surname_4481,738,Germany,Male,49.0,6,182375.75488111423,4,0,0,61402.239156448384,0
4482,61375617,Surname_4482,653,Germany,Male,31.0,3,225453.1615881196,1,1,1,97577.85050351391,0
4483,58912336,Surname_4483,723,Germany,Male,21.0,2,48193.260207995634,1,0,0,113757.7972953759,0
4484,12618171,Surname_4484,376,France,Female,47.0,6,50892.81132534268,1,0,0,101205.75690328471,1
4485,13694256,Surname_4485,354,Germany,Male,42.0,0,113761.54848698042,4,1,1,54505.74321813244,0
4486,45990199,Surname_4486,505,Germany,Male,24.0,0,7653.972348309918,4,0,1,135573.21551390877,0
4487,12405477,Surname_4487,473,Germany,Female,36.0,8,221627.88848288945,1,0,0,74231.93298760068,1
4488,12045746,Surname_4488,575,Spain,Female,39.0,7,22021.080174341263,1,1,1,86334.23568493902,1
4489,79533934,Surname_4489,449,France,Male,57.0,4,128865.08074798198,3,0,0,93857.36904285142,0
4490,70922820,Surname_4490,467,Spain,Male,55.0,8,94479.31448663688,2,0,1,40360.17026326719,1
4491,54702894,Surname_4491,513,Germany,Male,24.0,3,223895.00190275552,2,0,0,105002.8451089101,0
4492,62463931,Surname_4492,434,Germany,Female,18.0,6,49222.761619954064,3,1,1,22451.761141220428,1
4493,11294585,Surname_4493,365,Germany,Male,40.0,7,54210.15872755913,2,0,0,48218.562216489285,0
4494,49414208,Surname_4494,511,Germany,Female,26.0,9,248962.92911519654,1,1,1,111287.35314358154,0
4495,92027652,Surname_4495,546,Germany,Female,49.0,7,195477.16026703513,1,0,1,32575.02684040211,0
4496,59970365,Surname_4496,610,France,Female,56.0,1,13733.150196255012,1,0,0,25638.903252391523,0
4497,28650770,Surname_4497,478,Germany,Female,23.0,3,172714.59043064652,4,1,0,32066.98740388592,1
4498,65586296,Surname_4498,359,France,Male,20.0,0,116918.83874485701,3,0,0,110580.00280036384,1
4499,35039780,Surname_4499,377,Germany,Female,39.0,0,119159.04932572096,4,1,0,116406.62770689542,1
4500,97943913,Surname_4500,768,Spain,Female,33.0,4,76932.18433115123,1,0,1,42249.61746780324,1
4501,92979901,Surname_4501,467,France,Female,55.0,7,148281.12480142093,3,1,0,145903.15651821607,1
4502,64617541,Surname_4502,611,Germany,Female,20.0,8,189388.67538155863,2,0,1,138228.01259518426,1
4503,59728568,Surname_4503,601,France,Female,26.0,4,86766.15992253086,3,0,1,61541.918730555255,0
4504,19774491,Surname_4504,572,Germany,Female,41.0,9,239586.14453322813,3,1,0,16835.208317498473,0
4505,52330267,Surname_4505,578,Spain,Female,38.0,9,121982.43992632399,4,1,1,89849.2938061352,1
4506,70272877,Surname_4506,421,France,Male,32.0,1,128367.93614657794,3,0,0,33691.07758953565,1
4507,79083801,Surname_4507,633,France,Female,35.0,0,97586.78772610635,4,0,1,91186.08842678108,0
4508,54423612,Surname_4508,383,Germany,Female,32.0,4,219745.19127336482,2,0,1,71045.23481503286,1
4509,33708663,Surname_4509,468,France,Female,53.0,0,26953.255847424112,3,0,0,63146.67242876,1
4510,28839375,Surname_4510,746,France,Female,29.0,6,194792.16305918506,2,0,0,127077.2193273428,0
4511,88518310,Surname_4511,605,France,Male,34.0,1,99348.8468574604,2,0,0,86525.49122038789,1
4512,72251709,Surname_4512,458,France,Male,52.0,5,224000.95386759663,3,1,1,18119.281723057025,0
4513,49004062,Surname_4513,432,Germany,Female,24.0,1,121273.76212745503,4,0,1,39036.94628109333,0
4514,48910359,Surname_4514,589,Germany,Male,20.0,9,217070.36099777638,1,0,1,67921.58962053925,0
4515,69088050,Surname_4515,428,Spain,Female,54.0,0,29458.4127758859,1,0,0,89792.05040386517,0
4516,97670643,Surname_4516,768,Germany,Female,45.0,8,220409.65014305248,3,1,0,96721.09356413159,1
4517,85664687,Surname_4517,707,Germany,Female,39.0,7,167877.84322877857,1,0,1,59151.63551345056,1
4518,30355905,Surname_4518,743,Spain,Female,18.0,8,203190.76469341738,2,0,1,139091.9763494318,0
4519,99185271,Surname_4519,599,France,Male,25.0,3,178966.29720101366,1,0,1,44884.795444877156,0
4520,32495967,Surname_4520,561,Spain,Male,51.0,6,49603.92056755533,1,1,0,71917.63793030323,1
4521,35689930,Surname_4521,773,Germany,Female,30.0,4,29393.244087067007,1,0,1,132801.79368203806,0
4522,99082376,Surname_4522,809,France,Female,28.0,0,163811.80865901994,1,1,1,56348.49870016943,1
4523,34739767,Surname_4523,405,Germany,Female,38.0,8,54936.17859146616,2,1,0,38255.0832049974,0
4524,25158528,Surname_4524,544,France,Male,58.0,1,161451.2959233539,4,0,0,29519.670958432715,1
4525,93851753,Surname_4525,633,Spain,Male,20.0,5,19624.771663742824,1,0,0,105162.78444910941,0
4526,79179459,Surname_4526,480,Spain,Female,38.0,6,129562.94402909791,3,0,1,24317.13759406693,1
4527,61138994,Surname_4527,728,Germany,Male,30.0,0,248710.7013592267,3,0,0,102531.555765899,1
4528,45666866,Surname_4528,548,Spain,Female,26.0,6,88089.46186851033,4,1,1,82693.10682232126,1
4529,69509792,Surname_4529,719,Germany,Female,52.0,3,62080.52239437592,3,1,0,147111.52848967692,0
4530,40977355,Surname_4530,780,Germany,Female,47.0,1,38815.90312323027,3,0,1,88763.85361592492,0
4531,21712519,Surname_4531,832,Germany,Female,50.0,1,22555.64324449516,2,1,0,139146.1337645009,0
4532,29401354,Surname_4532,643,Germany,Female,34.0,6,103833.40257181058,4,0,1,27884.282721063686,1
4533,64922826,Surname_4533,713,Spain,Male,58.0,8,144524.65606516835,1,1,1,35870.27606215942,0
4534,92291823,Surname_4534,428,France,Male,47.0,8,70361.8483243881,2,1,1,22938.281844381545,0
4535,18792138,Surname_4535,748,Spain,Female,53.0,6,213784.07176243555,2,0,0,140291.92068989365,1
4536,65165422,Surname_4536,474,Spain,Male,43.0,6,48273.12635642062,3,1,1,108260.25782640184,1
4537,21273284,Surname_4537,629,France,Female,27.0,7,249697.12282239573,4,0,1,15256.555789771854,0
4538,51889639,Surname_4538,489,Germany,Male,18.0,2,174712.40045976004,4,0,0,141941.56527493778,0
4539,97915514,Surname_4539,465,Germany,Male,29.0,3,32198.528035189494,1,0,1,35244.387280006566,1
4540,65664343,Surname_4540,550,France,Female,55.0,7,134043.94667331586,1,1,0,120830.85853236514,1
4541,15982626,Surname_4541,756,France,Male,18.0,7,142962.69694625097,3,1,1,127731.29494424141,0
4542,41845285,Surname_4542,485,Spain,Male,43.0,8,67032.82819598139,4,0,0,100462.0182621977,1
4543,25286086,Surname_4543,683,Germany,Male,18.0,4,129050.45263808263,2,0,1,126300.92983540996,1
4544,64203446,Surname_4544,607,France,Female,51.0,7,219817.25559154383,1,1,1,87918.76070363984,1
4545,80587458,Surname_4545,481,Germany,Female,36.0,6,119936.83584017181,4,0,0,43166.047109172185,1
4546,79144710,Surname_4546,693,Germany,Female,55.0,8,79625.487025864,2,1,0,27733.79146133758,1
4547,62545111,Surname_4547,720,Spain,Male,25.0,9,53353.52859596046,1,1,0,61548.90063300024,1
4548,49063516,Surname_4548,579,France,Male,27.0,1,1929.5993445492543,3,1,1,82524.87950180988,1
4549,23250642,Surname_4549,427,Spain,Male,49.0,9,225519.15078545647,3,0,1,56972.65571795769,1
4550,10273283,Surname_4550,775,Spain,Female,25.0,5,54705.8946955194,3,0,1,30609.937742269656,1
4551,77664476,Surname_4551,754,Germany,Male,38.0,2,199197.67256361322,3,1,1,12345.344360790885,0
4552,60282982,Surname_4552,680,Germany,Male,56.0,4,82364.03237790476,2,1,0,147669.60819896226,0
4553,42310970,Surname_4553,421,France,,25.0,5,169068.87463669904,3,0,1,131198.1466856961,1
4554,98630673,Surname_4554,817,Spain,,40.0,7,215428.87046021555,3,1,0,23267.279858750037,0
4555,87364051,Surname_4555,849,Germany,Male,54.0,8,29192.18527759082,3,0,0,67225.60306576925,0
4556,19817667,Surname_4556,670,France,Female,29.0,3,195981.8705027515,2,0,1,123899.21800764486,0
4557,26312058,Surname_4557,700,Spain,Female,55.0,0,210431.16585473178,3,1,1,10092.949768987846,0
4558,28177828,Surname_4558,401,Spain,Female,24.0,6,98638.99688811303,1,1,0,101914.5638128822,0
4559,10945940,Surname_4559,808,Spain,Male,52.0,3,9686.599209201091,2,0,0,143620.2540578037,0
4560,52531196,Surname_4560,647,France,Male,57.0,4,229304.67706898128,2,1,1,55059.027105286565,0
4561,97927635,Surname_4561,792,Spain,Male,39.0,6,133569.32938611828,2,1,0,79992.90875511098,0
4562,26904981,Surname_4562,759,Spain,Female,28.0,8,61304.25292419883,2,1,0,98910.42482295386,1
4563,48728789,Surname_4563,739,France,Female,33.0,1,219100.52516615338,2,0,0,62662.723546474794,1
4564,28414084,Surname_4564,849,France,Male,18.0,5,13009.46488784832,4,0,1,71883.19432415869,0
4565,12971265,Surname_4565,686,France,Male,18.0,6,184048.5693998706,2,1,0,124849.56325995897,0
4566,34394488,Surname_4566,450,France,Male,42.0,3,243853.59270071232,1,0,0,149966.99502315794,1
4567,37878042,Surname_4567,355,France,Male,50.0,7,8496.822113150809,3,0,0,103800.05406343432,0
4568,82987077,Surname_4568,465,France,Male,53.0,7,17451.454089358416,3,0,0,71324.61857379111,1
4569,86113950,Surname_4569,593,France,Female,49.0,0,189975.9555953018,4,0,0,23804.4600476765,1
4570,18538264,Surname_4570,369,Spain,Female,32.0,7,184681.67424153158,1,0,1,42970.1734820338,1
4571,64274786,Surname_4571,672,Germany,Female,47.0,0,8434.157984874235,3,1,0,72724.53020065627,0
4572,33172727,Surname_4572,770,France,Male,53.0,4,156395.91307261182,3,0,1,148309.2064649264,1
4573,18508143,Surname_4573,469,France,Male,34.0,5,155545.066298779,4,0,1,111428.07697252935,1
4574,56443492,Surname_4574,758,France,Male,31.0,1,237148.74159782744,3,1,0,30415.06098379212,0
4575,19675782,Surname_4575,374,Germany,Female,44.0,2,8744.775736907406,3,0,1,128900.85368761659,1
4576,99018991,Surname_4576,720,Germany,Female,57.0,6,220102.8566951883,1,1,0,85671.77901622055,1
4577,24949797,Surname_4577,841,France,Male,35.0,3,148823.64191230232,4,0,1,145097.30303831867,1
4578,73366841,Surname_4578,671,France,Male,39.0,7,95422.73311742216,3,0,1,60657.13764053042,1
4579,82059774,Surname_4579,776,Germany,Male,32.0,0,220463.17115625064,2,0,1,94066.95852163168,1
4580,59722268,Surname_4580,430,Germany,Male,33.0,7,224348.62231909332,1,0,1,110833.70334461212,0
4581,20931584,Surname_4581,405,Spain,Female,27.0,4,32015.19065930797,1,0,1,58823.026375475965,1
4582,55872150,Surname_4582,714,Germany,Male,46.0,4,34513.41664399621,3,0,1,25167.554784906562,0
4583,13510227,Surname_4583,576,Spain,Female,20.0,3,105841.53529682496,1,1,1,78096.83790595735,0
4584,50294585,Surname_4584,616,Spain,Male,30.0,9,12580.713313348007,3,0,1,130339.56701885456,0
4585,71541988,Surname_4585,488,Germany,Female,59.0,4,181924.90392241869,2,1,1,108758.54187934761,1
4586,93147528,Surname_4586,566,Germany,Male,40.0,9,90959.89382036135,3,1,1,102709.7008490574,1
4587,92411485,Surname_4587,560,Germany,Female,41.0,6,53356.036270173354,3,1,0,101329.35624907835,0
4588,47447471,Surname_4588,782,Germany,Male,38.0,3,30974.263713823475,2,0,0,121548.12497619668,0
4589,10896566,Surname_4589,655,France,Female,52.0,6,226602.9671347023,2,1,0,47064.48303781647,0
4590,93075852,Surname_4590,807,Spain,Female,22.0,6,106657.16567281033,3,0,0,147852.70661932285,1
4591,30119765,Surname_4591,632,Spain,Female,42.0,6,18574.46199122334,3,1,1,71020.29197429688,0
4592,15716312,Surname_4592,530,France,Male,47.0,8,161126.02865595938,4,0,0,54739.086269962885,0
4593,99109023,Surname_4593,779,France,Male,37.0,4,27889.037365142784,2,1,1,34049.36495136937,1
4594,42043674,Surname_4594,405,Germany,Male,48.0,1,9733.760694413146,4,1,0,84287.04993726124,0
4595,41829391,Surname_4595,825,France,Male,25.0,8,184929.11370836583,3,0,1,45915.51843523299,0
4596,34016323,Surname_4596,594,Spain,Female,40.0,1,216834.54837093604,1,1,0,42692.63229736422,0
4597,53567361,Surname_4597,705,Spain,Female,58.0,5,111825.00090399003,2,0,1,136886.52002693625,0
4598,90355192,Surname_4598,693,Spain,Female,58.0,7,243795.32094752634,4,1,0,139538.98736280625,0
4599,85787399,Surname_4599,629,Spain,Male,48.0,8,53852.548728974434,4,1,0,57361.0762801512,1
4600,63646026,Surname_4600,668,France,Male,22.0,7,229923.30121609388,2,0,0,142117.97084026822,1
4601,68446267,Surname_4601,487,Germany,Male,59.0,0,152274.94633314162,1,0,1,17356.14062932483,0
4602,96210786,Surname_4602,556,Spain,Male,27.0,8,195275.28282204145,4,0,1,64819.12663518363,1
4603,33595216,Surname_4603,837,Spain,Female,20.0,8,205302.13225034508,2,1,0,82368.35606682645,0
4604,82988661,Surname_4604,544,Germany,Female,25.0,6,37027.89542435206,2,1,0,64528.929943821415,0
4605,78862460,Surname_4605,618,Germany,Female,23.0,9,3970.524395923991,2,1,0,72940.0826777082,0
4606,31711255,Surname_4606,610,Spain,Male,29.0,5,41793.698734617305,4,0,1,135399.2073869554,1
4607,55069652,Surname_4607,798,France,Female,38.0,0,187197.27245873885,2,0,0,138104.9923385711,0
4608,47819285,Surname_4608,842,Germany,Female,47.0,6,210652.3785135851,1,0,0,43052.22320410856,1
4609,70393287,Surname_4609,369,Spain,Male,43.0,0,103000.8240608452,1,1,0,38493.72651299213,1
4610,77094967,Surname_4610,741,Germany,Male,30.0,4,198293.97836102633,1,1,1,21758.518233702933,1
4611,83136984,Surname_4611,790,France,Female,45.0,8,149784.82570488102,2,1,1,76021.44322757683,1
4612,99424367,Surname_4612,835,Germany,Male,31.0,6,79867.89557150553,3,0,1,140576.06049982374,0
4613,81174030,Surname_4613,379,Spain,,43.0,4,168080.5996193256,1,0,0,98458.98282397943,0
4614,11264736,Surname_4614,606,France,Female,31.0,4,232009.2877780541,1,1,0,54441.62368631518,1
4615,72653256,Surname_4615,442,France,Male,32.0,2,114651.69670530726,4,1,0,115472.20918000967,1
4616,30705628,Surname_4616,500,Germany,Female,23.0,3,212409.4680544798,4,0,1,41572.931371534396,1
4617,98078839,Surname_4617,814,Spain,Male,23.0,9,107036.90251126442,2,1,1,124517.76307304912,0
4618,90584435,Surname_4618,580,France,Female,30.0,1,153649.20264687712,3,0,0,141863.0810355461,0
4619,58169986,Surname_4619,511,Germany,Female,41.0,8,226296.0905407949,1,0,0,74928.38472843132,0
4620,97077470,Surname_4620,696,Spain,Female,43.0,1,193388.25511498936,4,1,0,85115.08600190772,0
4621,63947647,Surname_4621,594,Germany,Female,57.0,1,166746.4509300822,3,1,1,15023.860882558394,1
4622,35778424,Surname_4622,782,France,Male,38.0,5,191386.68165870654,2,1,1,129942.407247118,0
4623,45220693,Surname_4623,777,Germany,Male,43.0,8,141006.71615285092,3,1,0,27678.274115760076,0
4624,13491841,Surname_4624,378,Germany,Male,56.0,8,33774.98234252657,3,0,0,126228.88236874463,0
4625,18799193,Surname_4625,383,Germany,Male,42.0,7,54739.07852351842,1,0,1,38442.94481021486,0
4626,29361256,Surname_4626,374,Germany,Female,41.0,2,214617.10994526377,1,1,1,28664.78232975879,1
4627,60312146,Surname_4627,834,Germany,Male,23.0,6,58969.386889064226,4,0,0,81693.42097386278,1
4628,56963247,Surname_4628,747,Spain,Female,49.0,1,55524.912238341385,2,1,1,60727.43583574959,0
4629,80483787,Surname_4629,352,Spain,Male,43.0,8,158934.79629235165,3,1,1,105768.23800948886,1
4630,78652037,Surname_4630,520,France,Female,56.0,2,20459.036015387206,1,1,1,63875.5027629423,1
4631,71950758,Surname_4631,616,Germany,Male,30.0,7,19618.26270837841,1,0,1,60223.99233131532,0
4632,75104791,Surname_4632,811,Spain,Male,20.0,6,173302.2420385668,3,1,1,143774.5362333203,1
4633,47467833,Surname_4633,443,Spain,Female,24.0,6,186159.55659204777,2,1,0,86636.81388491884,0
4634,57888069,Surname_4634,610,France,Male,27.0,6,159088.79429615848,3,1,1,77037.1911414515,1
4635,33503255,Surname_4635,720,Spain,Female,42.0,1,128771.9427592835,1,1,1,63159.82466298014,1
4636,12383110,Surname_4636,410,Germany,Male,29.0,5,219192.82685968833,2,0,0,21227.047575921475,1
4637,31802883,Surname_4637,815,Spain,Female,40.0,3,103753.72778510198,1,1,0,98538.29506824378,1
4638,29326250,Surname_4638,674,Spain,Female,59.0,4,130364.67777885932,3,1,0,111758.04385008267,1
4639,26493614,Surname_4639,493,France,Male,50.0,5,225086.97704923927,2,1,1,83822.46487517894,0
4640,30801691,Surname_4640,755,France,Male,46.0,6,23932.678693561527,4,1,1,87524.68760918207,1
4641,25584670,Surname_4641,553,Spain,Male,48.0,1,230679.01509764238,2,1,0,46544.626132642436,1
4642,48039493,Surname_4642,679,France,Male,36.0,0,114222.98503639844,2,0,1,124155.21783259242,1
4643,57448907,Surname_4643,672,Spain,Female,47.0,2,37093.76083992411,1,0,1,44061.94658338653,0
4644,58247433,Surname_4644,443,Spain,Female,33.0,6,18661.735928747647,3,0,0,45123.911770850464,1
4645,15132944,Surname_4645,375,France,Male,29.0,9,3492.3350188947875,1,1,1,116213.01935177109,1
4646,51529181,Surname_4646,411,Germany,Male,56.0,7,142583.9873937373,3,1,0,30775.441739046717,1
4647,76153250,Surname_4647,520,France,Female,36.0,8,94217.35595152827,1,0,0,139017.01473915414,0
4648,62306022,Surname_4648,448,Germany,Female,22.0,7,175413.63515814027,3,1,0,24641.821845421084,0
4649,22993798,Surname_4649,798,Germany,Male,47.0,2,179753.7608617514,1,1,1,135820.71629526396,0
4650,52670797,Surname_4650,560,Spain,Female,58.0,9,125062.21340978035,1,0,1,147847.9091222354,0
4651,24259507,Surname_4651,590,Spain,Male,18.0,5,4310.984415464375,1,1,1,86273.60892221017,0
4652,87048286,Surname_4652,555,Germany,Female,21.0,1,74636.27010913918,4,1,0,76494.16044514046,0
4653,93294064,Surname_4653,470,France,Female,19.0,1,204133.56383474762,3,1,1,28247.71164147936,1
4654,56907763,Surname_4654,396,Spain,Female,26.0,3,123993.29412088322,3,1,0,123349.48331874763,0
4655,38828322,Surname_4655,601,France,Female,54.0,1,101566.4172066413,2,0,0,128910.18531009556,0
4656,49097610,Surname_4656,723,Germany,Female,42.0,0,13480.741345960058,1,0,1,20535.88865255992,0
4657,63686932,Surname_4657,616,France,Female,25.0,8,157711.37532565757,4,0,1,62408.41347709436,0
4658,66605325,Surname_4658,626,France,Female,42.0,4,57252.15156757704,3,0,0,121326.7716574035,0
4659,52976618,Surname_4659,733,Germany,Female,48.0,2,178545.1860652651,4,0,0,117865.23487552532,1
4660,16471284,Surname_4660,480,Spain,Female,38.0,5,59511.036968856926,1,1,0,60457.18351203157,0
4661,50347317,Surname_4661,599,Spain,Male,49.0,7,160187.45977694547,2,1,1,126512.0315609521,1
4662,81659677,Surname_4662,368,France,Male,28.0,2,195312.71964671783,3,1,1,147342.39925447004,0
4663,64624652,Surname_4663,518,Spain,Female,53.0,4,17665.523319404325,4,0,1,15459.376449385294,1
4664,87487194,Surname_4664,763,Spain,Male,25.0,0,24845.60067083616,1,0,1,71478.4946699006,1
4665,55139548,Surname_4665,488,Spain,Male,53.0,6,152203.41175661868,4,0,0,132939.13675309875,1
4666,83793945,Surname_4666,489,France,Male,24.0,1,155290.81879970408,2,0,1,46265.43191773338,1
4667,22339773,Surname_4667,701,France,Male,33.0,7,236585.7127726227,3,0,0,142191.95185844306,1
4668,54520173,Surname_4668,708,France,Female,52.0,4,26824.652161943242,3,1,0,70504.93797181832,1
4669,43597630,Surname_4669,781,Germany,Female,51.0,3,212930.17258347623,1,1,0,39201.34759021921,1
4670,17983352,Surname_4670,634,France,Male,58.0,7,238503.93276288616,4,1,0,39671.59908351461,1
4671,65933642,Surname_4671,443,France,Female,42.0,9,2394.635325788791,2,0,1,32237.28591159623,1
4672,57430374,Surname_4672,827,Germany,Female,34.0,5,192712.57494501997,1,0,0,84991.06216625967,1
4673,74353417,Surname_4673,450,Germany,Female,25.0,6,87821.67382608239,4,1,0,78767.68116095547,1
4674,34377984,Surname_4674,386,Germany,Female,41.0,6,185280.71079026032,2,0,0,115215.97559173698,1
4675,79180785,Surname_4675,580,Germany,Male,35.0,5,111896.68377392678,2,0,1,33791.168583803665,0
4676,87645530,Surname_4676,803,France,Male,51.0,2,26634.952130062673,4,0,0,126025.907777856,0
4677,38859158,Surname_4677,357,France,Female,52.0,4,109171.21961396029,3,0,0,113434.50172664678,0
4678,64607649,Surname_4678,638,France,Female,55.0,6,176740.9746307518,4,1,1,10309.320581796044,1
4679,68312263,Surname_4679,471,Germany,Male,33.0,4,43041.747419115425,1,0,0,148392.9248867282,1
4680,22764148,Surname_4680,780,Spain,Female,26.0,2,139097.66657717302,1,1,0,86219.6417597337,1
4681,44407146,Surname_4681,771,Spain,Male,55.0,9,71329.8352343159,2,0,0,123514.8125790539,1
4682,72769416,Surname_4682,684,Germany,,44.0,8,56337.263544846086,2,0,1,72148.88444060189,0
4683,45225683,Surname_4683,632,Germany,Female,29.0,4,12438.493385048238,4,1,0,71413.85524646174,0
4684,95619503,Surname_4684,549,Germany,Male,44.0,4,123678.91304752856,3,1,1,100246.6171420929,0
4685,92956573,Surname_4685,756,France,Male,55.0,2,121119.22013482818,3,1,1,145693.10255262637,1
4686,73199434,Surname_4686,791,France,Female,57.0,6,175795.23717466844,4,1,0,26212.401651666434,0
4687,72444554,Surname_4687,395,Spain,Female,49.0,8,14157.617248621134,4,1,1,31680.705914798036,1
4688,24979803,Surname_4688,811,Germany,Female,42.0,5,127832.76797372484,2,1,0,76770.25723996155,0
4689,19520390,Surname_4689,848,Spain,Male,29.0,6,23016.472953478777,4,0,1,66408.87151346955,1
4690,50228719,Surname_4690,593,Spain,Male,44.0,7,8838.749799973622,3,1,1,49183.29323316335,1
4691,97403170,Surname_4691,530,Spain,Male,27.0,6,183865.07253897906,3,1,0,18924.13208615405,0
4692,76688810,Surname_4692,442,Spain,Female,58.0,3,129658.78084714724,1,0,1,43709.086386966635,0
4693,66529787,Surname_4693,556,Spain,Male,50.0,3,52559.72331542416,1,1,1,21725.42676983948,0
4694,65891712,Surname_4694,663,Spain,Male,33.0,8,200578.79009210618,3,0,1,135694.72676695313,0
4695,67304178,Surname_4695,774,Spain,Female,42.0,8,145905.05270137635,1,0,0,144274.53203314784,0
4696,71918458,Surname_4696,591,Germany,Male,31.0,5,233936.85751498144,3,0,1,146255.53302908185,0
4697,69167352,Surname_4697,490,France,Female,26.0,0,174296.70194350192,2,0,0,98956.61893668122,0
4698,52435157,Surname_4698,439,Germany,Male,25.0,0,143668.03547634766,3,0,0,123820.4901201959,1
4699,80165151,Surname_4699,747,Spain,Female,27.0,0,233284.30714923085,2,1,0,70715.11776182297,1
4700,73785891,Surname_4700,574,France,Male,54.0,6,86845.40412210637,2,1,0,104863.58715013177,1
4701,52795796,Surname_4701,498,Spain,Female,42.0,4,169199.5362913294,4,1,1,55361.82441137898,0
4702,92361982,Surname_4702,684,Spain,Male,31.0,1,133755.9733211763,4,0,1,110396.98309223709,1
4703,40507381,Surname_4703,643,Germany,Male,31.0,3,65096.38890594763,4,0,0,51005.10520702221,0
4704,99889846,Surname_4704,423,Germany,Male,21.0,2,88004.79913986308,1,1,0,45608.41532729223,0
4705,61360871,Surname_4705,745,France,Male,27.0,1,38588.536805827054,4,1,1,80097.410713035,0
4706,74596777,Surname_4706,614,Germany,Male,19.0,0,33430.30735106986,3,1,0,114787.50487420925,0
4707,56413798,Surname_4707,760,Germany,Female,47.0,9,97207.30720088571,4,1,1,81754.26061194632,0
4708,76521537,Surname_4708,409,Spain,Male,36.0,5,209805.9455997467,1,0,0,68860.84432710003,1
4709,55926132,Surname_4709,643,France,Male,57.0,7,56240.78805877952,3,1,0,38317.859428247,0
4710,95050424,Surname_4710,417,Germany,Female,42.0,1,90795.88258511137,2,1,0,105655.29851998609,1
4711,66304563,Surname_4711,421,France,Female,59.0,4,29965.11316159839,2,1,0,78356.15517030611,1
4712,69500724,Surname_4712,440,Germany,Female,37.0,3,216214.67131754203,4,1,1,68084.65678117528,1
4713,15121962,Surname_4713,505,Spain,Male,56.0,5,49937.15718519598,4,0,0,65750.6622228534,0
4714,50122029,Surname_4714,754,Germany,Male,56.0,2,178670.2671039954,2,1,1,83407.68108304241,1
4715,67118211,Surname_4715,584,Spain,Male,36.0,9,133481.3282861437,2,0,0,56455.04034343831,1
4716,56252083,Surname_4716,695,Germany,Male,44.0,4,101659.34500177174,2,1,1,95676.55213131156,0
4717,62038711,Surname_4717,552,Spain,Female,54.0,7,163516.2463255324,3,0,0,85587.0602496348,0
4718,88283926,Surname_4718,738,Spain,Female,35.0,2,202497.74836279202,1,1,1,49779.95451618168,0
4719,57684580,Surname_4719,406,Germany,Male,41.0,9,82606.60536679249,4,1,1,126367.9708340454,1
4720,10338201,Surname_4720,740,Spain,Male,51.0,7,209994.01947182216,4,1,1,14994.18478103515,1
4721,16609271,Surname_4721,357,Germany,Female,27.0,7,174066.46391802418,1,1,0,78149.40920442695,1
4722,56245502,Surname_4722,590,France,Female,21.0,3,184016.96744874868,2,1,0,148359.43273648884,1
4723,41383924,Surname_4723,518,Spain,Female,47.0,5,176562.7509860974,2,0,1,123115.54426634306,1
4724,57521412,Surname_4724,799,Spain,Male,52.0,7,125530.18332622187,2,1,0,67962.79040381947,1
4725,90210611,Surname_4725,473,Spain,Female,53.0,5,235.79399823189794,2,0,0,76296.83713577276,1
4726,98655674,Surname_4726,583,Germany,Male,20.0,5,143194.78692897724,4,1,1,149477.25335363427,0
4727,41639032,Surname_4727,752,France,Male,24.0,6,49809.13150283842,3,0,1,23336.42814704823,1
4728,10301197,Surname_4728,762,France,Male,27.0,7,147064.06843996674,1,0,0,42259.47925472716,0
4729,88207741,Surname_4729,368,Spain,Male,41.0,8,212851.27624360405,1,0,0,124102.40997001695,1
4730,38344267,Surname_4730,721,France,Female,25.0,5,214378.35038094633,1,0,0,136564.1346282544,0
4731,99197950,Surname_4731,802,Spain,Male,21.0,9,31940.288103131348,1,1,1,115018.65418698796,0
4732,46955696,Surname_4732,511,Germany,Male,47.0,5,213020.8750366297,1,1,0,107902.70951008704,1
4733,92547242,Surname_4733,433,France,Female,27.0,5,199902.7540216389,4,0,0,81319.4303712495,0
4734,18358798,Surname_4734,491,France,Female,45.0,2,218407.02908110924,3,1,1,47160.973924120764,0
4735,13058897,Surname_4735,411,Spain,Male,39.0,0,110611.19052407614,1,1,1,75839.21036237464,0
4736,77827990,Surname_4736,835,Spain,Female,40.0,9,172115.43455973806,1,0,1,96692.7264770206,1
4737,56390770,Surname_4737,442,Spain,Male,45.0,8,202364.90576367048,4,1,0,87325.08086010892,1
4738,49035287,Surname_4738,546,Germany,Female,35.0,1,53977.96876658548,1,0,0,89432.67640329566,0
4739,78236225,Surname_4739,810,Germany,Male,58.0,8,179374.1548599076,4,1,1,118462.8491646218,1
4740,29043190,Surname_4740,801,Spain,Female,22.0,9,54502.05416441023,1,0,0,129847.86655027617,1
4741,28699857,Surname_4741,657,Spain,Female,44.0,1,155079.19464026575,2,1,0,65338.965872729874,0
4742,30665998,Surname_4742,796,Spain,,45.0,1,88320.09652913747,4,1,0,31397.129906007376,0
4743,43714807,Surname_4743,736,Spain,Male,48.0,2,233082.25716539225,3,0,1,18930.61430242641,1
4744,53337927,Surname_4744,491,France,Male,42.0,9,184850.34092197492,1,1,1,81016.31791062168,0
4745,53864951,Surname_4745,548,Germany,Male,45.0,3,64740.882850391754,3,1,1,133353.28795345986,1
4746,62978090,Surname_4746,788,France,Male,50.0,8,67366.16609932239,1,0,0,49431.09493658499,0
4747,85545990,Surname_4747,794,Germany,Female,25.0,5,104597.4181357599,3,0,0,103165.48311627304,0
4748,24196040,Surname_4748,805,France,Female,23.0,2,244156.96817532624,3,0,0,112723.3120343288,0
4749,74669798,Surname_4749,578,Spain,Male,26.0,7,90345.873476472,2,1,0,14170.875596806534,0
4750,25861135,Surname_4750,749,Germany,Male,24.0,7,154917.16366115471,3,0,0,119582.58108597682,1
4751,94932365,Surname_4751,657,Germany,Female,46.0,7,37643.88775653368,2,0,1,57800.67337730161,0
4752,29308588,Surname_4752,711,Spain,Female,55.0,4,121359.41564621769,4,1,1,103766.82895769562,1
4753,59638210,Surname_4753,659,Spain,,37.0,8,218051.28759331626,3,1,1,129742.39711727988,0
4754,19515039,Surname_4754,768,France,Male,42.0,7,140791.45697381432,2,0,1,145154.07989505844,1
4755,81950606,Surname_4755,622,France,Female,18.0,3,166697.3004119583,2,1,0,79306.04210974544,1
4756,69723155,Surname_4756,743,Spain,Male,30.0,5,132236.97166567732,3,0,1,57146.335652940026,0
4757,79468326,Surname_4757,519,France,Female,31.0,7,9503.343315394346,1,1,1,136924.83811104644,1
4758,56936269,Surname_4758,532,France,Male,44.0,3,108930.32705885616,2,1,1,19747.373606662833,1
4759,23195247,Surname_4759,692,Germany,Male,26.0,5,50076.79893288444,2,1,1,15547.9982285575,1
4760,72231140,Surname_4760,512,France,,42.0,5,78678.63753628504,2,0,0,42527.47049601133,0
4761,86057487,Surname_4761,497,France,Male,59.0,4,230412.76569685029,3,1,1,16005.354152385444,1
4762,82938276,Surname_4762,608,France,Female,28.0,5,3903.4029678748916,4,0,1,21340.336897469977,1
4763,38765556,Surname_4763,712,Germany,Female,46.0,0,217003.38613944282,3,0,0,129569.66495307068,1
4764,97718372,Surname_4764,376,France,Male,28.0,1,159198.6171905084,2,1,1,76955.70747115024,0
4765,67746025,Surname_4765,762,France,Male,39.0,2,16546.912998425258,4,1,0,110408.4351062068,1
4766,95327647,Surname_4766,567,Germany,Male,43.0,9,25825.210912971714,2,1,1,83822.63220415034,1
4767,32676146,Surname_4767,579,Spain,Female,25.0,5,21903.279784065755,1,0,0,87793.28767074042,1
4768,67381717,Surname_4768,553,Germany,Female,56.0,1,118911.98589042365,3,1,0,119683.8708709883,1
4769,13351800,Surname_4769,607,Spain,Female,22.0,2,8444.855162935388,2,0,0,143964.65537366347,1
4770,55228966,Surname_4770,433,France,Male,40.0,0,104463.11883770132,3,1,0,129286.117945696,1
4771,80416370,Surname_4771,616,Germany,Male,19.0,5,192688.55638684978,2,0,1,130079.0419104088,1
4772,22719703,Surname_4772,468,Germany,Female,38.0,0,167719.3035333266,4,0,0,11627.852379851995,0
4773,64357607,Surname_4773,661,Spain,Male,27.0,3,210737.42031944997,1,0,1,25662.33776466008,1
4774,65472224,Surname_4774,518,Spain,Female,44.0,6,156220.0985242448,1,0,0,112576.93031422357,0
4775,56025466,Surname_4775,555,Germany,Male,33.0,3,231284.86939536512,2,1,1,147767.83050620562,1
4776,39987879,Surname_4776,733,Spain,Female,47.0,0,39407.58930323274,4,1,0,32042.845584062565,0
4777,46187440,Surname_4777,405,Germany,Female,58.0,6,69297.48302737517,4,1,1,142375.9516712083,1
4778,77798843,Surname_4778,575,Germany,Male,23.0,8,3978.0640476198005,1,0,0,98680.28125458222,0
4779,39155112,Surname_4779,482,Germany,Male,54.0,7,52972.854219406065,3,0,0,149966.85932691646,1
4780,42345344,Surname_4780,371,Spain,Male,47.0,4,183475.98280187178,3,1,1,78898.75258792104,1
4781,64199691,Surname_4781,699,Spain,Female,25.0,2,85026.25281216309,1,0,1,120742.90780600089,0
4782,56110435,Surname_4782,771,Spain,Male,47.0,8,81186.70201143718,1,1,0,111739.9624365316,1
4783,17106172,Surname_4783,772,Germany,Male,21.0,9,11113.142162693712,3,1,1,74793.64780103837,0
4784,71749113,Surname_4784,476,France,Male,31.0,5,65569.00925424,4,1,1,24229.64125713986,0
4785,31343717,Surname_4785,375,Germany,Male,19.0,2,228868.3318044514,3,0,0,132376.76687912675,1
4786,65571768,Surname_4786,705,France,Female,34.0,0,1915.205480288812,4,1,0,136801.2875739307,1
4787,46782237,Surname_4787,644,Germany,Male,42.0,8,165407.51253778028,2,0,0,113323.53078949795,0
4788,57233420,Surname_4788,783,Germany,Female,34.0,5,211191.2094061135,4,0,0,44101.87644378422,0
4789,77900948,Surname_4789,743,Germany,Female,18.0,8,220722.36163274545,2,1,1,104976.22325186293,1
4790,44334506,Surname_4790,658,France,Male,23.0,7,149952.93745817096,3,0,0,72907.72527423421,0
4791,53892923,Surname_4791,374,France,Female,23.0,2,149217.22317014486,2,1,0,64112.50996103455,1
4792,16642333,Surname_4792,561,Germany,Male,30.0,8,28356.3752117324,4,1,1,73667.75941091709,1
4793,44318502,Surname_4793,599,Germany,Female,18.0,1,82640.86844619577,1,1,0,93138.53984095641,0
4794,37990998,Surname_4794,771,Spain,Female,40.0,4,88772.04375236772,4,0,1,44627.791604775106,1
4795,25565513,Surname_4795,397,Germany,Female,35.0,2,73160.65873304775,1,0,0,88706.30015009019,0
4796,96442751,Surname_4796,571,Germany,Female,20.0,6,196338.688317524,3,1,0,142590.59683539244,0
4797,13832450,Surname_4797,561,France,Female,35.0,0,97944.05363682851,1,0,1,53961.771342401975,1
4798,93012721,Surname_4798,537,Germany,Male,48.0,3,75457.79199563726,4,0,1,108020.27865577255,0
4799,29045979,Surname_4799,597,France,Female,43.0,7,105708.59622693984,2,1,0,18302.24178419963,0
4800,74201845,Surname_4800,504,Spain,Female,33.0,9,133859.63182720658,4,1,1,99059.34675524289,1
4801,53610835,Surname_4801,471,France,Male,24.0,6,121830.43888391304,2,1,1,65711.73628856515,1
4802,88763497,Surname_4802,844,France,Female,29.0,9,18239.38131386843,1,1,0,85406.82834210599,1
4803,65977953,Surname_4803,699,France,Female,23.0,0,38231.8063249395,2,0,0,32719.881370923424,0
4804,11285106,Surname_4804,415,Germany,Female,38.0,5,93682.87362548303,4,1,1,92427.70724741193,1
4805,11291311,Surname_4805,524,France,Female,18.0,5,79836.6832667425,4,0,1,63062.11202822876,0
4806,76976067,Surname_4806,714,Spain,Female,58.0,5,61139.19133947665,1,1,0,78005.03271120251,1
4807,42241337,Surname_4807,503,Spain,Male,26.0,4,93828.8514119573,1,1,1,120869.86174706806,0
4808,21178045,Surname_4808,785,Spain,Female,27.0,9,17629.77630755089,4,0,0,54230.28126946751,0
4809,17252363,Surname_4809,541,Spain,Male,39.0,2,195194.37966890735,2,0,1,50204.5141189049,0
4810,29882230,Surname_4810,625,Germany,Male,33.0,2,83958.54947203338,1,1,0,84549.48642673474,1
4811,89746580,Surname_4811,615,Germany,Female,35.0,7,149175.11804768,3,0,0,108313.31801318072,1
4812,80949962,Surname_4812,526,Germany,Male,53.0,2,68855.49891448881,4,1,1,37526.60694149582,1
4813,97534683,Surname_4813,701,France,Female,49.0,7,185015.5572534423,3,1,0,111634.50327432704,1
4814,13566505,Surname_4814,559,Spain,Male,31.0,5,217992.8246654634,3,0,1,112255.37798094716,1
4815,60632918,Surname_4815,837,Spain,Female,44.0,5,12352.002769782544,4,0,1,57638.20688496372,0
4816,68728365,Surname_4816,514,France,Female,35.0,5,79337.35577363726,2,0,1,128936.28402717813,0
4817,65299925,Surname_4817,580,France,Male,37.0,8,114972.8261909997,3,1,1,47958.69805199428,0
4818,88600756,Surname_4818,426,Spain,Female,29.0,3,113939.85897461853,1,1,1,24024.861680384598,1
4819,30019108,Surname_4819,547,France,Female,25.0,1,90398.95010638768,4,0,0,115170.41294559612,1
4820,97100052,Surname_4820,501,France,Male,48.0,9,1523.5292704955384,1,1,0,30097.960715057303,1
4821,15091219,Surname_4821,539,France,Male,31.0,1,136738.5996346723,3,0,1,145522.62876177896,1
4822,33334385,Surname_4822,378,Germany,Female,36.0,2,43188.856641431375,3,0,1,107164.91824509205,0
4823,78179194,Surname_4823,511,Spain,Female,52.0,4,18748.410648332105,4,1,0,47435.74203883195,0
4824,82533398,Surname_4824,524,France,Male,36.0,1,34169.1379118243,3,1,1,111002.1785007493,0
4825,70410027,Surname_4825,710,Germany,Male,22.0,0,146152.0614347892,1,0,0,24562.3362091508,0
4826,83210454,Surname_4826,648,Spain,Female,35.0,7,191652.84987653044,2,0,0,36470.34716330721,0
4827,32344986,Surname_4827,439,France,Male,18.0,7,234860.43164833108,4,1,0,123020.70423697197,1
4828,38248109,Surname_4828,766,Germany,Male,43.0,2,190694.20222984886,3,0,1,137904.90301593457,0
4829,91501929,Surname_4829,460,Germany,Female,34.0,3,194629.1139758709,4,1,0,124528.68745348229,0
4830,14509183,Surname_4830,745,France,Male,22.0,1,71772.53140892989,4,1,1,114429.9868187411,0
4831,72361357,Surname_4831,658,Spain,Female,25.0,9,246706.3858672945,2,1,1,43919.0089844523,0
4832,58977004,Surname_4832,836,Germany,Male,59.0,1,102007.09876620995,2,0,0,105384.74791571601,1
4833,58552867,Surname_4833,627,Germany,,28.0,4,228649.57605756237,3,1,1,13835.211620554326,0
4834,15183518,Surname_4834,367,France,Male,24.0,8,74304.71642132496,3,1,1,68594.96417426155,1
4835,65318615,Surname_4835,631,Spain,Female,42.0,8,165737.70139994714,4,0,1,40613.332172243754,1
4836,11973913,Surname_4836,711,Spain,Male,58.0,4,149838.66242181187,1,0,1,141929.58020834025,0
4837,11985606,Surname_4837,467,Germany,Female,29.0,3,106844.0961733148,2,1,0,33755.44241777843,0
4838,18775016,Surname_4838,813,Spain,Male,20.0,0,131290.22095539054,3,1,1,138177.49507526786,1
4839,72730165,Surname_4839,467,France,Female,26.0,7,224935.65288408278,1,1,0,31714.042246177112,0
4840,83432884,Surname_4840,713,France,Male,28.0,4,134498.27205590953,4,1,0,139167.1022881872,1
4841,81893829,Surname_4841,780,Germany,Male,30.0,9,165304.15425021967,4,0,1,122964.34037244023,1
4842,97077367,Surname_4842,608,Germany,Male,39.0,6,31065.86318622692,4,0,1,40654.781585834615,0
4843,38764780,Surname_4843,836,Spain,Female,40.0,9,99975.8089141046,2,1,0,103780.59476343478,0
4844,65966222,Surname_4844,814,France,Female,51.0,2,95350.92615534671,3,0,1,90939.16336205382,0
4845,30526741,Surname_4845,605,Germany,Male,47.0,8,172498.8535725971,4,0,1,147512.00656387792,0
4846,96203446,Surname_4846,635,Spain,Female,55.0,9,117533.72224843739,2,1,1,59928.24292520375,0
4847,96267934,Surname_4847,609,France,Female,44.0,6,52952.88598689823,1,1,1,81728.46372222948,0
4848,42064520,Surname_4848,795,France,Female,56.0,1,70197.63261891395,1,0,0,149583.23779532738,1
4849,71879134,Surname_4849,575,Germany,Male,20.0,3,22832.34400553949,3,0,1,118469.70655696472,0
4850,11735565,Surname_4850,769,Germany,,20.0,8,225646.3540892658,3,0,1,16731.577202668184,0
4851,48032306,Surname_4851,659,Spain,Male,28.0,9,204540.457726599,4,0,1,53206.798808321306,1
4852,27688394,Surname_4852,583,Spain,Male,27.0,1,221948.70114883105,4,1,0,127052.31822363452,1
4853,81664158,Surname_4853,615,Spain,Male,23.0,4,195801.91880687143,2,0,1,135841.15390846325,0
4854,16751518,Surname_4854,496,Germany,Female,51.0,9,58325.484482166736,1,1,0,29691.081796138795,1
4855,62529452,Surname_4855,737,Germany,Female,58.0,1,124180.49239276219,3,1,1,52083.90371378814,1
4856,32447693,Surname_4856,549,Spain,Male,28.0,0,113698.67811800657,1,0,0,89669.45641733852,0
4857,65420409,Surname_4857,493,France,Male,41.0,0,220817.07875420147,3,1,0,124499.76056555627,1
4858,22516092,Surname_4858,596,France,Female,42.0,6,139718.6488233615,1,0,0,101085.59803127659,0
4859,97430956,Surname_4859,736,Germany,Female,29.0,7,195871.77677119078,1,0,1,134330.34175080128,0
4860,64194989,Surname_4860,460,France,Female,44.0,8,237518.2455091132,1,0,1,20031.99957753422,0
4861,32718513,Surname_4861,572,Spain,Male,53.0,3,5717.829743850489,1,0,0,37049.57411056089,0
4862,45623553,Surname_4862,763,Germany,Female,54.0,8,59831.95813595951,2,0,0,52058.72284149148,0
4863,39823012,Surname_4863,508,France,Male,52.0,1,247793.55832756494,1,1,0,58395.97390332748,0
4864,91728521,Surname_4864,588,Germany,Female,52.0,5,80904.60056577656,4,0,0,81251.50581314444,1
4865,50459645,Surname_4865,602,Spain,Male,24.0,2,226979.69892901328,3,0,0,142170.03939891545,0
4866,13496990,Surname_4866,485,Spain,Male,26.0,6,141883.10335211642,1,1,0,133514.8111624755,0
4867,14205871,Surname_4867,450,Germany,Female,27.0,6,163832.72773121126,1,0,0,132415.3995074437,0
4868,10230238,Surname_4868,440,Germany,Female,23.0,3,181127.1091367153,2,0,1,79288.36575247109,0
4869,34200048,Surname_4869,756,France,Female,45.0,2,110052.92319571957,1,1,1,144079.44123370797,0
4870,58920353,Surname_4870,695,Germany,Male,37.0,2,242727.73571819745,3,1,0,149354.21771299353,0
4871,55339862,Surname_4871,660,Germany,Female,31.0,4,146150.59699588508,4,1,1,147011.89270070914,1
4872,99019218,Surname_4872,846,Germany,Female,54.0,8,203207.10173496214,1,1,0,123750.51198494721,1
4873,73759988,Surname_4873,554,Germany,Male,53.0,8,63255.94093522549,3,1,0,28381.135433859596,1
4874,99943147,Surname_4874,482,Spain,Female,20.0,9,52771.30295795088,1,1,0,65547.1446658439,1
4875,23032920,Surname_4875,403,Germany,Male,55.0,4,207032.32447916945,3,1,1,45681.133848501435,0
4876,14360655,Surname_4876,491,France,Female,36.0,8,207665.97003847055,1,1,0,79236.34720090732,0
4877,56893314,Surname_4877,475,Germany,Female,52.0,7,235237.35017675863,1,1,1,14020.780792589852,0
4878,73903577,Surname_4878,400,Spain,Female,27.0,5,42704.35316869009,3,1,0,115285.85006911235,0
4879,83227271,Surname_4879,710,Germany,Female,35.0,2,42519.16604814771,4,1,0,73166.86118727228,0
4880,27748089,Surname_4880,580,France,Male,19.0,9,86015.75574332992,2,0,1,90449.01161734384,1
4881,96016886,Surname_4881,795,Spain,Female,24.0,5,141308.63153197314,4,1,1,81332.92922734396,0
4882,28280783,Surname_4882,687,Spain,Male,37.0,6,27984.85951747845,4,1,0,28194.544130898266,0
4883,60396468,Surname_4883,592,France,Female,48.0,7,236988.75560997217,3,0,0,68598.31877557917,0
4884,82380626,Surname_4884,820,Spain,Male,55.0,9,118850.35328058418,1,1,0,28123.903792822923,1
4885,23676410,Surname_4885,778,Spain,Female,52.0,9,98185.71703928364,2,1,1,103041.03444947848,0
4886,20038610,Surname_4886,494,France,Male,31.0,7,118932.4038757871,3,0,0,113206.01369772722,0
4887,84517246,Surname_4887,448,Germany,Female,20.0,0,104278.87158253322,2,0,1,77493.37081766273,0
4888,15676250,Surname_4888,541,Germany,Female,35.0,0,121237.20955074416,2,1,0,105222.48452151443,0
4889,38953000,Surname_4889,516,Spain,Male,18.0,8,25586.750500904614,3,1,0,46351.25416159744,0
4890,83049718,Surname_4890,477,France,Female,24.0,3,234580.73469465843,1,0,0,119762.15099559791,1
4891,44141007,Surname_4891,692,Germany,Male,47.0,4,134419.10924265432,3,1,1,34776.23551886616,0
4892,27315424,Surname_4892,848,France,Female,51.0,0,221351.29308448668,2,1,1,15339.286318694489,1
4893,78494101,Surname_4893,556,Germany,Female,45.0,2,170000.79949629062,3,0,1,143025.4590061099,1
4894,33315993,Surname_4894,598,Germany,Female,21.0,3,195784.20884221868,3,1,1,12144.195074819865,0
4895,60801909,Surname_4895,566,Germany,Male,25.0,9,74772.67521776739,1,0,1,104740.44883689977,1
4896,92865860,Surname_4896,502,France,Female,52.0,9,96927.65478161594,3,1,1,116523.3780178722,0
4897,61910491,Surname_4897,523,France,Male,28.0,5,116895.93294303099,2,0,1,106474.20959839146,0
4898,25501162,Surname_4898,597,Germany,Male,56.0,6,74824.30150507577,1,0,0,77542.76210242244,1
4899,14834093,Surname_4899,631,France,Male,19.0,6,29386.85652984477,4,1,0,64676.72052931499,1
4900,37505679,Surname_4900,658,Germany,Female,41.0,4,231974.13258763336,2,1,1,97153.46212238865,0
4901,63767193,Surname_4901,423,Germany,Male,23.0,3,180793.37130965965,4,0,0,115125.73462824346,0
4902,32667406,Surname_4902,586,Germany,Female,44.0,5,234076.69530724088,1,0,1,145112.11349530978,0
4903,74416614,Surname_4903,385,Spain,Female,35.0,6,153692.78409531343,4,0,0,29916.40896596682,0
4904,42908539,Surname_4904,415,Germany,Female,43.0,6,122759.65633733482,4,1,1,134377.70765341193,0
4905,58496624,Surname_4905,697,Germany,Female,23.0,7,185192.3736096818,3,1,0,74554.17281135937,1
4906,31108506,Surname_4906,543,Spain,Male,19.0,3,156797.322563261,2,1,1,128293.67502207063,0
4907,12107506,Surname_4907,747,Germany,Female,43.0,7,195148.8546615856,3,0,1,140338.6545301376,1
4908,78579221,Surname_4908,652,Germany,Male,56.0,9,39956.18144595711,4,1,0,129306.14766826389,0
4909,67634766,Surname_4909,394,Germany,Female,33.0,8,18069.36216053187,3,1,0,88209.6756703998,0
4910,93127989,Surname_4910,717,France,Female,19.0,7,169072.52544461496,4,0,0,31264.213048994912,0
4911,37621035,Surname_4911,804,Germany,Male,38.0,6,47068.875362784675,1,0,0,136419.05927747057,0
4912,40419119,Surname_4912,745,France,Female,25.0,1,49340.73582395701,3,1,1,47657.10874801979,0
4913,47380415,Surname_4913,492,Germany,Female,44.0,2,233762.83850686415,4,0,0,105346.63193178788,1
4914,74598855,Surname_4914,415,Germany,Male,32.0,0,172555.55674044674,1,0,0,81242.49597784466,0
4915,12572013,Surname_4915,415,Germany,Male,52.0,5,159767.167255786,3,0,1,138524.35075976944,1
4916,52718579,Surname_4916,540,France,Female,45.0,1,57145.122929867866,2,1,0,10873.31729830468,1
4917,25527055,Surname_4917,780,Germany,Female,55.0,0,182800.59914254778,1,0,0,98898.30910653954,0
4918,23849888,Surname_4918,433,Germany,Female,57.0,4,139545.74659156578,1,0,0,23053.84828093666,1
4919,55653632,Surname_4919,646,Spain,Male,27.0,6,235207.79505506306,3,1,1,148496.25010735373,1
4920,40288037,Surname_4920,435,Germany,Female,18.0,3,124207.64473745915,3,1,0,81182.60763550996,0
4921,32059181,Surname_4921,462,Spain,Male,18.0,3,126033.30409495422,4,1,1,91370.97778670136,0
4922,36759188,Surname_4922,398,France,Male,47.0,9,176345.7809448093,3,1,1,16226.592737872295,1
4923,64726864,Surname_4923,540,Germany,Female,37.0,0,238767.42657057932,1,1,0,83954.25157471438,0
4924,68832021,Surname_4924,447,France,Female,19.0,3,130879.08775744041,1,1,0,49202.61639781988,1
4925,60072910,Surname_4925,552,Spain,Female,25.0,1,236168.94233992323,2,1,0,140032.19541949523,0
4926,72549641,Surname_4926,488,France,Male,51.0,4,189906.98699111035,3,1,0,125956.08504160668,1
4927,39409572,Surname_4927,570,Germany,,35.0,3,200884.62698786458,1,1,0,50572.52673057866,0
4928,54942373,Surname_4928,586,Germany,Female,29.0,0,209145.24198135606,4,0,0,121776.12111673258,0
4929,39302804,Surname_4929,360,France,Female,20.0,5,75339.91346497227,2,1,0,46847.89648208917,0
4930,64105829,Surname_4930,686,Germany,Male,54.0,4,244679.55634404652,3,1,1,18404.01707919911,1
4931,98300468,Surname_4931,711,Germany,Female,27.0,1,128080.5802462646,2,0,1,127179.5160954244,1
4932,19927120,Surname_4932,505,Spain,Female,31.0,3,191830.47029549457,2,0,1,16808.38508852395,0
4933,71417856,Surname_4933,381,Germany,Male,54.0,1,78200.68378740158,4,1,1,38561.8931621902,1
4934,69233172,Surname_4934,485,France,Female,48.0,2,196084.8868567146,2,0,0,70323.37856270012,0
4935,29074084,Surname_4935,443,France,Female,28.0,2,169284.64383467849,4,0,1,65307.15615523046,1
4936,33476809,Surname_4936,660,France,Female,33.0,2,241640.91538675776,3,1,0,24497.435460374072,1
4937,60638920,Surname_4937,574,Germany,Male,52.0,9,193051.01828322012,2,0,1,114092.55511598867,0
4938,37148957,Surname_4938,608,Spain,Male,37.0,6,127815.82156599392,4,1,1,119552.17240954765,1
4939,32148634,Surname_4939,576,Spain,Male,19.0,6,223249.51328769187,2,1,0,59466.58611869927,1
4940,66860958,Surname_4940,597,Spain,Male,25.0,1,137397.23315535372,2,0,0,65320.53048050249,0
4941,91988398,Surname_4941,369,Germany,Female,38.0,2,31115.200179830106,3,0,0,109486.78280070705,1
4942,99802508,Surname_4942,756,Germany,Female,57.0,9,29201.60828880808,4,0,0,59033.58624972165,0
4943,50188821,Surname_4943,497,Germany,,54.0,7,239252.36686694474,2,0,0,146600.4929222152,0
4944,47742150,Surname_4944,431,Spain,Female,49.0,7,244857.0059056196,2,0,0,77907.54082723249,0
4945,93318754,Surname_4945,676,Spain,Female,57.0,9,95424.00010984631,1,1,1,86367.16205422618,0
4946,43656872,Surname_4946,688,France,Male,21.0,5,242410.263766921,2,0,1,147308.49081052662,0
4947,81363216,Surname_4947,494,Germany,Male,58.0,1,126750.6334682252,4,0,1,135900.77528447867,0
4948,55766797,Surname_4948,688,Germany,Male,24.0,0,20684.97185959417,3,1,1,92925.47183989728,1
4949,76237535,Surname_4949,630,France,Male,22.0,2,219108.6386728686,2,0,1,52152.601032775834,1
4950,34786105,Surname_4950,689,Germany,Male,59.0,8,232964.8797166303,3,0,1,97578.20175480332,0
4951,84526439,Surname_4951,476,Germany,Male,59.0,7,179213.91735191803,2,1,1,69231.08907578909,0
4952,64864649,Surname_4952,621,Germany,Female,53.0,9,94866.49013085804,4,0,0,113299.90322603316,0
4953,66979052,Surname_4953,641,Spain,Female,38.0,9,127346.13294048658,4,1,1,101477.87185270843,0
4954,13706668,Surname_4954,660,France,Male,28.0,0,229099.18728777146,2,1,1,62595.870770894624,1
4955,59523707,Surname_4955,817,France,Female,57.0,4,247591.65812304826,1,1,0,138301.09212685184,1
4956,92689533,Surname_4956,440,Spain,Male,47.0,8,15374.075520856733,4,1,1,71061.14713929023,0
4957,50832917,Surname_4957,647,France,Female,40.0,3,95913.87420894972,2,0,1,140827.3457183696,0
4958,55573072,Surname_4958,559,Germany,Female,18.0,2,87477.00906921926,4,0,1,119249.9505691065,0
4959,80766815,Surname_4959,707,Germany,Male,19.0,0,41425.36647220824,4,1,0,20813.64079166176,1
4960,19117072,Surname_4960,649,Spain,Female,43.0,9,237221.85259655057,4,0,1,132809.40358418663,0
4961,24191680,Surname_4961,407,Germany,Male,32.0,7,132439.29527125962,3,1,0,80813.54994860817,1
4962,82948493,Surname_4962,528,France,Male,51.0,3,73461.91479398722,1,1,1,109359.01921834121,1
4963,12420990,Surname_4963,379,Spain,Male,31.0,2,124232.19018781336,3,0,0,19995.02398799316,0
4964,32936720,Surname_4964,754,Germany,Female,59.0,0,121614.72689909166,1,0,1,21855.408613223422,0
4965,89095598,Surname_4965,657,Germany,Male,55.0,0,219722.31777730925,2,1,1,114747.90442677875,1
4966,57098529,Surname_4966,777,France,Female,25.0,3,128419.99413069998,2,1,1,116734.0723877846,0
4967,23172252,Surname_4967,633,Spain,Male,43.0,4,211303.4552782923,3,1,1,70492.13233052037,0
4968,22327412,Surname_4968,735,Germany,Male,20.0,6,48702.81620494782,4,0,0,95087.58211655877,0
4969,20002424,Surname_4969,682,Spain,Male,23.0,8,135882.87720018148,3,0,0,134939.2959572418,1
4970,58340748,Surname_4970,598,Germany,Male,29.0,2,74498.93606474248,4,1,0,18744.647948856058,0
4971,90291855,Surname_4971,468,Spain,Male,28.0,4,39253.20783631556,4,0,0,83000.80508302736,0
4972,32396049,Surname_4972,674,Germany,Female,39.0,6,108110.72785225017,4,0,0,110385.86294620344,1
4973,29748711,Surname_4973,643,France,Male,41.0,8,1873.6157384398045,4,1,1,37603.68516644444,1
4974,26134431,Surname_4974,821,France,Female,52.0,3,137893.90140894888,2,1,1,103828.31103306342,1
4975,99233895,Surname_4975,791,Germany,Female,25.0,2,14208.71656145295,3,1,0,26295.433285375148,1
4976,65285609,Surname_4976,543,Germany,Female,32.0,5,82966.7184019296,3,0,1,41669.11714714589,0
4977,55348690,Surname_4977,437,Spain,Female,32.0,6,71712.06151378725,1,0,0,58906.29061424499,0
4978,52497655,Surname_4978,371,Germany,Male,55.0,1,201389.09280684657,2,1,0,138912.8461986257,1
4979,99259323,Surname_4979,608,Germany,Female,37.0,5,246760.2711370655,4,1,0,110981.07788320922,1
4980,10656196,Surname_4980,511,Spain,Male,40.0,8,228805.95497737598,3,0,0,116258.50904764101,1
4981,78264095,Surname_4981,562,France,Male,53.0,5,139251.85197028122,2,1,1,36914.04752869046,0
4982,59847390,Surname_4982,374,France,Female,46.0,7,136754.60947561407,3,1,1,125031.15056726101,1
4983,52241012,Surname_4983,374,France,Female,29.0,5,57343.47419316715,3,0,0,48019.24860409689,0
4984,80880164,Surname_4984,558,Spain,Female,40.0,0,181426.12018546413,3,1,1,132453.14252346207,0
4985,76906227,Surname_4985,379,Germany,Male,28.0,7,183568.97475316754,3,1,1,18510.095663883963,0
4986,33618806,Surname_4986,493,Germany,Female,20.0,3,91035.19236223295,2,0,0,31299.710406475104,1
4987,57813355,Surname_4987,773,France,Female,19.0,4,225321.19169670923,4,1,1,31284.508747496555,1
4988,38378184,Surname_4988,689,France,Female,54.0,0,29202.14897538509,2,1,1,91515.30636043717,1
4989,32495415,Surname_4989,843,Spain,Male,21.0,5,227318.63324739208,2,0,0,102579.197544971,1
4990,50508898,Surname_4990,469,Germany,Male,24.0,3,220683.93522468352,3,1,0,106085.5339781048,0
4991,91145661,Surname_4991,372,Germany,Male,21.0,1,209960.65524755104,4,1,1,103047.24770486068,0
4992,57582890,Surname_4992,377,France,Female,54.0,9,237396.25149501063,2,0,1,110588.46188926815,0
4993,29628031,Surname_4993,526,Germany,Female,19.0,6,169236.27198937043,3,0,1,41366.904032129605,1
4994,24627216,Surname_4994,616,Spain,Male,19.0,5,109801.91482012765,4,0,1,145303.65649956567,1
4995,24768281,Surname_4995,553,France,Male,47.0,6,154633.32747049272,1,1,0,130795.75071343452,1
4996,13640762,Surname_4996,386,Germany,Male,33.0,4,83778.72820564822,3,1,1,60111.160901740244,1
4997,37906309,Surname_4997,614,Spain,Male,45.0,9,91004.987572707,3,0,1,88644.54643515074,1
4998,73279700,Surname_4998,789,France,Male,24.0,4,205752.77618614628,2,1,1,15669.025839159627,0
4999,85978065,Surname_4999,655,Spain,Female,46.0,2,178559.5709408358,2,0,1,61032.152664893205,1
5000,95462020,Surname_5000,389,Spain,Male,53.0,9,60861.86131898091,1,0,1,133864.66343855613,0
5001,79228460,Surname_5001,358,France,Male,29.0,5,175187.29437068937,3,0,0,88180.87539156654,1
5002,84923723,Surname_5002,572,Germany,Female,23.0,0,14729.345290797974,2,1,1,146470.59121641322,1
5003,30903289,Surname_5003,802,Spain,Male,59.0,3,203574.12945726636,3,1,1,144926.36133690816,1
5004,27487475,Surname_5004,680,France,Female,26.0,7,129093.03611769743,3,0,0,146263.61755381094,0
5005,36143178,Surname_5005,811,Germany,Male,50.0,7,49071.538020287575,2,0,1,83446.93015721154,1
5006,59734253,Surname_5006,648,Germany,,33.0,7,57434.150168485496,2,1,0,41879.0412856129,1
5007,12825136,Surname_5007,718,Germany,Female,36.0,3,218097.8588616143,1,0,0,93812.14585926109,1
5008,13232260,Surname_5008,473,Germany,Male,54.0,2,142214.44540887946,4,0,0,123866.95566702531,0
5009,83471147,Surname_5009,736,France,Male,50.0,9,208639.38169278385,1,0,0,122602.4968197945,0
5010,87800165,Surname_5010,585,France,Male,33.0,6,37189.63133391995,3,1,0,36662.946632591105,1
5011,61555642,Surname_5011,682,France,,28.0,4,231013.13223152907,1,0,1,113484.0275026222,0
5012,24553698,Surname_5012,772,France,,40.0,3,164992.9319515679,3,1,1,24175.2236206897,1
5013,14411954,Surname_5013,738,Spain,Female,27.0,0,190923.49112510178,4,1,1,67660.72418334708,1
5014,73240174,Surname_5014,532,Spain,Female,56.0,4,22071.89392426684,1,1,1,68694.65196620212,1
5015,58657794,Surname_5015,423,Germany,Male,24.0,2,22810.204483483754,1,1,1,49754.268168539675,1
5016,78098336,Surname_5016,397,France,Female,32.0,5,49938.863121786606,4,1,1,76901.37215784188,1
5017,16756908,Surname_5017,475,France,Female,58.0,0,121280.9053342917,4,1,1,31302.17281163111,1
5018,48868031,Surname_5018,800,Germany,Male,29.0,8,131024.33129081345,1,1,1,12671.06926861378,0
5019,58784896,Surname_5019,499,France,Male,55.0,9,249699.6724364747,3,1,0,80687.07533672935,1
5020,25259289,Surname_5020,513,Spain,Male,35.0,4,74323.09781382023,1,0,1,122715.66829442448,1
5021,59723593,Surname_5021,587,Germany,Male,33.0,4,61427.23112208362,3,0,1,88074.9950420189,0
5022,72103811,Surname_5022,412,Spain,Male,23.0,4,193111.4602596989,4,0,0,89873.94394448028,1
5023,75185738,Surname_5023,784,Germany,Male,27.0,6,3254.8242340811885,3,1,0,42833.90881527399,1
5024,63293593,Surname_5024,424,Germany,,31.0,3,55569.773980101796,3,0,1,112687.29356454234,0
5025,93355155,Surname_5025,455,France,Male,45.0,3,101260.31466920387,1,1,0,70368.01757225725,1
5026,11716926,Surname_5026,423,France,Female,41.0,5,167262.69057554315,2,1,1,58625.236029579384,0
5027,30807344,Surname_5027,425,Germany,Female,47.0,3,53612.216866849114,2,0,0,27822.28118611137,0
5028,93236694,Surname_5028,391,France,Female,35.0,6,53853.63602574328,4,1,0,126714.92716349295,1
5029,75889697,Surname_5029,827,Spain,Female,55.0,8,139200.333089791,2,1,0,32128.27155064249,0
5030,32254783,Surname_5030,537,Germany,Male,26.0,9,85257.79433521954,2,0,0,73895.03406154794,0
5031,23355350,Surname_5031,405,France,Male,43.0,5,203769.60625785374,2,1,1,78371.91064564479,0
5032,53148952,Surname_5032,626,Germany,Female,24.0,4,104446.64953742041,1,1,1,70479.68096589245,0
5033,30720669,Surname_5033,713,France,Female,25.0,5,236374.00000416263,3,1,1,131982.0196365015,1
5034,48101468,Surname_5034,421,France,Female,51.0,7,178845.82700126394,2,0,0,118730.08523581063,0
5035,31205274,Surname_5035,423,France,Male,25.0,4,97462.55607716003,2,0,0,25799.317676913295,0
5036,24048462,Surname_5036,733,Germany,Male,19.0,2,199833.4314589266,1,0,0,144945.16311888903,0
5037,94517390,Surname_5037,828,France,Female,22.0,8,136973.80612090885,2,0,1,17528.26398904258,0
5038,35988310,Surname_5038,547,Germany,Female,46.0,5,142327.28116064583,4,1,1,136237.34949095297,1
5039,19247971,Surname_5039,414,France,Male,51.0,7,148847.57626187502,1,1,0,45668.02494862935,1
5040,41198166,Surname_5040,368,Germany,Male,44.0,5,112642.01519156621,4,1,1,103651.61536433743,0
5041,67566886,Surname_5041,732,Spain,Female,50.0,7,167050.59126111877,3,0,0,69041.60872839596,0
5042,13052441,Surname_5042,649,Spain,Male,53.0,4,85228.74542611123,3,1,0,134360.72875213117,0
5043,86459586,Surname_5043,793,Spain,Male,47.0,4,159195.73442498586,3,1,1,111554.77470635394,0
5044,38806702,Surname_5044,661,Spain,Female,21.0,5,214023.78881119422,1,1,0,45944.380561712154,1
5045,55929558,Surname_5045,481,Germany,Female,24.0,5,130721.11441738912,4,0,1,140049.95272416127,1
5046,23292231,Surname_5046,500,Spain,Male,36.0,1,40897.21551574935,1,0,0,143819.92569825004,1
5047,39434650,Surname_5047,827,France,Female,57.0,0,241763.80980172128,2,0,0,41022.702055380956,1
5048,80456677,Surname_5048,627,France,Female,21.0,0,28086.16511518397,3,1,0,20705.697866896142,0
5049,28419927,Surname_5049,776,France,Female,58.0,4,206363.95740796777,4,0,1,37989.37732082961,0
5050,57618997,Surname_5050,702,Germany,Female,31.0,8,153845.5863483527,3,0,0,18343.136746419827,0
5051,60220294,Surname_5051,523,Germany,Female,32.0,5,49241.52128375886,3,1,0,24676.305059536186,1
5052,30882013,Surname_5052,431,France,,22.0,3,82516.8622081175,1,1,0,88302.85436061738,0
5053,36729068,Surname_5053,775,France,Male,23.0,5,238061.8090526504,4,0,0,104238.09601625676,0
5054,49024936,Surname_5054,799,Germany,Female,20.0,3,223203.8755439064,4,0,0,115243.97499845,0
5055,77327958,Surname_5055,450,Spain,Male,38.0,8,143691.65268953735,1,0,1,39959.923527240506,0
5056,72626316,Surname_5056,501,Germany,,55.0,7,174518.15277805063,4,1,1,69378.42338628108,0
5057,58540301,Surname_5057,651,Spain,Male,49.0,3,191942.83195481435,2,1,1,66722.76851757726,1
5058,50114912,Surname_5058,824,Germany,Female,56.0,7,68274.9441916628,4,1,1,136761.32178494718,1
5059,12280288,Surname_5059,726,France,,43.0,8,2200.267402608702,1,1,0,73498.42435843096,0
5060,22355083,Surname_5060,835,Germany,Male,40.0,7,130672.43964392964,4,0,0,109511.72321323343,0
5061,67210000,Surname_5061,790,France,Female,59.0,4,151633.92434086266,2,0,0,148683.39740924703,1
5062,94540337,Surname_5062,674,Germany,Male,26.0,9,176463.29742000237,1,1,1,77026.04493805829,1
5063,62353248,Surname_5063,562,France,Male,36.0,8,28820.88110808434,3,1,0,94130.27613872201,1
5064,36252386,Surname_5064,447,Germany,Female,19.0,2,166241.5851108078,1,1,1,142684.45011274246,0
5065,68808781,Surname_5065,783,France,Female,21.0,0,193699.6048861676,1,0,1,123903.42183858549,1
5066,78574646,Surname_5066,357,Germany,Male,21.0,2,7273.9402850910965,3,1,0,117412.8054127588,1
5067,14788093,Surname_5067,698,Spain,Male,37.0,7,51449.08260956219,1,1,1,80189.95486058919,1
5068,16783517,Surname_5068,824,Spain,Male,44.0,9,204694.93080367515,2,0,1,130775.05981359759,1
5069,47028550,Surname_5069,415,Spain,Male,59.0,2,43813.97916714216,1,0,0,11057.159448353637,1
5070,58652825,Surname_5070,699,France,Female,31.0,9,64458.89781852005,3,0,0,42535.155274295954,0
5071,98959627,Surname_5071,393,Germany,Male,38.0,2,158564.87215022015,3,0,1,89225.51905347657,0
5072,61683856,Surname_5072,806,France,,50.0,7,135274.20227026037,2,1,0,128140.64280197224,1
5073,69272123,Surname_5073,790,Germany,Female,39.0,3,126688.81554844197,1,0,0,124920.75042352597,0
5074,98035014,Surname_5074,841,France,,28.0,1,16728.376591472723,3,1,0,144380.57042474457,0
5075,95459710,Surname_5075,654,France,Female,43.0,4,137238.96043464236,2,0,0,69634.54128404356,0
5076,17282281,Surname_5076,552,Spain,Male,25.0,5,120393.57698996513,1,1,0,70334.383430623,1
5077,26441502,Surname_5077,678,Spain,Male,26.0,7,7233.242069832946,1,0,0,90439.07521205147,1
5078,17009892,Surname_5078,827,France,Female,55.0,4,106034.98457602473,4,0,0,32036.795611183603,0
5079,93056115,Surname_5079,674,Spain,Female,26.0,2,204415.6348833406,3,0,1,27489.146667094905,1
5080,86405433,Surname_5080,698,Germany,Female,30.0,8,220744.2878088055,1,0,0,95892.4009142485,1
5081,88169266,Surname_5081,512,Germany,Female,30.0,6,117106.84978323702,3,1,1,47745.51332459474,0
5082,93653397,Surname_5082,551,France,Male,24.0,5,220789.26517912906,3,0,0,146145.48769907572,1
5083,18966072,Surname_5083,792,Spain,Female,47.0,7,152642.00243633916,4,0,1,65944.6034189653,0
5084,10255176,Surname_5084,783,France,Male,41.0,1,77467.00381685859,3,0,1,70389.42268196882,1
5085,84105607,Surname_5085,779,France,,27.0,3,10053.051349395824,4,0,0,80351.15179915878,0
5086,43295272,Surname_5086,748,France,,57.0,6,143535.0048565273,1,1,1,12154.427721573935,0
5087,62283506,Surname_5087,421,France,Male,41.0,0,113602.87710797712,1,1,1,119820.03889734716,1
5088,75531581,Surname_5088,411,Germany,Female,42.0,8,156623.36257192204,4,0,0,118422.10443718574,0
5089,16482461,Surname_5089,805,Spain,Female,43.0,2,105833.83349531192,4,1,1,81950.9062396349,1
5090,13812635,Surname_5090,423,France,Male,39.0,2,74697.41787736192,2,0,1,114982.34903398664,1
5091,59412892,Surname_5091,792,France,Male,18.0,1,68736.82462198118,1,1,0,140742.93629625445,1
5092,58190081,Surname_5092,383,France,Male,52.0,7,40364.3049256392,3,1,1,109113.7949193655,1
5093,27124589,Surname_5093,460,Spain,Male,44.0,9,47817.5362406402,1,0,0,78967.65556289598,1
5094,23335985,Surname_5094,492,France,Female,21.0,3,180925.95601250682,4,1,0,115789.25461861124,1
5095,11624989,Surname_5095,404,France,Female,19.0,1,44858.83236511304,2,0,0,44576.13471366302,0
5096,18428895,Surname_5096,425,France,Female,54.0,7,83978.64805040875,1,0,0,119787.50590369357,1
5097,29405520,Surname_5097,727,France,Male,51.0,9,169196.21417578665,2,0,1,61418.74921268796,0
5098,88346531,Surname_5098,653,Germany,Female,22.0,5,10708.793175017272,2,1,1,66739.48502091324,1
5099,55751386,Surname_5099,433,Germany,Male,55.0,1,227874.04263498707,4,0,1,41130.86620269666,1
5100,33711653,Surname_5100,630,Germany,Male,48.0,5,48830.381450636836,4,1,1,143982.73255879106,0
5101,39452376,Surname_5101,591,Spain,Male,27.0,1,96777.7917538285,2,1,0,116012.89904187222,1
5102,64409150,Surname_5102,438,Germany,Female,47.0,0,138665.4313420981,1,0,0,68173.4162841173,0
5103,96019951,Surname_5103,688,Spain,Male,55.0,4,76281.90400405404,4,0,0,144193.4259344847,1
5104,23723182,Surname_5104,835,Spain,Female,47.0,5,87041.22469275696,3,0,1,53938.43062553408,0
5105,59477232,Surname_5105,836,France,Female,37.0,2,240955.6023686087,1,1,1,133632.9796534393,0
5106,93196374,Surname_5106,388,Germany,Female,35.0,0,42229.027622091045,4,1,1,144908.34080219414,1
5107,81140997,Surname_5107,743,France,Female,45.0,1,202928.2383402774,2,0,1,121619.97933237997,1
5108,64071362,Surname_5108,438,France,Male,24.0,3,193847.75495121148,3,0,1,103163.21563587393,1
5109,83014565,Surname_5109,509,France,Male,39.0,7,110917.12245970836,3,0,1,32907.56906202034,0
5110,68573931,Surname_5110,591,France,Female,40.0,4,64034.6527212349,3,1,1,53610.78194592001,1
5111,97896039,Surname_5111,714,Spain,Male,59.0,5,55015.880711389575,4,0,1,15170.461296450985,0
5112,54441115,Surname_5112,357,Spain,Female,40.0,9,118247.12770917942,2,0,0,13681.47008607952,0
5113,50597220,Surname_5113,491,France,Female,22.0,2,27561.80510306325,3,1,0,100618.70991374498,1
5114,31640491,Surname_5114,760,Germany,Female,31.0,5,20663.847772785626,1,1,1,75582.49771382303,1
5115,20462433,Surname_5115,473,Spain,,56.0,9,71239.6140117423,4,1,0,101919.60085830145,0
5116,40077310,Surname_5116,614,Germany,Male,43.0,3,77764.63596839714,3,1,0,144911.10576874277,0
5117,89223226,Surname_5117,544,Spain,Male,26.0,5,24012.829573437728,1,0,1,121634.49095682816,1
5118,99311975,Surname_5118,686,France,Female,37.0,7,222899.35362457522,2,0,1,88116.81767294196,0
5119,66666647,Surname_5119,747,Germany,Female,20.0,8,185752.42147783734,3,0,0,105028.38141358078,1
5120,22214009,Surname_5120,763,France,Female,59.0,8,157201.36737626404,3,1,0,84819.82979430254,1
5121,56017797,Surname_5121,407,Germany,Female,58.0,2,135294.29646036733,4,0,0,119353.9141091336,0
5122,18353161,Surname_5122,380,Germany,Male,20.0,2,79222.06491255654,3,1,0,145952.98755977067,1
5123,62450561,Surname_5123,672,France,Male,29.0,9,120478.72694101636,4,0,0,38079.15405454651,1
5124,96219618,Surname_5124,785,Germany,Male,33.0,8,102208.59536411855,2,1,1,23145.442506396634,0
5125,43178331,Surname_5125,375,Spain,Male,58.0,3,17616.117673536075,3,1,0,107975.61786131331,1
5126,74988565,Surname_5126,738,Germany,Male,18.0,3,240479.10423351292,1,1,0,111884.83154236533,0
5127,98638146,Surname_5127,792,France,Male,39.0,6,102153.2801009166,4,1,0,100039.83954827457,0
5128,52479877,Surname_5128,488,Spain,Female,48.0,4,113209.4592717889,1,0,0,116683.84076257539,1
5129,19707951,Surname_5129,355,Germany,Female,36.0,3,6488.095875458733,4,0,0,60337.12982400695,0
5130,40507277,Surname_5130,371,France,Male,44.0,0,57589.28056927365,1,0,1,62644.71532413877,0
5131,98049804,Surname_5131,462,Germany,Female,45.0,6,78365.50213100738,3,0,0,145134.52348122737,1
5132,60184022,Surname_5132,811,Germany,Male,21.0,4,77190.54743184222,1,0,1,33248.85524965591,1
5133,54034943,Surname_5133,366,Germany,Female,28.0,4,223789.40242551165,3,1,0,120628.15220400812,0
5134,62007604,Surname_5134,408,France,Female,54.0,6,195409.44151283478,1,0,1,47217.833306114895,0
5135,40269470,Surname_5135,772,Germany,Female,54.0,6,35671.996661859135,2,0,1,91275.07184934588,1
5136,22463547,Surname_5136,743,France,Male,39.0,1,131339.63977145747,1,0,1,95995.92506333238,0
5137,26673574,Surname_5137,383,France,Female,51.0,3,238962.69911497302,1,0,0,50888.51723081397,1
5138,32398306,Surname_5138,360,Spain,Female,32.0,8,243702.45718977167,2,0,1,107278.42590354304,0
5139,88933208,Surname_5139,517,France,Male,22.0,7,40655.82306108195,4,1,1,91671.70811998317,1
5140,17642530,Surname_5140,715,France,Male,41.0,3,248699.38327509802,3,0,0,64987.219345642545,0
5141,83337606,Surname_5141,743,Spain,Female,49.0,4,210399.6265138478,1,1,0,47168.544138529396,1
5142,71716762,Surname_5142,726,Germany,Male,56.0,2,68419.79818986446,3,1,0,113971.0287496069,0
5143,24300781,Surname_5143,675,France,Male,41.0,2,203249.51155201712,3,1,0,125902.49891491278,0
5144,13178755,Surname_5144,608,France,Male,25.0,5,147610.0140013227,2,0,1,37341.39259652949,1
5145,64726800,Surname_5145,437,Spain,Male,25.0,8,209638.79824595587,4,1,1,118403.02811052947,1
5146,66124307,Surname_5146,497,France,Female,44.0,4,223678.76122505323,2,0,1,59265.2954977486,1
5147,90581753,Surname_5147,664,France,Female,43.0,5,96749.5077369116,4,0,1,101905.52615583874,0
5148,76754798,Surname_5148,533,Spain,Female,57.0,6,3311.5901510338,2,1,0,110393.11725355162,1
5149,46455807,Surname_5149,778,Spain,Female,20.0,1,195449.35467062343,1,1,0,117581.51815257745,1
5150,97842809,Surname_5150,789,Germany,Male,54.0,8,207824.64028157765,2,1,0,104924.10154653461,1
5151,63746695,Surname_5151,707,Germany,Male,38.0,9,247787.00165373177,4,1,1,20218.06213028827,1
5152,42519959,Surname_5152,411,Spain,Female,20.0,4,154763.39075593447,4,1,0,16687.328405298023,1
5153,70659157,Surname_5153,733,Germany,Female,27.0,7,46128.28417029879,3,1,0,103964.0808884262,0
5154,24615756,Surname_5154,603,France,Male,23.0,2,152065.515697725,3,1,1,27761.25131887509,1
5155,14818424,Surname_5155,417,Germany,Male,58.0,6,241791.4535487844,4,1,0,125080.56673878025,0
5156,60459622,Surname_5156,695,France,Male,39.0,9,208317.20353073112,2,0,0,18808.466154726673,1
5157,81524306,Surname_5157,405,Spain,Female,35.0,8,120537.98660851309,2,1,1,139933.57959660678,1
5158,87758300,Surname_5158,735,France,Male,23.0,1,151729.06687944985,2,1,1,76120.45157099495,0
5159,87784321,Surname_5159,768,Spain,Female,38.0,0,6910.922302832412,3,1,1,59305.349039561006,1
5160,12978480,Surname_5160,807,France,Male,58.0,1,139145.96026367662,1,0,0,115328.35757213974,0
5161,28826721,Surname_5161,831,France,Female,18.0,9,102002.90891435384,1,1,1,117694.286654394,0
5162,38142383,Surname_5162,726,Germany,Female,31.0,4,163673.48690084837,3,1,1,73139.53816147748,0
5163,68514333,Surname_5163,830,Germany,Female,54.0,4,218837.1106852411,3,0,1,146809.91772194553,1
5164,13732138,Surname_5164,613,Spain,Male,36.0,8,16641.546982169853,4,1,1,45427.57855685313,0
5165,89242304,Surname_5165,440,France,Male,26.0,2,129059.37753851029,2,1,0,32697.19195025511,1
5166,97147023,Surname_5166,554,Spain,Female,29.0,9,50997.8714006826,3,1,1,103144.24317730482,1
5167,92954623,Surname_5167,606,Germany,Male,48.0,5,131467.35742305254,4,0,1,84501.63219748078,0
5168,29315997,Surname_5168,671,Germany,Male,24.0,4,82717.0238297974,2,0,1,105251.4702208157,0
5169,13858030,Surname_5169,421,Germany,Female,47.0,8,35518.1016996298,2,1,0,53599.43290417504,1
5170,52365677,Surname_5170,390,France,Male,45.0,7,99741.70820866065,3,1,0,133641.4080134066,0
5171,65835809,Surname_5171,705,Spain,Male,24.0,5,124094.14023572751,1,1,0,47161.54602303459,0
5172,33905200,Surname_5172,620,Germany,Female,38.0,3,211542.89415450903,2,0,1,110931.94593641927,0
5173,26392495,Surname_5173,449,Spain,Female,28.0,7,100816.60060601402,4,1,1,64339.53611563683,0
5174,41291682,Surname_5174,525,Spain,Male,45.0,7,90563.12263049046,4,0,1,20017.220449789806,1
5175,43705638,Surname_5175,389,France,,20.0,4,13267.309558645218,3,0,1,137659.7515395066,1
5176,73296396,Surname_5176,789,France,Male,35.0,1,161639.41998507397,3,1,0,81854.12502553247,0
5177,52696643,Surname_5177,770,France,Female,40.0,4,179382.73281108504,4,0,1,24748.700908960484,1
5178,99939340,Surname_5178,647,France,Male,46.0,2,80202.30826647131,4,1,0,51834.732417809944,0
5179,61628132,Surname_5179,774,Spain,Female,39.0,6,110489.55608199332,3,0,1,31968.3807295694,0
5180,16022339,Surname_5180,399,Spain,Female,43.0,0,54.8425007869946,2,1,1,112645.33962965758,0
5181,85737077,Surname_5181,427,Spain,,39.0,0,59494.860403712824,1,1,1,101951.10963184666,1
5182,43030258,Surname_5182,494,France,Male,49.0,1,170906.74967237478,3,0,1,142195.561555869,1
5183,67712964,Surname_5183,350,France,Male,33.0,9,73497.85302204598,3,0,1,73906.70718250115,1
5184,18690368,Surname_5184,525,France,Female,48.0,6,126406.96824928244,2,1,1,41391.71425571391,0
5185,55689894,Surname_5185,751,Spain,Female,42.0,8,46658.2380777873,2,1,0,114471.22735817223,1
5186,58842649,Surname_5186,434,France,Male,50.0,2,225393.7743025236,3,0,1,76318.80634315265,1
5187,98691644,Surname_5187,659,France,Male,24.0,0,77109.03299749277,2,0,0,113809.83825272886,0
5188,55136969,Surname_5188,427,Germany,Male,50.0,4,237075.60587816828,4,0,1,12652.764686304658,1
5189,95622469,Surname_5189,710,France,Male,21.0,7,201351.2404058124,2,1,0,121508.59694213282,1
5190,73853386,Surname_5190,619,Spain,Female,39.0,2,201606.97241013014,4,1,1,32988.6538637022,1
5191,71185324,Surname_5191,489,France,Female,29.0,8,24435.75494798739,3,1,0,119302.18590134777,0
5192,96407322,Surname_5192,651,France,Male,31.0,7,126918.66992376407,4,1,0,51783.15326869678,1
5193,47651929,Surname_5193,830,France,Male,25.0,2,204064.38213733092,1,1,0,74107.67614699394,1
5194,60058587,Surname_5194,585,France,Male,37.0,3,80728.29917229079,3,1,0,126873.76883274651,1
5195,68064500,Surname_5195,548,France,Male,59.0,1,212887.27636945015,4,0,0,10341.583276820586,1
5196,55499928,Surname_5196,467,Germany,Female,19.0,1,107463.13187930392,2,1,0,40821.7472348013,0
5197,30516817,Surname_5197,407,France,Male,34.0,4,107900.29188742938,2,0,1,63369.9823653047,1
5198,34615106,Surname_5198,410,Spain,Male,41.0,8,230926.86090368804,4,1,1,48125.88355429733,1
5199,44015895,Surname_5199,360,France,Female,21.0,7,117858.45338462228,2,1,1,14462.5669631303,0
5200,12531379,Surname_5200,351,Spain,Female,35.0,9,138179.20593858758,1,0,0,76236.19294749785,0
5201,49207691,Surname_5201,597,Germany,Female,24.0,0,70333.12441438294,4,0,0,12150.01479300871,0
5202,24866560,Surname_5202,757,France,Female,49.0,8,28903.49054880831,4,1,1,82452.20474465123,1
5203,80190295,Surname_5203,753,Germany,Female,38.0,1,46911.39889729282,2,1,1,33911.34856652498,1
5204,32037115,Surname_5204,568,Spain,Male,22.0,2,65308.817097382096,1,0,1,73476.64684210165,1
5205,65950455,Surname_5205,681,France,Male,58.0,4,32941.04639801179,1,1,0,74901.38946441098,0
5206,98090143,Surname_5206,515,France,Female,50.0,7,57095.44769850286,4,1,0,61405.40712499049,0
5207,81375153,Surname_5207,647,France,Female,35.0,5,213883.37177390946,4,0,1,108387.49521498675,1
5208,20044318,Surname_5208,749,Spain,Female,52.0,6,49797.43155409613,2,0,1,144620.3138207413,1
5209,34024010,Surname_5209,602,Germany,Female,54.0,6,41276.66289543233,2,0,0,65987.70738010999,1
5210,96877637,Surname_5210,617,Spain,Male,48.0,3,6216.368153491026,3,1,1,23673.760393492805,0
5211,23130284,Surname_5211,814,Germany,Male,39.0,5,154188.08257436927,1,0,1,17686.651234744015,1
5212,57201142,Surname_5212,575,France,Male,56.0,7,209677.66392299457,3,0,0,17202.583921443555,1
5213,84535195,Surname_5213,627,Germany,Female,22.0,4,78223.99677577868,2,1,0,132985.92277817574,1
5214,93672113,Surname_5214,428,France,Female,59.0,1,244640.529493038,3,0,1,142884.71654879677,1
5215,68841158,Surname_5215,676,Germany,Female,40.0,6,164296.49765532374,1,1,1,74693.1412468656,0
5216,77515684,Surname_5216,848,Spain,Male,50.0,4,193476.13823260445,3,1,0,81395.12991451843,1
5217,15065370,Surname_5217,781,Germany,Female,49.0,5,173575.8201466202,2,1,1,110869.55098034468,0
5218,53734140,Surname_5218,474,France,Female,44.0,3,229431.89264058604,4,1,0,21272.868077407766,1
5219,70360636,Surname_5219,752,Germany,Female,33.0,6,53043.620606179094,1,0,0,145526.42746561492,1
5220,33125286,Surname_5220,455,Germany,Male,28.0,6,63509.71936899236,4,0,0,18274.83515439152,0
5221,62995973,Surname_5221,471,Spain,Female,31.0,2,73662.48357579569,2,1,0,141494.22026423516,1
5222,25926425,Surname_5222,607,Spain,Female,34.0,3,68076.44452433057,1,1,0,127487.15944863556,0
5223,94040483,Surname_5223,524,Germany,Male,34.0,0,17397.062416974946,4,1,1,45419.784530370045,0
5224,89908816,Surname_5224,432,Germany,Female,48.0,5,147229.97508453272,2,0,0,112146.17977298932,1
5225,74484694,Surname_5225,702,Spain,Male,57.0,7,248217.66765520247,4,0,0,119444.05242001869,1
5226,57934328,Surname_5226,543,Germany,Male,18.0,9,201908.01655029095,4,0,1,81525.18402607027,1
5227,72344456,Surname_5227,624,France,Female,36.0,3,13105.87443190911,4,1,1,97919.68801289189,1
5228,75420185,Surname_5228,783,France,Male,18.0,3,249835.6077644836,3,1,1,124360.55283427921,0
5229,46128881,Surname_5229,732,Spain,Female,57.0,3,69049.10186169547,4,0,1,121952.06369670265,1
5230,15536663,Surname_5230,698,Germany,Male,26.0,4,30723.465730790376,2,0,0,117944.87096207951,1
5231,58395059,Surname_5231,598,Spain,Female,52.0,3,38424.8810692443,3,1,0,140946.5211361337,0
5232,71954274,Surname_5232,641,Germany,Male,20.0,9,225398.99793790007,2,1,0,31453.40620569426,1
5233,35407060,Surname_5233,838,Germany,Male,44.0,5,137905.52305185856,3,1,0,143000.5659536994,0
5234,71149197,Surname_5234,622,Spain,Female,39.0,9,245208.07258748444,2,0,0,137391.54808286187,0
5235,65085514,Surname_5235,735,Germany,,37.0,2,13862.20196970217,1,1,0,40556.98714668093,1
5236,98818401,Surname_5236,704,France,Female,26.0,9,165920.44446338908,4,1,0,121194.3594815113,1
5237,22673263,Surname_5237,831,Spain,Female,30.0,1,13272.00817839913,4,0,1,136279.2088572447,0
5238,53402201,Surname_5238,421,Spain,Male,38.0,2,60533.87467899499,2,1,0,101910.51280030211,0
5239,63703680,Surname_5239,410,Germany,Male,53.0,9,248266.32003012355,4,1,0,47482.08646371211,0
5240,75715312,Surname_5240,675,Germany,Female,24.0,6,70731.26451093506,4,1,0,23156.02505831274,1
5241,48141892,Surname_5241,381,Spain,Female,36.0,9,32057.229613487532,3,0,1,93762.6883807509,1
5242,78559074,Surname_5242,676,France,Female,33.0,1,38730.86779583932,2,1,0,72948.06903110951,1
5243,17901958,Surname_5243,811,Spain,Female,46.0,0,21158.626375769818,1,1,1,18063.10298053474,1
5244,12728573,Surname_5244,363,France,Female,32.0,2,239202.53396348123,1,0,0,55304.96363191246,0
5245,67186988,Surname_5245,793,Germany,Female,45.0,8,194094.68706681122,3,0,1,17997.44325631927,1
5246,27519656,Surname_5246,726,France,Male,18.0,5,248749.88450025854,1,1,0,129378.79317473764,1
5247,67600155,Surname_5247,803,France,Male,20.0,0,24793.526526169397,4,1,0,28187.164085292523,1
5248,44000587,Surname_5248,494,Spain,Male,57.0,3,234872.08833924978,3,0,0,111703.23350004017,0
5249,79707302,Surname_5249,547,Germany,Male,50.0,5,112513.04873851856,2,1,1,75129.56139691494,1
5250,84287858,Surname_5250,652,Spain,Male,45.0,0,58791.78185788478,4,1,0,143749.97782714057,0
5251,50672858,Surname_5251,643,Germany,Female,54.0,0,88824.26658031787,4,0,0,127554.6228948624,0
5252,95528663,Surname_5252,500,Germany,Female,20.0,4,222168.05313607323,3,1,1,15032.697762719636,1
5253,54889159,Surname_5253,591,Germany,Female,25.0,3,165445.91325455238,2,1,1,17439.642287203456,0
5254,11619698,Surname_5254,744,Spain,Female,45.0,4,160330.95115600154,1,1,0,60189.0426369445,1
5255,47880334,Surname_5255,457,France,Male,43.0,5,225950.53580271095,1,1,0,105722.55021136317,1
5256,17008625,Surname_5256,527,Germany,Female,51.0,1,27422.93940584864,1,1,1,104851.31056167505,0
5257,52438395,Surname_5257,834,Germany,Male,30.0,0,45543.86313044578,3,0,1,26651.654716588153,0
5258,87245324,Surname_5258,392,France,Male,43.0,5,248876.7322916077,3,1,0,72172.26340952446,0
5259,67793913,Surname_5259,640,France,Female,58.0,4,89039.89570826154,4,0,1,125124.53208216574,0
5260,19934493,Surname_5260,426,Germany,Female,52.0,3,203575.590240628,2,0,1,56015.96092075466,0
5261,89489149,Surname_5261,562,France,Female,46.0,7,226354.99794937254,4,1,1,53538.319190407696,1
5262,10369571,Surname_5262,627,Spain,Female,39.0,3,3518.781209906674,2,0,1,99056.85900977677,0
5263,19149209,Surname_5263,643,Germany,Male,56.0,1,3370.766236556771,1,1,1,97148.64313107218,0
5264,11425848,Surname_5264,415,France,Male,47.0,8,201128.44415747488,1,0,1,37954.23761232199,0
5265,76679105,Surname_5265,713,France,Male,35.0,6,88597.23979137502,1,1,0,138939.04663994804,0
5266,61702815,Surname_5266,749,Spain,Female,40.0,8,45495.64491552885,4,1,1,16013.54025701417,0
5267,98597509,Surname_5267,715,Spain,Female,56.0,3,186295.80266858885,3,1,1,72569.29926922232,1
5268,20128797,Surname_5268,442,France,Female,52.0,7,23937.19740852107,4,1,1,22662.137564995217,1
5269,46368877,Surname_5269,410,France,Female,23.0,8,124345.12586057336,3,1,0,58145.12887572403,0
5270,23705304,Surname_5270,378,Germany,Female,20.0,4,122204.38923567258,3,1,0,137159.69188479098,0
5271,76773655,Surname_5271,525,Spain,Male,43.0,9,150745.05119092925,2,1,0,70255.26224076928,0
5272,35104980,Surname_5272,732,France,Male,42.0,8,88234.48431781378,2,1,1,72418.1473174801,0
5273,13886132,Surname_5273,597,Spain,Female,27.0,0,25922.306808530888,3,1,1,64627.939602528924,1
5274,45774960,Surname_5274,677,Germany,Male,27.0,5,92444.82550582495,1,1,0,67889.94841992512,1
5275,61764936,Surname_5275,663,Germany,Male,49.0,1,6913.553015006568,1,0,1,67328.99243758174,1
5276,84262455,Surname_5276,454,Germany,Female,27.0,2,181821.3364356014,3,0,1,144733.92409698034,1
5277,29415299,Surname_5277,662,France,Female,20.0,1,51075.94465276066,3,1,0,52405.67730933271,1
5278,85589912,Surname_5278,463,Germany,Female,50.0,7,218676.27313503018,4,0,0,85579.69525113734,1
5279,52826216,Surname_5279,843,France,Female,44.0,2,64177.11789787023,2,0,1,146601.80499025705,0
5280,95155498,Surname_5280,681,Germany,Female,50.0,8,4256.377025498776,3,0,0,70349.05343479599,1
5281,60530328,Surname_5281,846,Spain,Female,24.0,3,57996.443514475526,4,0,0,56409.44599861896,1
5282,39927052,Surname_5282,695,France,,24.0,7,244444.26938637433,1,0,1,127379.66649874371,0
5283,96800936,Surname_5283,565,Spain,Male,33.0,5,237702.0979540838,1,0,1,20208.08134926858,1
5284,92067854,Surname_5284,575,France,,22.0,6,225660.03739424577,2,0,0,145457.1973531883,0
5285,55181876,Surname_5285,752,Germany,Male,29.0,5,192565.55591253802,4,0,1,115322.38464336617,1
5286,12080100,Surname_5286,354,Germany,Female,48.0,6,236380.61578277758,3,0,1,39025.37057342595,1
5287,83533411,Surname_5287,739,Germany,Female,41.0,9,80090.70351367103,4,1,1,124241.2849938041,1
5288,25919504,Surname_5288,602,France,Female,35.0,7,115225.29238119384,2,0,0,45108.29988059364,0
5289,85665809,Surname_5289,440,Germany,Male,31.0,8,62943.75104177302,4,1,0,105797.46156301734,0
5290,26427695,Surname_5290,693,Spain,Female,34.0,4,240020.58431512906,2,1,0,137983.44163590687,0
5291,29911158,Surname_5291,800,Spain,Female,49.0,2,158955.9802983981,4,0,0,24074.204098955335,0
5292,44071722,Surname_5292,763,Germany,Female,36.0,6,94939.23741110324,4,0,1,94793.74556129471,0
5293,36632036,Surname_5293,771,France,Male,27.0,8,73230.97255622968,1,1,1,66571.6235692759,0
5294,26896254,Surname_5294,797,France,Female,58.0,0,113051.25304981606,3,1,1,129608.3064384427,1
5295,99066872,Surname_5295,367,Spain,Male,38.0,2,246138.60634943482,1,1,1,85604.42599501522,1
5296,29618426,Surname_5296,719,Germany,Female,44.0,6,29998.684250605867,1,1,1,58884.13466725016,0
5297,15119393,Surname_5297,847,Spain,Male,32.0,3,177310.6831129613,2,1,0,78946.664053769,1
5298,41076631,Surname_5298,510,Germany,Female,48.0,8,17095.187188649386,2,0,1,122634.66585810034,1
5299,14274952,Surname_5299,483,Spain,Female,25.0,2,191028.6433918645,1,1,0,51172.56973325448,0
5300,46148150,Surname_5300,766,France,Female,26.0,2,153062.93460403493,1,1,0,28498.545169248337,0
5301,53443428,Surname_5301,776,Germany,Female,22.0,3,122110.8111628762,2,1,1,74666.36577380003,0
5302,47611978,Surname_5302,739,Spain,Female,26.0,2,158205.15352246296,3,0,1,27856.707015361855,1
5303,55001347,Surname_5303,559,France,Female,25.0,8,180580.88928888083,4,1,0,122351.20413882605,1
5304,90065460,Surname_5304,521,Germany,Male,22.0,6,183318.91732363275,1,1,1,31722.108167045146,0
5305,87655658,Surname_5305,466,Germany,Male,42.0,4,19382.40377277853,1,1,1,55746.00456810232,0
5306,87295017,Surname_5306,524,France,Female,34.0,9,77394.8228945483,3,1,1,81402.21650974113,1
5307,70294585,Surname_5307,469,France,Male,30.0,6,177474.6531780086,3,0,1,149220.32069248197,1
5308,81844247,Surname_5308,450,Spain,Male,40.0,5,131437.40486831288,2,0,1,146518.40221809238,1
5309,34827922,Surname_5309,527,Spain,,47.0,7,122785.06753014128,2,0,0,99428.97726996445,1
5310,29638636,Surname_5310,590,Germany,Male,32.0,5,232952.74247737208,3,1,0,43590.53088072945,1
5311,90038927,Surname_5311,389,Germany,Male,43.0,4,39276.007376116504,1,0,1,10349.087855273161,0
5312,29691416,Surname_5312,666,Spain,Female,33.0,3,220080.52516133754,3,0,0,53162.4076178072,0
5313,90527957,Surname_5313,665,Spain,Male,51.0,4,52572.21829880079,1,0,0,148923.26318127508,0
5314,13979752,Surname_5314,791,Spain,Male,56.0,6,247255.26593099654,3,1,1,123661.26402270311,0
5315,17124179,Surname_5315,633,France,Female,59.0,6,69885.06989908544,4,1,1,76657.73014831486,1
5316,76362340,Surname_5316,469,France,Male,45.0,6,213273.3663606231,2,1,0,46006.43958399156,1
5317,93993784,Surname_5317,737,France,Male,57.0,7,219398.29166514368,4,1,1,61350.907443740114,0
5318,91948174,Surname_5318,551,Germany,Female,43.0,3,157003.83693273884,2,0,1,97302.12921946,1
5319,23684823,Surname_5319,534,France,Female,30.0,3,178573.539538663,3,0,1,115033.13087109204,0
5320,28523368,Surname_5320,572,Germany,Male,54.0,7,206233.17207724715,2,0,0,144167.4206273254,1
5321,61964892,Surname_5321,827,Germany,Female,47.0,4,11148.191693743065,2,0,0,16527.743079247022,0
5322,56916570,Surname_5322,559,France,Male,54.0,5,125777.562400471,3,1,0,41242.77056881192,1
5323,54591231,Surname_5323,539,Germany,Male,28.0,7,220571.5681049758,1,1,1,119117.62416591895,0
5324,79422977,Surname_5324,419,Spain,Male,57.0,4,184671.13257762053,3,1,1,112480.48298830522,0
5325,21048727,Surname_5325,388,Spain,Female,38.0,8,29132.621089551587,1,1,1,108689.8992076301,0
5326,92844609,Surname_5326,354,Germany,Male,40.0,3,64631.48740004179,1,0,1,125185.29806449945,0
5327,68855379,Surname_5327,680,Spain,Male,35.0,4,1148.9810418577606,3,1,0,27384.490185454346,0
5328,57689474,Surname_5328,756,Germany,Male,51.0,9,156393.53348931187,1,0,0,100543.19792253981,1
5329,62919852,Surname_5329,799,Germany,Male,48.0,1,153719.88259330968,1,1,1,33746.7873711967,0
5330,16604415,Surname_5330,707,Spain,Male,34.0,5,13201.781092318537,4,0,1,23183.058449830052,0
5331,11851319,Surname_5331,421,Spain,Female,40.0,9,56569.46903092849,4,0,1,131109.78782286454,1
5332,76822704,Surname_5332,547,Germany,Female,58.0,4,185781.74787081667,3,0,1,113536.42376358336,1
5333,47464253,Surname_5333,437,Germany,Male,29.0,2,198460.90707666765,1,1,0,42790.80114497697,0
5334,30578890,Surname_5334,556,Germany,Male,20.0,8,232183.26500352682,2,0,1,130669.10651677784,1
5335,69338995,Surname_5335,468,France,Male,51.0,4,160916.47588861687,4,1,1,66258.59935071087,1
5336,39920646,Surname_5336,730,Germany,Male,59.0,0,28627.122102968944,3,1,0,103769.4003422066,1
5337,85112896,Surname_5337,434,Spain,Male,22.0,1,225841.05239487079,4,1,1,65577.83758441883,1
5338,59445562,Surname_5338,522,Germany,Male,30.0,2,52023.37889794828,2,0,1,149518.6789054882,0
5339,54146515,Surname_5339,672,France,Female,33.0,2,233551.74202271458,3,1,1,140978.4691798443,1
5340,48689444,Surname_5340,451,Spain,Female,29.0,0,203037.80829415363,4,1,1,19751.997995306585,0
5341,15139738,Surname_5341,716,Spain,Female,46.0,4,2702.211212242178,3,1,0,87768.99680075905,0
5342,22002550,Surname_5342,704,Germany,Male,34.0,0,161182.73389603777,1,1,0,79501.10184147951,0
5343,45044508,Surname_5343,609,Spain,Male,48.0,1,112143.04418960627,4,1,0,124134.918911616,0
5344,80318066,Surname_5344,443,Spain,Female,34.0,4,168465.56138809808,4,0,1,135238.2726356641,1
5345,82019826,Surname_5345,628,Germany,Male,20.0,3,186258.6780236532,1,1,1,57507.48548575786,0
5346,94912311,Surname_5346,643,France,Male,47.0,0,107359.49423306332,2,1,0,88932.10379438734,0
5347,44252756,Surname_5347,752,Germany,Male,39.0,8,224080.4683706926,2,0,0,126680.35179269093,0
5348,50722436,Surname_5348,720,Germany,Male,37.0,8,30538.906703894336,3,1,1,19119.05976395319,1
5349,28781107,Surname_5349,422,Germany,Female,52.0,4,165216.58110576117,3,0,0,138686.065394789,0
5350,55310519,Surname_5350,476,Germany,Female,48.0,9,92189.8675086892,4,0,1,96680.25044045574,0
5351,84010588,Surname_5351,740,France,Male,31.0,1,218434.80245166962,3,0,0,43745.756072766606,1
5352,36247166,Surname_5352,500,Spain,Female,43.0,2,66935.69986068553,3,1,1,27939.69553473527,0
5353,69395094,Surname_5353,411,France,Female,55.0,1,73469.84659282982,4,1,1,45225.438834041204,0
5354,59508513,Surname_5354,503,Germany,Male,32.0,4,243537.22661926836,2,1,1,50508.03190068047,0
5355,35322427,Surname_5355,745,Spain,Male,27.0,5,182436.32315178862,2,1,0,90824.46451916012,1
5356,10292895,Surname_5356,368,France,,33.0,1,154741.09610945132,1,1,0,111795.74171774599,0
5357,80509222,Surname_5357,598,France,Male,32.0,1,242512.0711947848,2,0,0,83897.86916822533,1
5358,31134098,Surname_5358,680,Germany,Male,29.0,7,48240.85021541766,1,1,1,27646.394043664182,0
5359,57789243,Surname_5359,547,Spain,Male,35.0,9,104946.24996933622,3,1,1,127964.54595542993,0
5360,81319564,Surname_5360,816,Germany,Male,24.0,8,171117.60300258806,2,1,0,148255.02001443357,0
5361,24866800,Surname_5361,557,France,,54.0,3,110053.16441700277,4,0,1,70085.4412224146,0
5362,41953280,Surname_5362,406,Spain,Female,33.0,5,106986.49224652376,4,0,0,142819.76098021396,0
5363,34372475,Surname_5363,450,France,Female,31.0,5,127199.16955925086,4,0,0,28553.387045161355,1
5364,60834069,Surname_5364,547,Germany,Male,41.0,0,67487.1132622159,3,1,1,125079.1052011713,0
5365,28912908,Surname_5365,826,France,Female,41.0,7,169317.58618942407,4,1,1,38620.698524741936,0
5366,67539768,Surname_5366,745,France,Female,53.0,3,111005.40847672669,4,1,0,71386.4987949474,0
5367,89449376,Surname_5367,381,Spain,Female,55.0,3,137146.04525252632,1,0,1,113628.11707220004,1
5368,67029651,Surname_5368,386,Spain,Female,53.0,6,205879.1302963593,2,0,1,142626.49930651847,1
5369,90038361,Surname_5369,685,Spain,Female,48.0,2,123987.72562465238,4,1,0,140426.5763117125,1
5370,90435103,Surname_5370,578,Germany,,21.0,4,116289.72632078156,4,0,1,60732.05534969477,0
5371,10030473,Surname_5371,503,Germany,Male,20.0,7,178438.5441727159,1,1,0,18313.09891910378,1
5372,65909005,Surname_5372,643,France,Female,20.0,6,28656.299221277743,4,0,0,103517.48400520523,1
5373,31396308,Surname_5373,836,Spain,Male,35.0,9,200412.2806147135,4,1,1,133942.3315787614,0
5374,83625217,Surname_5374,396,Germany,Female,52.0,6,83375.14633406179,2,1,0,51377.05932106528,1
5375,78010795,Surname_5375,540,Germany,,36.0,5,91709.72372900498,1,1,1,50242.76283807923,1
5376,79699788,Surname_5376,634,France,Male,46.0,6,245387.39824590462,2,0,1,132165.47205884173,0
5377,74310809,Surname_5377,773,France,Male,38.0,8,148204.88222645054,2,0,0,116557.19287331903,1
5378,74981466,Surname_5378,723,France,Female,37.0,7,212803.24142721063,4,1,0,60251.929430041586,0
5379,18601290,Surname_5379,421,Germany,Male,43.0,4,33968.922790725526,4,1,0,51473.949340224295,1
5380,81174297,Surname_5380,385,Spain,Female,22.0,7,241620.9207205472,4,0,0,67567.22378546145,1
5381,71167702,Surname_5381,371,France,Female,27.0,8,32938.854717959184,2,0,0,40914.73873782159,1
5382,56935274,Surname_5382,835,France,Male,37.0,5,41602.371208713215,3,1,1,105338.02628268742,1
5383,87416422,Surname_5383,593,Spain,Female,37.0,1,41433.012979626146,1,1,1,135306.1968464135,0
5384,32027506,Surname_5384,359,Spain,Male,59.0,2,245601.4796216714,2,1,1,67269.51360574062,0
5385,35482312,Surname_5385,526,Spain,Female,34.0,3,245970.74254493447,4,1,0,136800.1511653961,1
5386,42757146,Surname_5386,772,Germany,Male,21.0,3,121750.47109417758,4,1,1,119073.22885073078,0
5387,43896416,Surname_5387,521,France,Male,47.0,2,223572.7020542693,3,0,0,36960.59626106185,1
5388,39640662,Surname_5388,801,France,Female,20.0,2,171349.20593298905,1,0,1,96342.811852969,1
5389,98478491,Surname_5389,692,France,Male,51.0,6,58389.671437785175,1,0,1,104271.59044945294,1
5390,77903453,Surname_5390,361,Germany,,34.0,1,222757.85409067088,1,1,1,122596.90321764004,0
5391,20353777,Surname_5391,598,Spain,Female,58.0,8,147320.8054630093,4,1,0,50874.83438377387,1
5392,40372827,Surname_5392,707,France,Male,28.0,8,72483.63141948747,4,1,0,25779.31970608328,1
5393,82690483,Surname_5393,591,Germany,Male,53.0,6,23336.548448280788,1,1,1,143178.19050987443,0
5394,62194272,Surname_5394,818,France,Female,24.0,2,21791.67059550616,2,1,1,97501.51757277605,0
5395,95994168,Surname_5395,420,France,Female,37.0,5,40623.3717046916,1,0,1,90302.11476277206,1
5396,93347024,Surname_5396,550,Germany,Male,43.0,6,101703.24379483405,1,0,1,63332.90624958503,0
5397,16509678,Surname_5397,555,Germany,Female,52.0,6,49966.792718873665,1,0,0,24757.787372654122,0
5398,32517470,Surname_5398,408,Germany,Male,33.0,4,147774.15647305603,1,0,1,26733.71435122095,1
5399,58922189,Surname_5399,413,France,Female,27.0,7,239012.69597426706,2,0,0,103305.84970071483,1
5400,62884576,Surname_5400,745,Spain,Female,48.0,5,104045.03311144514,3,1,0,149841.25541347885,1
5401,27363238,Surname_5401,828,Spain,Male,36.0,3,235633.00416897808,2,0,1,117271.33471312148,0
5402,61449174,Surname_5402,517,Germany,Female,45.0,9,140705.98154678827,3,1,1,134087.45393801358,0
5403,47648706,Surname_5403,483,Spain,Male,23.0,3,50276.550450644776,1,1,1,124473.474399918,1
5404,14925546,Surname_5404,634,France,Male,53.0,3,107347.33234906432,3,0,1,124511.33194295694,0
5405,32322222,Surname_5405,637,Germany,Male,55.0,7,20156.65274458811,1,0,1,29957.808302997382,1
5406,70331919,Surname_5406,714,Spain,Male,32.0,0,205572.26904766914,2,1,1,100857.92888020986,0
5407,98436970,Surname_5407,725,Spain,Female,59.0,7,110354.4783928041,2,1,0,79174.6075096569,1
5408,31230576,Surname_5408,460,France,Female,31.0,3,60044.051615103206,4,1,0,115123.2710530972,1
5409,10931635,Surname_5409,710,France,Male,21.0,3,26913.023914308804,3,0,0,83503.32063730372,0
5410,46928254,Surname_5410,781,Spain,Female,51.0,4,59553.8220787859,1,0,1,94531.18380554332,0
5411,91043859,Surname_5411,811,Spain,Male,36.0,7,203219.93350127747,4,1,0,118010.37314776293,0
5412,97429042,Surname_5412,559,Spain,Female,18.0,9,230783.9194629239,1,1,0,27431.604300492127,1
5413,62496972,Surname_5413,493,France,Female,21.0,0,154616.0551439942,1,0,1,113887.43705564483,0
5414,22231976,Surname_5414,509,Spain,Female,30.0,0,177653.769911162,3,0,1,86290.06862983067,1
5415,38372728,Surname_5415,355,Germany,Male,52.0,7,157009.97153278862,4,0,0,39821.194825020066,1
5416,20898612,Surname_5416,579,Spain,Female,47.0,3,89003.96791909602,3,0,0,10038.855374753954,0
5417,15503885,Surname_5417,442,Spain,Male,40.0,0,24028.733762831045,1,1,1,42372.23139331263,1
5418,78288589,Surname_5418,824,Germany,Male,59.0,5,34131.28159215742,4,1,0,111874.25358357502,0
5419,19975443,Surname_5419,630,France,Male,20.0,1,146670.89280212377,3,1,0,84564.82082541818,0
5420,59963086,Surname_5420,750,France,Female,54.0,6,77978.85437298768,4,1,1,87330.09453489595,1
5421,13387246,Surname_5421,686,Germany,Female,19.0,6,94650.51413424102,3,1,1,37370.682102792714,1
5422,39430328,Surname_5422,750,Germany,Male,24.0,5,34882.643917233225,2,0,0,129161.64930016306,1
5423,76531450,Surname_5423,563,Germany,Female,23.0,7,49624.56464553425,3,0,1,35773.434710233676,1
5424,66775109,Surname_5424,847,Germany,Female,21.0,3,195054.24213979323,4,0,1,141539.2864809339,1
5425,41305351,Surname_5425,725,Germany,Male,45.0,4,79980.56842725034,2,1,1,56888.16147160106,0
5426,52720469,Surname_5426,650,France,Male,51.0,1,69142.0867971071,3,0,0,96194.66785073433,0
5427,22011929,Surname_5427,569,Germany,Male,41.0,4,46100.496012174364,4,1,0,60829.8213542779,1
5428,84839355,Surname_5428,721,Germany,Female,23.0,3,58160.00480169375,2,0,0,101175.04045263733,1
5429,56165990,Surname_5429,595,Germany,Female,53.0,8,162063.68846988538,2,0,0,108253.04859741458,0
5430,47122622,Surname_5430,497,Germany,Male,20.0,3,96274.04832690759,1,1,0,107777.39998292182,0
5431,29309143,Surname_5431,476,Spain,Female,44.0,6,244749.48861557266,2,0,1,124352.50011178991,0
5432,29900018,Surname_5432,385,France,Female,54.0,5,213275.55927520164,2,1,1,61332.24563731997,0
5433,65992862,Surname_5433,673,France,Female,20.0,9,144072.7457914237,2,1,1,31412.930241203885,0
5434,65914871,Surname_5434,683,Germany,Male,35.0,7,209924.42080180137,4,1,1,42354.354116914896,0
5435,72684422,Surname_5435,412,France,Male,54.0,9,140944.38816162423,2,1,0,25863.01609899171,0
5436,41925888,Surname_5436,765,Spain,Male,30.0,8,111942.39589121807,1,0,0,41458.216777501206,1
5437,59922333,Surname_5437,552,Germany,Male,40.0,7,174663.88701860633,2,1,0,47410.02577709178,1
5438,19511731,Surname_5438,689,Spain,Female,21.0,7,231465.00281295594,3,0,1,59653.84707870105,0
5439,38673998,Surname_5439,604,France,Female,38.0,4,199234.3268277734,4,0,0,76930.36664360877,0
5440,21647498,Surname_5440,366,Spain,Male,30.0,4,48833.69114250424,3,1,0,70138.2259293184,1
5441,49423986,Surname_5441,656,France,Male,40.0,0,157479.78181223417,3,0,1,14517.219959791339,0
5442,55134760,Surname_5442,685,Spain,Female,39.0,0,62630.920578230915,3,0,0,41564.211607553516,1
5443,95760847,Surname_5443,553,Germany,Male,51.0,6,169716.10470211404,4,0,1,98849.13932610114,1
5444,16348736,Surname_5444,523,Germany,Female,54.0,2,243545.00510430653,1,0,0,118681.64015848542,1
5445,46441094,Surname_5445,702,France,Female,18.0,4,54297.10168987353,2,0,0,23805.36837397481,0
5446,24139367,Surname_5446,384,Spain,Male,43.0,6,192577.42460200653,1,0,1,35592.92511187932,0
5447,36473358,Surname_5447,431,Germany,Male,59.0,8,244538.42847284485,2,0,0,83647.66809555994,1
5448,52417754,Surname_5448,771,Germany,Male,25.0,3,103421.26699785187,1,1,0,12576.478451173236,1
5449,75077243,Surname_5449,566,France,Male,50.0,2,146822.11830042698,4,1,1,141272.39969752164,1
5450,55887047,Surname_5450,647,Germany,Female,56.0,3,198822.87513931197,2,0,0,10703.805507478572,0
5451,70001651,Surname_5451,744,Spain,Male,55.0,4,164771.77511998752,2,0,0,18602.371865154157,1
5452,79165650,Surname_5452,757,Germany,Female,59.0,2,6177.9381315563705,1,0,1,82025.9687087062,0
5453,39770785,Surname_5453,782,Spain,Female,48.0,0,40312.366869793645,3,0,0,94241.05344749882,0
5454,34536421,Surname_5454,685,Germany,Male,43.0,9,147235.6041693181,3,1,1,107788.26570350112,1
5455,42681093,Surname_5455,774,Spain,Female,53.0,2,200948.15955940876,2,0,1,52089.16849186704,1
5456,65213022,Surname_5456,473,Germany,Female,51.0,9,189131.34732399395,2,1,1,65384.732016928305,0
5457,37716057,Surname_5457,365,Germany,Female,30.0,7,181866.51320991636,2,1,0,33748.98884676164,1
5458,72588089,Surname_5458,438,Spain,Male,45.0,1,175716.94114803436,2,1,1,107520.09577990478,1
5459,71863379,Surname_5459,797,France,Female,29.0,1,196766.55999111166,3,0,0,145382.64620659288,1
5460,17825531,Surname_5460,727,Germany,,57.0,8,221997.23141831384,3,1,1,140465.20362960303,1
5461,41472510,Surname_5461,844,Germany,Male,58.0,8,214421.17425222625,4,1,0,127965.60174260876,0
5462,33057156,Surname_5462,608,Germany,Female,43.0,8,82621.65853444167,2,0,1,88438.40720313687,0
5463,31751398,Surname_5463,461,Spain,Female,30.0,4,19250.935388521517,3,1,1,14000.435017271002,0
5464,88150392,Surname_5464,638,Germany,Male,54.0,2,166060.61773722523,3,0,1,15124.670888367174,0
5465,65315027,Surname_5465,756,Germany,Female,37.0,5,225998.24823701923,4,1,1,26848.62519984527,1
5466,99714642,Surname_5466,707,France,Male,57.0,8,245530.52791994312,4,0,1,78656.79542422942,0
5467,33033809,Surname_5467,597,Germany,Male,31.0,4,72723.37475424429,1,1,1,84402.46548986169,1
5468,18671261,Surname_5468,831,Germany,Female,30.0,1,144429.5436307698,4,1,0,41697.25607252975,0
5469,37244673,Surname_5469,412,France,Male,57.0,5,104289.75556738998,1,0,0,25960.271449362444,1
5470,96884822,Surname_5470,741,France,Female,54.0,0,247564.29679310668,3,1,0,145958.9471965733,1
5471,38543512,Surname_5471,680,France,Male,47.0,6,99433.9355271785,1,0,1,42997.879624343754,1
5472,84394384,Surname_5472,517,Germany,Female,50.0,0,151223.23850371124,3,1,1,104937.87050197035,0
5473,53847669,Surname_5473,450,Germany,Male,33.0,8,47444.53503103699,2,1,0,95891.77371573405,1
5474,33475837,Surname_5474,526,Germany,Female,46.0,1,187820.6568796433,4,1,1,62575.01745471958,1
5475,12710478,Surname_5475,637,France,Male,48.0,4,205632.7511384454,1,1,0,22951.917038839198,1
5476,53921975,Surname_5476,563,Germany,Male,37.0,7,82114.3763522201,4,0,0,95635.57198831816,1
5477,16776000,Surname_5477,382,France,Female,44.0,6,22297.376708305615,4,0,1,140141.10636072746,1
5478,49930889,Surname_5478,635,France,Female,59.0,4,154465.8554111677,2,1,1,107584.57973325497,1
5479,49007742,Surname_5479,650,Spain,Male,22.0,4,200615.96411968418,4,1,1,40221.667604482835,1
5480,68003876,Surname_5480,785,Germany,Male,23.0,1,183308.9917759684,4,0,1,109873.09493483343,1
5481,45531342,Surname_5481,821,France,Male,36.0,5,120107.57727144986,4,1,1,59405.41216730625,1
5482,74330339,Surname_5482,683,Germany,Female,20.0,7,231494.77617770893,3,0,1,36107.65993305521,0
5483,59303951,Surname_5483,483,France,Female,44.0,8,100555.25467206721,1,1,1,44042.36944707037,0
5484,37078238,Surname_5484,716,Spain,Male,23.0,7,66743.55839736947,1,0,0,108683.39668179666,0
5485,86903162,Surname_5485,422,Germany,Male,30.0,4,48187.370640538575,1,1,0,34176.695679521006,1
5486,46863068,Surname_5486,556,France,Female,57.0,3,237671.35101497525,1,1,0,87556.39961020098,1
5487,41679683,Surname_5487,623,Spain,Female,34.0,3,151382.36377575214,3,1,0,54104.12973357993,1
5488,53363390,Surname_5488,378,Spain,Female,59.0,6,102320.23734624365,2,1,0,112008.03191062833,0
5489,48815035,Surname_5489,618,France,Male,55.0,0,189548.08076653964,4,0,1,65472.42820819361,0
5490,38273259,Surname_5490,745,Spain,Male,47.0,7,152193.05730125302,4,1,1,110283.43632883937,1
5491,49211054,Surname_5491,526,France,Female,41.0,9,186692.69011443385,2,1,0,89778.67726556059,0
5492,46516017,Surname_5492,723,France,Male,51.0,0,237540.8941019597,3,0,0,20272.575815182594,1
5493,50528523,Surname_5493,496,Germany,Female,28.0,4,185063.00095670813,3,1,0,57987.6428110737,0
5494,64049539,Surname_5494,780,Spain,Female,54.0,6,37713.51165694028,4,0,0,79052.06970301755,1
5495,73616587,Surname_5495,759,France,Female,53.0,8,127155.00657072979,1,1,1,102827.64656976792,0
5496,18371398,Surname_5496,390,France,Female,27.0,8,200402.77290888078,1,0,1,120784.48082008332,0
5497,67372833,Surname_5497,472,Spain,Female,31.0,5,153166.48564184757,4,0,1,23370.564429842736,0
5498,46136932,Surname_5498,831,Spain,,31.0,1,31991.339281653098,4,1,1,23559.118784638573,1
5499,80904503,Surname_5499,573,France,Male,26.0,1,249825.47950238615,1,1,1,74105.00904003947,1
5500,73701774,Surname_5500,358,France,Male,19.0,9,10449.195966644564,2,1,0,97804.39532931343,1
5501,73895535,Surname_5501,556,Spain,Male,41.0,3,106646.4023119707,4,1,1,109599.64216184957,1
5502,93611326,Surname_5502,623,Spain,Female,32.0,8,150219.64059681175,3,1,0,26349.236519019883,0
5503,43192069,Surname_5503,499,Spain,Female,27.0,7,24818.857799961595,3,1,1,35580.76116324164,1
5504,68508635,Surname_5504,429,Spain,Male,48.0,3,35644.717169095675,4,1,1,21450.369685358397,1
5505,20888331,Surname_5505,820,Spain,Female,24.0,7,23942.017249743985,4,0,1,141703.80401671556,0
5506,97396911,Surname_5506,469,Spain,Male,29.0,5,57370.787541495796,4,1,1,48899.20380993075,0
5507,32724365,Surname_5507,607,France,Male,23.0,1,184782.99274257483,3,0,0,89614.97447539949,1
5508,62331292,Surname_5508,567,Germany,Female,44.0,4,41954.08919267016,4,0,0,31282.31332871597,0
5509,16909917,Surname_5509,808,Spain,,59.0,3,135706.25529519,1,1,0,101636.3071924539,0
5510,15298096,Surname_5510,684,France,Male,35.0,2,110703.70449120215,3,1,0,116617.77318901775,1
5511,91911057,Surname_5511,787,Spain,Male,56.0,6,52790.464832941114,2,1,1,14573.835953680307,1
5512,53455272,Surname_5512,496,Germany,Male,56.0,8,166711.5982635085,4,1,0,90991.55927529467,1
5513,50320140,Surname_5513,609,Germany,Female,52.0,4,83562.92852614044,1,1,1,98569.37182332233,1
5514,43294684,Surname_5514,553,France,Male,21.0,6,242673.46083835402,4,0,0,82093.86551709383,1
5515,81393616,Surname_5515,732,Germany,Male,30.0,9,159443.07774540127,1,1,0,89274.0698589207,0
5516,28797869,Surname_5516,620,Spain,Male,55.0,5,40115.09004485606,1,0,0,128318.32282979366,0
5517,51602842,Surname_5517,767,France,Female,20.0,6,384.182323961757,4,0,0,35178.66441449163,1
5518,20523028,Surname_5518,791,France,Male,34.0,7,33236.29471279352,3,1,1,78640.96526662857,0
5519,32435536,Surname_5519,599,France,Male,53.0,8,172372.58177223147,3,1,1,54699.59091306785,0
5520,83256908,Surname_5520,821,Germany,Male,24.0,6,23484.75441544026,3,0,1,129416.87463047064,1
5521,65712382,Surname_5521,622,France,Female,32.0,7,10740.291685657294,1,1,1,11149.428248318143,1
5522,62855830,Surname_5522,629,France,Female,59.0,7,97359.84333484055,2,0,0,73814.26498779489,1
5523,99740572,Surname_5523,500,France,Female,47.0,1,3627.008983115965,4,0,1,59312.01713550364,1
5524,16510044,Surname_5524,703,Germany,Female,23.0,0,201169.25114417807,4,0,0,27079.429378153905,1
5525,94854096,Surname_5525,730,France,,48.0,0,63431.13713389956,2,0,1,20923.95988283724,1
5526,58127917,Surname_5526,841,Germany,Male,34.0,9,133710.51521287722,3,1,1,46185.591361341445,0
5527,64391881,Surname_5527,399,Germany,Male,22.0,9,37058.27161407371,1,1,0,148135.5008223069,1
5528,59657285,Surname_5528,517,France,Male,42.0,0,207310.38570861547,2,0,1,137140.21551755272,1
5529,29522136,Surname_5529,847,France,Female,55.0,9,88154.35627068757,2,0,1,108057.63325306498,0
5530,23821596,Surname_5530,537,Germany,Female,22.0,3,137714.27660402586,4,1,0,143007.0048164281,1
5531,27137029,Surname_5531,829,Spain,Male,43.0,7,42489.26209648113,3,1,0,78103.16039855826,1
5532,75722954,Surname_5532,409,Spain,Male,44.0,9,217827.34203056706,2,1,1,61112.11211628787,0
5533,59789383,Surname_5533,735,Spain,Male,59.0,6,120185.98190348451,3,1,0,64641.58874396381,1
5534,92862412,Surname_5534,595,France,Female,37.0,5,34670.37823526814,4,1,1,133223.620958184,1
5535,67983826,Surname_5535,452,France,Female,55.0,0,25875.9699242076,1,0,0,77005.33391844788,1
5536,87749213,Surname_5536,436,France,Male,19.0,0,7979.098864824618,3,0,1,86932.48046549996,0
5537,59124287,Surname_5537,784,Germany,Female,46.0,3,32492.815243499645,1,1,0,78445.92978319121,1
5538,27557558,Surname_5538,679,Spain,Female,35.0,6,203557.38868704365,4,0,1,141708.84800258104,1
5539,87456004,Surname_5539,468,France,Male,42.0,8,206689.1948260137,2,1,0,71494.17957659299,1
5540,28808149,Surname_5540,665,France,Male,59.0,6,60177.57076773575,2,1,0,48987.19022699884,1
5541,58786874,Surname_5541,530,Spain,Female,34.0,7,206707.50108012656,3,1,0,139998.30856206798,1
5542,16653266,Surname_5542,803,Spain,Female,27.0,0,149440.19737845927,4,0,1,136933.92940351684,0
5543,46764297,Surname_5543,489,Spain,Male,43.0,9,158230.84123693602,3,0,0,147979.61333098056,0
5544,22446683,Surname_5544,741,Germany,Male,55.0,1,70881.48409088541,4,0,1,145469.26276176804,0
5545,98521007,Surname_5545,609,France,Male,29.0,2,46652.0036038264,4,1,0,68952.54272438055,0
5546,89269338,Surname_5546,557,Germany,Male,56.0,3,153413.34544005734,4,0,0,67731.54933847132,1
5547,32284938,Surname_5547,350,Spain,,21.0,8,149740.5622612305,2,1,0,125110.5517173865,1
5548,96493801,Surname_5548,551,Germany,Male,55.0,5,121164.17638403903,1,1,1,38576.55836004736,0
5549,62523525,Surname_5549,733,France,Male,34.0,6,189580.66009771702,1,1,0,148572.44299225288,1
5550,33779326,Surname_5550,530,Spain,Male,26.0,2,42781.327598147065,1,1,0,108591.17473642078,0
5551,19918827,Surname_5551,515,Germany,Female,59.0,2,9479.949563604234,2,0,1,81611.00194492987,1
5552,99433873,Surname_5552,828,Germany,Female,59.0,1,166606.45833377953,3,1,0,40455.270246240034,0
5553,30633997,Surname_5553,685,France,Male,42.0,1,16571.322991086436,2,1,1,136102.14970658597,0
5554,64469916,Surname_5554,443,France,Male,34.0,9,243524.17082391903,3,0,1,113450.76420258995,1
5555,39708660,Surname_5555,674,France,Female,19.0,3,214198.86368294767,4,1,1,146254.88612819323,1
5556,50584666,Surname_5556,442,Spain,Male,52.0,8,14294.289616444023,1,1,1,146491.90661022026,0
5557,12983050,Surname_5557,716,Spain,Male,29.0,3,34177.29369941089,4,1,1,39856.92541219146,0
5558,89720557,Surname_5558,423,France,Male,56.0,8,148540.59259371067,2,0,0,55858.65807591264,1
5559,75580884,Surname_5559,849,France,Male,45.0,8,115206.75434912616,2,1,1,124517.33911036725,0
5560,70473369,Surname_5560,771,France,Female,20.0,9,53159.571291505476,4,1,1,58544.28244812164,0
5561,10887179,Surname_5561,821,Spain,Male,42.0,4,203799.22961650052,4,1,1,67932.83040382674,0
5562,93450361,Surname_5562,539,Spain,Male,52.0,2,89365.37892266014,2,1,1,105023.44582725814,1
5563,25677704,Surname_5563,547,France,Male,53.0,7,133783.1944422947,3,0,0,141772.33053147307,1
5564,60872322,Surname_5564,525,France,Female,57.0,6,107990.03120254421,4,0,0,87881.42716367914,0
5565,79832590,Surname_5565,532,France,Male,24.0,3,72233.52526535484,1,1,0,31469.354872491676,0
5566,63369399,Surname_5566,485,Germany,Male,53.0,8,129152.66728709966,1,0,0,66402.27215218917,1
5567,80473194,Surname_5567,693,Spain,Female,50.0,6,195214.31922081488,4,1,0,85736.12993320287,0
5568,26103412,Surname_5568,671,Germany,Male,33.0,3,54859.68097745825,2,0,1,123838.07534872567,1
5569,10323487,Surname_5569,403,France,Male,26.0,0,22889.019548273907,1,0,1,148521.2863249058,0
5570,82062585,Surname_5570,768,France,Male,47.0,3,42748.551938123324,3,1,1,113953.8202459081,0
5571,61226232,Surname_5571,435,Germany,Male,50.0,2,234811.61952980864,1,1,0,20275.37167135351,0
5572,67421069,Surname_5572,471,France,Female,38.0,2,45810.68593820675,3,1,1,22340.861465830218,1
5573,42367655,Surname_5573,538,Germany,Male,45.0,0,92365.88320151214,3,1,0,60984.639225679886,1
5574,47210843,Surname_5574,458,Germany,,39.0,8,146368.55726669167,3,0,0,35086.08840785526,0
5575,40807407,Surname_5575,596,Germany,Male,47.0,7,199433.35017729626,4,0,0,28850.27158973094,1
5576,17712920,Surname_5576,773,Spain,Female,42.0,7,84838.5246796339,4,1,0,43813.647818529986,0
5577,52934937,Surname_5577,609,Germany,Female,57.0,0,139243.14696667017,3,1,1,44704.79908622692,1
5578,58142711,Surname_5578,705,France,Male,55.0,4,215044.91252266974,2,1,1,65642.16112876165,0
5579,48690622,Surname_5579,486,France,Female,20.0,2,155102.34159799287,1,1,0,60381.88041314271,0
5580,11106236,Surname_5580,443,Germany,Female,24.0,7,72053.869627021,1,0,0,114257.532624716,1
5581,31066139,Surname_5581,699,Germany,Male,19.0,8,98230.57377468514,1,0,1,65587.76439669196,0
5582,11775818,Surname_5582,377,Germany,Female,24.0,8,30664.09320459232,4,0,0,38304.514078417706,0
5583,93225229,Surname_5583,714,France,Female,20.0,2,179844.65529529768,2,1,0,147036.42018037642,1
5584,66044234,Surname_5584,526,Spain,Male,21.0,5,98539.3499887417,4,1,1,27739.078466962517,1
5585,94747569,Surname_5585,452,France,Male,56.0,9,151445.5130658392,2,0,0,37542.14466635724,0
5586,51131084,Surname_5586,514,Spain,Female,54.0,1,240204.33324639572,2,0,0,136049.0205852735,0
5587,53215779,Surname_5587,445,Germany,Male,30.0,6,129237.22856422365,4,1,0,91657.0731618649,1
5588,79807302,Surname_5588,534,Spain,Female,30.0,1,148085.77022820333,3,1,1,116498.81532282796,1
5589,59186663,Surname_5589,649,France,Female,40.0,0,159738.82210291913,2,1,1,13115.382394693064,0
5590,60290050,Surname_5590,402,France,Male,38.0,8,2123.502757277518,4,0,0,147434.20502911706,1
5591,84273585,Surname_5591,605,France,Male,47.0,0,35298.50843062451,3,0,1,112648.09273733398,0
5592,22470498,Surname_5592,779,Germany,Female,22.0,1,176953.98009853164,4,0,0,33705.717572433234,0
5593,67475761,Surname_5593,688,Spain,Male,35.0,6,54111.1844305521,1,0,0,49089.24271298163,0
5594,98666435,Surname_5594,405,Spain,Female,18.0,0,115185.1854053762,4,0,1,104120.67060521655,1
5595,21883537,Surname_5595,373,Spain,Female,41.0,7,44899.61485038452,4,0,0,123483.04795828405,1
5596,19284895,Surname_5596,399,Germany,Female,32.0,0,222213.1187387435,3,1,0,90916.49207687157,0
5597,37316930,Surname_5597,541,Spain,Female,51.0,3,74259.6212710242,3,0,1,46388.3643300016,1
5598,15706539,Surname_5598,473,Spain,Female,22.0,9,98825.6542093368,2,1,1,41753.89587185197,0
5599,93325937,Surname_5599,702,Germany,Male,28.0,9,226226.4159755143,4,0,0,14962.706063013944,0
5600,89273858,Surname_5600,498,Spain,Male,41.0,9,42565.30344766032,1,1,0,71112.107120725,0
5601,15866368,Surname_5601,601,France,Female,46.0,7,247040.05920452686,3,1,1,83444.0276357945,0
5602,40446515,Surname_5602,518,France,Female,41.0,5,191162.6371698091,4,1,1,73135.7610468,1
5603,17937335,Surname_5603,413,Germany,Female,35.0,1,189601.0186057514,2,0,1,51320.6220934651,1
5604,27803288,Surname_5604,755,Spain,Male,35.0,8,216749.34297487064,1,0,1,45429.89715144151,1
5605,78439995,Surname_5605,618,Spain,Male,34.0,6,42541.05421286255,1,1,1,132117.96950044754,1
5606,24366656,Surname_5606,580,Spain,Male,32.0,1,96749.81108166186,2,1,0,132143.52705242942,1
5607,92919434,Surname_5607,767,Germany,Male,49.0,2,87649.1134288982,4,0,0,90107.8903181383,1
5608,45534519,Surname_5608,511,Spain,Male,49.0,0,242753.61830148962,1,0,0,141429.8489607042,1
5609,98705945,Surname_5609,683,France,Male,25.0,2,107975.33070228621,2,0,0,99328.47370000836,0
5610,46567437,Surname_5610,417,Germany,Male,59.0,0,152772.7419612954,4,1,1,87270.06994027164,0
5611,31168188,Surname_5611,649,Germany,Male,30.0,0,217727.23592451794,2,1,1,141148.12112349225,0
5612,91006183,Surname_5612,476,Germany,Male,21.0,3,85547.40283823806,4,0,0,94274.53977159457,0
5613,78242778,Surname_5613,566,France,Male,26.0,0,107754.97970634446,1,1,0,123654.86059495746,1
5614,82755573,Surname_5614,691,Germany,Female,21.0,8,138479.6915954602,1,1,0,109308.4437511675,1
5615,81388705,Surname_5615,601,France,Male,23.0,0,45100.49054104926,4,0,0,138148.64405372227,1
5616,94069483,Surname_5616,457,Spain,Female,45.0,7,42826.79150730731,4,1,0,18726.084723741616,1
5617,27498747,Surname_5617,824,Spain,Female,57.0,1,28646.04678753882,2,0,0,129960.0252878707,0
5618,60704463,Surname_5618,488,Germany,Male,51.0,3,176000.00593395048,2,1,0,118089.27492017204,0
5619,48901678,Surname_5619,518,Spain,Male,51.0,7,28893.086353968254,4,1,1,94003.57388877375,1
5620,53033823,Surname_5620,561,Germany,Male,18.0,5,96339.40048461806,2,1,1,92454.63627035095,1
5621,33639471,Surname_5621,409,France,Female,53.0,9,222530.8202392136,3,0,0,118556.96838210268,0
5622,94949259,Surname_5622,693,Spain,Male,51.0,1,192476.3899392378,2,0,0,27898.002991839432,1
5623,61909173,Surname_5623,700,France,Female,38.0,8,57339.091825816315,4,0,0,69146.43304773296,1
5624,37618031,Surname_5624,409,Germany,Female,21.0,1,36209.81431614767,4,0,0,104334.89122929836,0
5625,39975505,Surname_5625,765,Spain,Male,48.0,9,165709.72989566516,2,1,0,126000.74328070514,1
5626,55167863,Surname_5626,809,France,Male,43.0,1,22200.55204184168,4,1,1,25938.038636373472,1
5627,89896319,Surname_5627,530,Germany,Female,42.0,3,55550.53316587152,3,1,0,141794.22601689474,0
5628,39290993,Surname_5628,722,Germany,Female,22.0,3,9651.249259978456,4,0,0,15098.637654556493,1
5629,83744867,Surname_5629,717,Germany,Male,42.0,5,29895.15850664401,3,0,1,79067.92656008602,0
5630,90527639,Surname_5630,500,Spain,Male,32.0,8,142170.00961820403,4,0,0,57150.76994057019,1
5631,14682840,Surname_5631,432,France,Male,54.0,2,167413.50439381864,4,0,1,50788.42474340674,1
5632,80243249,Surname_5632,819,France,Male,42.0,9,17748.987147807704,2,0,0,19151.96237336849,1
5633,57107705,Surname_5633,546,France,Male,53.0,5,118189.72699479108,4,1,1,14674.768791978888,0
5634,52360527,Surname_5634,834,Germany,Female,49.0,8,138187.5300375841,1,1,0,134400.15140976565,0
5635,88030709,Surname_5635,541,Spain,Female,50.0,1,181190.3910458565,2,0,0,69573.50636885541,0
5636,33178857,Surname_5636,734,Germany,Male,49.0,7,150800.66547297794,2,1,1,67986.83868455008,0
5637,76133236,Surname_5637,634,Germany,Female,30.0,3,16874.1342792042,4,1,1,92987.64917589579,1
5638,77883253,Surname_5638,758,France,Female,55.0,7,125458.16065359078,3,0,0,142009.9732493662,0
5639,87107901,Surname_5639,640,Germany,Female,23.0,3,49062.55688005651,4,1,1,143757.06150952613,0
5640,57732950,Surname_5640,780,France,Male,19.0,4,42757.4277859035,4,0,0,96630.66511271597,0
5641,65472457,Surname_5641,814,France,Male,30.0,9,13023.089203355154,1,1,1,115718.73893774787,0
5642,35488140,Surname_5642,586,Germany,Male,57.0,0,150909.419336119,3,1,0,77459.57341867284,1
5643,84775816,Surname_5643,771,Spain,Female,21.0,5,165446.81072995876,3,0,0,19759.47671238805,0
5644,42306186,Surname_5644,667,France,Female,39.0,0,193350.50981623444,4,1,0,102417.76868753758,0
5645,49526841,Surname_5645,674,Germany,Female,28.0,9,162321.76049716302,4,1,0,125304.78106837158,1
5646,31048670,Surname_5646,794,France,Female,33.0,8,44101.83284814473,3,1,1,39429.003357744776,1
5647,56365196,Surname_5647,681,Spain,Female,19.0,2,158907.2528864013,2,1,0,36828.880727044154,1
5648,85203162,Surname_5648,483,Germany,Male,42.0,0,201940.85519517897,2,1,0,29796.07539861243,1
5649,78222451,Surname_5649,812,Spain,Female,57.0,3,228251.87737624915,4,0,1,117589.66994412667,1
5650,36769126,Surname_5650,519,Germany,Male,28.0,5,231528.98920072298,2,1,0,54114.22816039978,1
5651,76090200,Surname_5651,745,Germany,Male,48.0,2,49713.75446869192,3,1,1,62200.88151433668,0
5652,55771978,Surname_5652,597,Germany,Male,40.0,9,110370.64054442372,2,1,1,21633.284554681763,1
5653,19525408,Surname_5653,794,Spain,Female,49.0,0,46082.58225758474,3,0,1,15425.056684487878,0
5654,15763841,Surname_5654,523,France,Female,41.0,4,196231.650956372,2,0,0,66051.68088066443,0
5655,84692640,Surname_5655,661,Spain,,26.0,6,77381.28844913488,2,1,1,43827.50705922107,1
5656,93064194,Surname_5656,832,France,Female,38.0,8,37524.195274205806,3,1,1,96811.77988227627,1
5657,78823757,Surname_5657,448,France,Male,53.0,5,102864.75531887775,4,0,1,33639.05719552104,0
5658,53712183,Surname_5658,450,Spain,Female,21.0,3,184710.8000864873,4,0,0,28847.529674904887,0
5659,86568546,Surname_5659,615,Spain,Male,25.0,5,156842.9687497844,2,1,1,126956.71994548451,1
5660,85911581,Surname_5660,669,Germany,Male,18.0,2,204753.44514060955,3,0,0,115435.44515518307,0
5661,94928628,Surname_5661,379,Germany,Male,19.0,6,130085.55656470047,2,0,0,122641.5024237129,0
5662,73094051,Surname_5662,447,France,Female,34.0,9,97494.3704812318,4,1,1,77629.55759361829,1
5663,68792000,Surname_5663,723,Spain,Male,58.0,9,51736.148818487454,3,1,1,63343.57932931873,1
5664,12600748,Surname_5664,736,Germany,Male,55.0,0,192304.77562540895,3,0,0,139570.00253633363,1
5665,65667116,Surname_5665,543,Spain,Female,41.0,7,143519.08447284542,3,0,0,36526.03238574923,0
5666,97999782,Surname_5666,788,France,Male,41.0,3,62119.376007995,3,1,0,45440.73722786647,1
5667,50192473,Surname_5667,791,France,Female,50.0,7,131871.2442028225,2,1,1,90134.18418808565,0
5668,93277534,Surname_5668,508,Germany,Female,52.0,9,170120.29130139717,4,1,0,66620.40186859752,0
5669,53437393,Surname_5669,575,Spain,Female,18.0,6,214003.72519500137,3,1,1,88079.85122590099,1
5670,59708603,Surname_5670,744,Spain,Male,39.0,4,247179.871107059,3,0,0,148079.5932023399,1
5671,57116933,Surname_5671,433,France,Male,48.0,2,114132.24156275734,1,0,0,37614.545819061386,1
5672,48421314,Surname_5672,761,France,Male,51.0,0,210536.33092667925,3,1,1,29610.493762940227,0
5673,43262007,Surname_5673,478,France,Female,29.0,1,99304.31607242738,1,0,0,98221.84820834543,1
5674,32158585,Surname_5674,545,Germany,Female,35.0,4,67321.41179812889,3,0,0,121816.34504865222,0
5675,77466239,Surname_5675,446,Germany,Female,45.0,3,48311.540309046024,3,1,1,80602.63269445795,1
5676,58736222,Surname_5676,674,Spain,Male,32.0,9,181240.1614989498,3,1,1,34065.36095571064,0
5677,96574150,Surname_5677,554,Spain,Male,56.0,1,45836.17783405725,2,0,1,18335.478575868154,1
5678,76107043,Surname_5678,576,France,Male,45.0,0,107018.32108385592,2,1,1,134253.69419567124,1
5679,31499489,Surname_5679,495,France,Female,42.0,1,147131.94580742842,1,0,0,118168.05228473149,0
5680,81385463,Surname_5680,455,Spain,Male,51.0,8,95801.77536454723,4,1,1,73445.25249532884,1
5681,46218705,Surname_5681,429,France,Female,55.0,8,181632.45013757408,4,1,1,68373.271367137,0
5682,13840829,Surname_5682,376,France,Female,40.0,1,179310.72374706215,3,1,0,48675.21969266027,1
5683,64831875,Surname_5683,828,Germany,Male,34.0,0,114258.37857945709,4,1,0,125988.7543492581,0
5684,23694186,Surname_5684,594,Germany,Female,36.0,3,18708.72480922664,3,1,1,11049.46292901259,1
5685,94031201,Surname_5685,604,France,Female,45.0,2,220810.36815166104,2,0,0,50644.58460947209,1
5686,51631189,Surname_5686,571,France,Female,32.0,6,158972.62498929046,3,0,0,23593.481388587505,0
5687,36945864,Surname_5687,401,France,Female,38.0,4,249209.01060751715,4,1,0,65429.445941704085,0
5688,35301953,Surname_5688,687,Spain,Female,18.0,6,159944.29998449393,1,1,1,113244.13606113318,1
5689,50574396,Surname_5689,415,Spain,,25.0,8,108645.43092128947,2,0,0,96831.82140117258,1
5690,29042631,Surname_5690,515,France,Male,25.0,4,47777.6505817645,2,1,1,94571.05996434635,1
5691,16764732,Surname_5691,645,Spain,Male,19.0,2,6945.972636804964,2,1,0,43746.137766623855,1
5692,23978831,Surname_5692,741,France,,20.0,3,228086.10010116088,4,0,1,133653.80580671824,1
5693,43674215,Surname_5693,596,Germany,Female,56.0,5,97019.20701425149,3,1,1,109892.99819348601,0
5694,15400432,Surname_5694,726,Spain,Female,27.0,1,78831.77211456904,1,0,1,73562.19550541576,1
5695,32068975,Surname_5695,599,Germany,Male,53.0,1,39302.44418580672,1,0,1,81586.38621042999,0
5696,85204355,Surname_5696,712,Germany,Male,54.0,5,236546.4252423606,1,0,1,116688.8745467984,0
5697,41500108,Surname_5697,387,Germany,Female,53.0,3,131916.55520345524,2,0,1,141564.12757726098,1
5698,20830729,Surname_5698,757,Spain,Female,28.0,1,83091.83109481177,2,0,1,115651.77872156276,0
5699,71478214,Surname_5699,410,France,Female,55.0,8,185825.41287541977,4,0,1,18155.91458885247,0
5700,38014925,Surname_5700,515,France,Female,59.0,0,44830.37306140639,1,1,0,111047.6315173309,0
5701,61570981,Surname_5701,638,Spain,Female,33.0,1,8645.938088963883,1,1,1,31854.99720223178,0
5702,46994965,Surname_5702,794,France,Male,35.0,0,212674.69586365527,1,1,0,72785.09434005208,0
5703,86578828,Surname_5703,426,Germany,Female,30.0,2,110355.32313033559,2,0,1,137548.71974525455,1
5704,29804656,Surname_5704,541,Germany,Male,41.0,0,121199.53368419115,4,1,0,63138.2051527883,1
5705,99853252,Surname_5705,602,France,Female,28.0,7,201292.98757150295,3,1,0,82339.2002668988,1
5706,39995538,Surname_5706,425,Germany,Female,48.0,3,152620.77221011175,2,0,0,63638.06072861383,1
5707,10101175,Surname_5707,577,Spain,Female,18.0,8,65936.483481007,3,0,1,124486.55420656438,1
5708,95590699,Surname_5708,803,France,Male,53.0,3,229323.81671275938,1,1,0,42391.552878418224,0
5709,76013986,Surname_5709,375,Spain,Male,43.0,6,4756.5653161179835,4,0,1,135043.9122237972,0
5710,37540912,Surname_5710,471,Germany,Male,45.0,0,121068.67699083562,2,1,1,32462.88090220209,0
5711,83003335,Surname_5711,668,France,Female,54.0,2,53957.38813867018,4,1,0,99461.57410316922,0
5712,31760739,Surname_5712,644,France,Male,52.0,8,219987.30905910546,1,1,0,113628.22097331645,1
5713,64526155,Surname_5713,642,Spain,,57.0,5,80104.67148521403,4,1,0,101584.95855362715,1
5714,21851298,Surname_5714,507,France,Male,32.0,6,45939.28695836702,1,1,0,35117.564532444216,0
5715,39389535,Surname_5715,796,France,Female,25.0,3,125385.46023484196,2,0,0,112790.67987295987,0
5716,34082864,Surname_5716,589,France,Male,30.0,6,222419.70113127268,1,1,1,76515.4996600281,0
5717,67601421,Surname_5717,521,France,Female,33.0,1,24809.790330469317,2,1,1,50300.89925744339,0
5718,52123276,Surname_5718,625,Germany,Male,49.0,0,228228.87217119575,2,0,0,96966.96527226787,0
5719,48853125,Surname_5719,849,Germany,Female,42.0,7,73651.56141443647,3,0,1,30458.090837725453,0
5720,48745686,Surname_5720,839,Spain,Male,53.0,5,221201.21581354368,2,1,1,141580.38148732096,0
5721,77012363,Surname_5721,686,Spain,Female,57.0,8,245002.7196725386,4,1,1,139739.22357624036,0
5722,59077829,Surname_5722,681,Germany,Male,41.0,4,163332.4300874973,3,1,0,139771.4597112243,0
5723,94142989,Surname_5723,714,France,Male,53.0,5,9165.485866371448,2,0,1,104223.4461089363,0
5724,19244435,Surname_5724,689,Germany,Male,26.0,0,190751.35690001753,1,1,0,116239.7594843847,1
5725,98401194,Surname_5725,560,Spain,Male,30.0,4,47732.52457109159,3,0,0,119336.29907302765,0
5726,71069537,Surname_5726,417,Spain,Female,53.0,8,1856.8058513625806,2,0,1,100248.65991289805,0
5727,72126627,Surname_5727,458,France,Female,47.0,1,213728.32225330872,1,0,1,71673.07451565216,1
5728,14739985,Surname_5728,482,Spain,Female,31.0,3,178566.14919437756,3,1,1,122659.6041625385,0
5729,22518469,Surname_5729,528,France,Male,57.0,4,37457.76344587648,4,0,1,118859.27669310872,0
5730,85395526,Surname_5730,362,France,,56.0,4,80556.88919533654,3,0,0,135300.47155851222,0
5731,27166552,Surname_5731,551,Spain,Male,42.0,3,14591.302218971314,4,1,1,25373.63665271786,0
5732,47429971,Surname_5732,845,France,Female,49.0,4,17614.54896504333,2,0,0,58985.42549404613,1
5733,45792768,Surname_5733,580,Spain,Female,51.0,3,171140.02473831418,4,0,0,52859.58111459428,0
5734,33696500,Surname_5734,629,Spain,Male,28.0,7,237669.97052876052,4,1,1,82770.97488321917,0
5735,76003494,Surname_5735,524,Spain,,57.0,2,180420.95949607412,3,1,0,84260.15194338957,0
5736,84767156,Surname_5736,393,Spain,Male,41.0,0,114193.66431511988,4,0,0,129491.92305377217,0
5737,53787029,Surname_5737,777,France,Male,25.0,9,88908.84470733993,4,0,1,122489.31429305304,1
5738,68135523,Surname_5738,454,France,Female,59.0,2,212608.79114985853,3,1,0,60799.93374541142,1
5739,22357951,Surname_5739,739,Spain,Female,42.0,0,125423.52732390397,1,0,0,97265.93258314715,0
5740,69162549,Surname_5740,416,Germany,Female,31.0,9,71910.5934063661,1,0,1,81629.20555643424,0
5741,35288159,Surname_5741,516,Germany,Male,26.0,3,100211.05291114074,4,0,0,113243.21008925464,1
5742,21674853,Surname_5742,399,France,Male,25.0,6,98331.89560126582,4,1,1,27491.34693563762,1
5743,36500815,Surname_5743,791,Germany,Female,21.0,8,17178.53503474634,2,1,1,35903.01784938625,0
5744,72986119,Surname_5744,435,France,Female,20.0,4,247782.40748072567,3,0,1,22569.33213226237,0
5745,50659724,Surname_5745,452,France,Male,20.0,4,115378.62171195989,2,0,1,54180.285667980716,0
5746,66936587,Surname_5746,521,France,Female,27.0,4,172484.50568070123,3,0,0,144689.10905823886,0
5747,68985617,Surname_5747,842,Spain,Male,59.0,1,98152.04521646012,3,0,0,107008.04838965273,0
5748,35398194,Surname_5748,655,France,Male,38.0,1,42826.38441733869,1,1,0,42924.46938191188,0
5749,75535598,Surname_5749,844,France,Female,22.0,8,199931.92671549658,4,0,0,128252.34725354191,1
5750,52943712,Surname_5750,354,France,Male,38.0,0,206311.3493754427,2,1,0,19989.092557262687,1
5751,32912831,Surname_5751,781,France,Female,58.0,0,67590.25835707999,3,0,1,137941.78763023618,1
5752,30286987,Surname_5752,487,France,Female,45.0,2,208097.92681422312,4,0,1,58891.41442028589,0
5753,48755541,Surname_5753,765,Germany,Female,49.0,3,83417.74086793655,2,0,0,117155.8323882518,0
5754,32503825,Surname_5754,627,France,Female,58.0,6,172677.87002354264,4,1,0,75406.29843068874,1
5755,89564804,Surname_5755,389,Germany,,20.0,1,226235.95881457737,2,1,1,105644.2083273227,0
5756,54989636,Surname_5756,596,Spain,Female,38.0,9,4761.558684756112,1,0,1,85596.97456733731,1
5757,99719169,Surname_5757,710,Spain,Female,38.0,0,214479.3197031328,4,1,0,111523.75093464776,0
5758,96255197,Surname_5758,592,Germany,Male,44.0,2,101637.91573847093,1,0,0,128567.47896924232,0
5759,92843413,Surname_5759,638,Spain,Male,27.0,6,6710.80704088961,2,1,0,26747.46110237426,0
5760,21633601,Surname_5760,403,Germany,Female,49.0,4,30046.387657086587,1,0,1,30850.93104797002,0
5761,48101493,Surname_5761,383,Spain,Female,38.0,5,189891.9635348219,1,0,0,23068.438784221144,0
5762,33369436,Surname_5762,625,Germany,Male,21.0,3,78705.21447503324,1,0,0,149134.72777366545,1
5763,49647769,Surname_5763,575,Germany,Female,41.0,7,228844.68078801557,4,1,1,124937.18718070287,1
5764,49335475,Surname_5764,654,Spain,,44.0,1,45513.07238689489,4,0,1,26913.76063682719,0
5765,82235562,Surname_5765,582,Germany,Male,28.0,6,191996.42871129359,4,0,1,125832.96025112545,1
5766,54075610,Surname_5766,619,France,Male,49.0,2,73069.87841293178,4,0,0,13336.118198723807,1
5767,80522800,Surname_5767,821,Spain,Male,45.0,7,32896.54780307366,1,1,1,18805.74590341983,1
5768,35744924,Surname_5768,848,Spain,Female,23.0,0,212007.56150118957,1,1,1,94696.20126331956,1
5769,93407195,Surname_5769,769,Spain,Male,44.0,4,53514.17929481395,2,0,1,146343.61851522035,1
5770,20190529,Surname_5770,520,Spain,Male,36.0,7,196437.0093695863,4,0,0,137329.36700511217,0
5771,24270426,Surname_5771,732,Spain,Female,52.0,1,149150.21787384266,2,0,1,16763.64269600012,0
5772,95045012,Surname_5772,598,Germany,Male,53.0,9,106121.72865071168,4,1,0,93476.30031416813,1
5773,60184590,Surname_5773,451,Germany,Female,40.0,5,13640.138767942233,3,0,0,66873.70411580167,1
5774,59615878,Surname_5774,642,Spain,Female,45.0,2,145255.6036158984,3,1,1,43511.83770752234,0
5775,19262383,Surname_5775,546,Germany,Female,54.0,0,121808.8691733777,2,1,1,123668.09588287263,1
5776,21659851,Surname_5776,427,Spain,Female,19.0,1,129873.78811539918,2,1,1,37357.43583606965,0
5777,48052201,Surname_5777,821,Germany,Male,30.0,8,196693.04702709604,1,0,0,68927.00064626557,0
5778,67073087,Surname_5778,483,Spain,Female,58.0,1,33309.25562345941,4,1,0,57818.37921858857,1
5779,50486591,Surname_5779,418,Germany,Female,27.0,7,137403.42333152657,3,1,0,56541.544831665684,0
5780,28849347,Surname_5780,735,Spain,Male,24.0,1,182121.12283709974,2,1,1,17352.370304231077,0
5781,66828015,Surname_5781,385,Spain,Female,20.0,2,132009.78091134006,4,0,0,90823.09138471994,0
5782,72049395,Surname_5782,786,Germany,Male,29.0,3,145267.66511180322,1,0,0,36857.45204872915,0
5783,39800939,Surname_5783,379,France,Female,45.0,5,104415.57578619829,1,1,1,61870.053327928064,1
5784,98870888,Surname_5784,772,Germany,Male,23.0,7,101198.52955854373,2,0,0,67434.05972774961,0
5785,27347659,Surname_5785,832,Spain,Female,44.0,3,6684.0820116718105,4,0,1,39696.60296782803,0
5786,21660085,Surname_5786,503,Germany,Female,55.0,2,33860.07292486207,3,1,1,13410.95944963718,0
5787,85668576,Surname_5787,813,Spain,Male,41.0,7,117404.8116582308,4,0,1,67442.76310154833,1
5788,71266573,Surname_5788,714,France,Female,53.0,6,61203.175819823155,2,1,0,107906.07874961206,0
5789,36658600,Surname_5789,649,Germany,Male,45.0,3,248733.71213768437,3,0,0,40521.174020371516,0
5790,19624493,Surname_5790,652,Spain,Female,22.0,9,227727.56363569674,3,1,1,27959.20747064058,0
5791,57414848,Surname_5791,439,Germany,Female,35.0,3,167796.63081423842,1,1,1,77593.40181335225,0
5792,87189987,Surname_5792,675,Germany,Female,44.0,7,95205.24817699063,4,0,1,103418.45956546965,0
5793,32233442,Surname_5793,807,Germany,Female,44.0,7,64662.28418464601,1,1,0,76749.66118070608,0
5794,11760022,Surname_5794,377,Germany,Male,24.0,3,151744.51578774073,2,1,1,147261.96931039874,1
5795,78770049,Surname_5795,836,France,Male,36.0,9,194641.88540691367,3,0,0,93974.95157206857,1
5796,88638142,Surname_5796,753,France,Female,57.0,8,138628.1107828166,1,1,1,18738.172115933827,1
5797,88942063,Surname_5797,574,France,Female,19.0,7,166041.4848495662,3,1,1,43464.411577092134,1
5798,13681947,Surname_5798,821,Spain,Female,41.0,5,31830.764054263465,3,0,1,115883.29299947589,1
5799,80032898,Surname_5799,835,Spain,Male,33.0,2,135489.296944064,3,1,0,69339.82074908573,1
5800,65092921,Surname_5800,837,France,Male,34.0,4,74513.3700393747,3,1,1,17693.070012606095,1
5801,39873415,Surname_5801,577,France,Female,32.0,4,214422.27332490825,1,1,1,118496.68171885036,0
5802,81532834,Surname_5802,584,Spain,Male,21.0,2,27964.482765349658,3,0,0,23998.63504946214,1
5803,73946041,Surname_5803,409,Spain,Male,37.0,2,179521.73009732243,1,1,0,65618.54206005423,1
5804,66744937,Surname_5804,476,Spain,Female,47.0,9,165909.23916849474,3,0,0,125375.87735932117,1
5805,81635076,Surname_5805,472,Spain,Female,19.0,7,227569.51343668738,2,0,0,117131.26616843283,1
5806,97018304,Surname_5806,639,France,Male,58.0,2,59151.792160563906,4,1,0,122504.55214934022,1
5807,68173557,Surname_5807,831,Germany,Female,48.0,6,43392.53295043224,4,1,0,114982.10114985575,1
5808,94950114,Surname_5808,780,Spain,Male,24.0,7,219044.46127421345,1,1,1,64047.44550821752,0
5809,94668772,Surname_5809,414,Germany,Female,39.0,4,115869.72406641801,3,1,1,142460.02607124284,0
5810,10635689,Surname_5810,707,Germany,Female,32.0,6,219356.79616219044,1,0,0,109170.3478264114,0
5811,22589305,Surname_5811,484,Spain,Male,35.0,0,21480.84388908758,1,1,0,77122.67827671854,0
5812,64721872,Surname_5812,554,Spain,Female,33.0,5,25859.607270950102,2,1,0,100278.41536036249,0
5813,78455326,Surname_5813,399,Spain,Female,43.0,3,215487.5128873048,2,0,0,53178.962098570606,1
5814,77229094,Surname_5814,569,Spain,Male,54.0,0,203816.17975643906,4,0,0,137696.262295869,1
5815,67842585,Surname_5815,721,Spain,Female,40.0,7,222813.15578263253,1,0,1,140107.65475618112,0
5816,15591057,Surname_5816,442,Spain,,25.0,4,63329.41045887983,2,0,1,97524.21854436299,1
5817,29072462,Surname_5817,838,Germany,Male,46.0,2,146266.03508771103,1,0,0,109314.95475065162,1
5818,87991575,Surname_5818,351,France,Male,31.0,1,96490.92665167572,4,1,0,96167.26121048769,1
5819,78625090,Surname_5819,595,France,Female,49.0,4,197384.8451750414,2,0,1,72586.59228484437,1
5820,26362679,Surname_5820,576,Germany,Female,56.0,3,155450.24605861044,3,0,0,55346.29605465959,0
5821,54497742,Surname_5821,654,Germany,Female,37.0,8,217991.53114524894,2,0,0,138777.09674871434,1
5822,33977821,Surname_5822,782,Spain,Female,58.0,8,189411.07838349408,2,0,1,149880.83233634674,1
5823,28641353,Surname_5823,731,Spain,Male,20.0,8,18953.525342532084,3,1,1,39875.39729202913,0
5824,95894379,Surname_5824,670,Germany,Male,57.0,0,120279.90336658387,4,0,1,68847.24536583929,1
5825,30944536,Surname_5825,687,France,Male,41.0,8,114588.43073801845,3,0,1,98135.32011619674,0
5826,56302467,Surname_5826,715,France,Male,46.0,5,237868.32950793792,4,1,1,101500.48245985911,0
5827,73651146,Surname_5827,773,Germany,Male,32.0,3,66214.31947853797,4,0,0,126455.65471995383,0
5828,68215313,Surname_5828,710,Germany,Male,39.0,1,91472.60686877415,1,0,1,74725.66680451609,0
5829,23949880,Surname_5829,489,Germany,Female,24.0,7,97035.88101138466,2,0,0,55910.67885900782,0
5830,15804291,Surname_5830,352,France,Female,52.0,2,128201.8438479754,1,0,1,132015.7264564616,0
5831,24820247,Surname_5831,648,France,Female,32.0,3,74882.4526465711,4,1,0,65146.900238692506,0
5832,45611390,Surname_5832,657,France,Female,33.0,9,159109.3122544185,2,0,1,19919.970064255605,0
5833,84924764,Surname_5833,485,Spain,Female,30.0,7,176487.70118761103,4,1,1,88182.52809835273,1
5834,92550725,Surname_5834,455,Germany,Female,31.0,7,181324.25794447225,3,0,0,11499.312531663147,0
5835,30001281,Surname_5835,622,France,Female,44.0,5,15681.889082885924,2,0,1,72066.94191443344,1
5836,95733984,Surname_5836,494,Spain,Female,35.0,5,108501.36222421277,1,1,0,99787.19383701657,0
5837,83465519,Surname_5837,516,France,Male,22.0,9,88170.30420584645,4,1,1,149991.7588056322,0
5838,56547134,Surname_5838,674,Germany,Male,55.0,3,59483.77828101728,4,0,0,78933.20382687921,1
5839,43950228,Surname_5839,442,France,Female,31.0,4,45457.31437648176,3,0,1,107226.8915912755,0
5840,28749634,Surname_5840,708,Spain,Male,37.0,3,192128.60114518518,3,1,1,91755.09099681913,1
5841,70021857,Surname_5841,799,Germany,Male,37.0,0,162507.43694834522,1,0,1,129246.108123439,1
5842,78995331,Surname_5842,575,France,Female,39.0,3,181703.20807000677,1,0,1,68536.94308330663,1
5843,64541264,Surname_5843,828,Spain,Male,55.0,9,67779.30134425814,1,0,1,28825.90228970279,1
5844,38343171,Surname_5844,535,Spain,Male,37.0,0,134474.2341385724,3,1,0,24313.57980515351,1
5845,86246921,Surname_5845,803,France,Male,29.0,8,95171.24221365176,4,0,1,100579.67159172716,0
5846,70634031,Surname_5846,389,Germany,Male,28.0,3,23776.341606405294,2,1,0,130426.07174498777,0
5847,52046563,Surname_5847,762,France,,23.0,4,127002.32806469711,2,1,1,49531.6207981663,1
5848,61344337,Surname_5848,783,France,Female,30.0,2,210466.3017736658,1,1,0,28214.920712581745,0
5849,31005096,Surname_5849,444,Spain,Female,41.0,4,92.63625400743325,3,1,0,78157.41093813382,1
5850,11349363,Surname_5850,477,France,Female,37.0,1,208177.73446934306,2,0,1,147930.79423851948,1
5851,80832657,Surname_5851,608,France,Male,46.0,2,233725.15372383306,3,1,0,111363.46142387942,0
5852,94729444,Surname_5852,429,Germany,Male,43.0,8,207096.73501707302,3,1,1,100289.09334809834,1
5853,48186734,Surname_5853,431,France,Female,29.0,5,151032.95480116378,2,0,1,103998.99929226952,1
5854,51782804,Surname_5854,812,France,Female,32.0,4,210016.04484623906,2,0,1,142086.7926484123,0
5855,21008042,Surname_5855,613,Spain,Female,19.0,9,106309.71478613834,2,0,0,132111.5020846459,1
5856,16504221,Surname_5856,404,France,Female,35.0,4,221684.07133390527,4,0,0,134164.22440731476,0
5857,42455036,Surname_5857,597,Spain,Female,23.0,5,192807.97634508676,2,0,1,11026.628871451205,0
5858,52093956,Surname_5858,497,France,Female,23.0,3,177706.15459242737,2,1,1,97437.19421325093,1
5859,80946404,Surname_5859,804,Spain,Male,27.0,5,227351.7482906494,4,1,1,62830.118732333525,1
5860,15648401,Surname_5860,439,Spain,Female,28.0,0,169576.13884606663,4,1,1,54589.71418741666,0
5861,48017369,Surname_5861,431,Spain,Male,34.0,6,154526.70458907814,1,1,1,78542.3103524009,1
5862,83204706,Surname_5862,704,Germany,Male,49.0,2,124706.86791942052,3,0,1,22844.304362266732,0
5863,90379889,Surname_5863,551,Germany,Female,55.0,0,69773.44531377924,2,1,1,134810.24072770117,1
5864,87252188,Surname_5864,452,Germany,,29.0,8,231349.57544603158,3,0,0,144652.6350614829,0
5865,33772923,Surname_5865,774,Germany,Male,36.0,4,178494.55973136215,3,1,1,73892.06461549627,0
5866,13900262,Surname_5866,464,Germany,Female,43.0,7,19140.64058863485,4,0,1,66797.52054047247,1
5867,97776215,Surname_5867,426,France,Female,21.0,2,168675.7271534411,3,1,0,114670.3441573458,0
5868,23291710,Surname_5868,435,Germany,Male,32.0,9,238689.18195139323,2,0,1,62116.93400329314,0
5869,32914939,Surname_5869,646,France,Female,40.0,3,136454.5594564547,3,0,1,66922.29285735579,0
5870,45352102,Surname_5870,706,Spain,Female,58.0,4,54542.589499060545,4,0,1,63893.74467290569,1
5871,74842953,Surname_5871,538,France,Male,47.0,4,131491.53208789372,2,1,1,28591.203546422115,0
5872,15587775,Surname_5872,644,Spain,,35.0,0,147135.08039376818,3,1,0,105137.19167828206,1
5873,40190697,Surname_5873,375,France,,45.0,1,90301.45229616699,1,0,0,140806.87878541648,0
5874,63338586,Surname_5874,597,Germany,Female,34.0,1,201713.51263729393,2,0,0,126379.67504007896,1
5875,17733199,Surname_5875,748,Germany,Female,51.0,7,11827.453058576271,1,0,1,61277.46346776631,0
5876,22049281,Surname_5876,485,Spain,Male,51.0,6,107968.75705063232,1,1,0,141630.0782498195,1
5877,67898163,Surname_5877,659,Spain,Female,27.0,3,56561.019659000594,2,0,0,81737.80750909836,0
5878,23329178,Surname_5878,527,Germany,,39.0,9,10541.354215450549,1,0,1,91887.82414389362,0
5879,83236002,Surname_5879,709,Spain,Female,31.0,0,78417.30905220193,2,0,1,69076.78996894968,0
5880,79400262,Surname_5880,654,Spain,Female,51.0,6,214389.54871134547,4,1,0,115859.32382902704,1
5881,81279298,Surname_5881,623,Germany,Female,27.0,9,54525.20904277261,1,0,1,47136.60809621461,0
5882,97535136,Surname_5882,723,France,Female,27.0,3,145303.40925323853,4,0,0,87993.85108495502,0
5883,76646162,Surname_5883,638,Germany,Male,59.0,0,10451.00346069061,2,0,1,60570.45252128262,1
5884,67670380,Surname_5884,843,Germany,Male,35.0,1,197067.20041723835,4,0,0,89671.79849209973,1
5885,43676417,Surname_5885,742,Germany,Female,21.0,0,106228.64107468862,4,0,1,106609.02494466171,1
5886,96074650,Surname_5886,388,France,Female,41.0,2,132954.70527801465,2,1,0,56266.660272350666,0
5887,44302530,Surname_5887,844,France,Female,56.0,5,200145.096282052,3,0,1,116551.2198389741,1
5888,24791152,Surname_5888,735,Germany,Male,43.0,3,134524.19174709986,2,1,1,79473.26943212864,1
5889,92469913,Surname_5889,360,France,Male,53.0,8,143832.90748622725,2,0,1,138246.7524834961,1
5890,71075007,Surname_5890,489,France,Female,57.0,1,247261.80388357805,3,1,1,60315.79635121106,1
5891,65189592,Surname_5891,719,Spain,Male,51.0,1,194746.71813556686,3,1,1,14580.935545691198,1
5892,70850456,Surname_5892,443,Germany,,48.0,9,155951.0815704853,3,0,1,131249.81549531792,1
5893,67588876,Surname_5893,544,France,Male,28.0,6,22921.250585212772,2,1,0,29106.565252605775,1
5894,34090565,Surname_5894,547,France,Female,46.0,1,221957.01897367937,1,1,1,112003.34490951092,0
5895,32578318,Surname_5895,394,Spain,Female,33.0,1,89108.25283301763,3,1,0,45605.4080069275,1
5896,12958795,Surname_5896,547,Spain,Male,44.0,2,49296.35671938792,2,1,1,101695.5887702816,1
5897,14948029,Surname_5897,669,Germany,Male,49.0,4,37166.54532868044,2,0,0,68745.18267075764,1
5898,23933824,Surname_5898,461,France,Male,42.0,4,153100.8479868682,1,1,1,90283.44858511422,1
5899,30264327,Surname_5899,687,Spain,Male,35.0,3,186487.6370825969,4,1,0,77382.20705696839,1
5900,29468545,Surname_5900,536,France,Female,27.0,6,128716.02990200778,1,0,1,99606.34171181054,0
5901,21439467,Surname_5901,514,Germany,Female,19.0,5,215277.45973650794,2,1,0,45005.04609268628,0
5902,98130629,Surname_5902,558,France,Female,45.0,8,12746.372737608091,3,1,1,42732.261995295645,1
5903,18737050,Surname_5903,626,Germany,Male,42.0,8,160404.76020576214,2,1,1,38444.487240851886,0
5904,83780238,Surname_5904,804,Spain,Female,25.0,1,111017.71002643688,2,0,1,92386.34437930367,1
5905,53682215,Surname_5905,475,Spain,Female,38.0,7,40544.87128412479,3,0,1,70374.18354805309,0
5906,66385331,Surname_5906,788,Spain,Female,58.0,6,50745.818950086425,1,0,1,102258.92765308917,0
5907,43291220,Surname_5907,667,Germany,Female,26.0,4,174808.14488600468,3,1,0,140989.49466424203,1
5908,47044061,Surname_5908,690,Spain,Female,53.0,8,207198.81835149013,3,0,1,28546.70315896313,0
5909,35920457,Surname_5909,355,Germany,Male,43.0,8,158013.5263594137,2,0,1,106395.29900919809,0
5910,77706336,Surname_5910,478,Spain,Female,56.0,7,84858.61829268835,1,0,1,20569.886271026277,1
5911,55936766,Surname_5911,591,Spain,Male,49.0,0,207229.28132245233,2,0,1,146412.2606569219,1
5912,56762602,Surname_5912,516,Spain,Male,33.0,0,125440.90485376763,4,1,1,145554.93995321976,0
5913,16144174,Surname_5913,595,Germany,Female,20.0,9,207483.3052236142,3,0,1,143229.2424500264,1
5914,44325543,Surname_5914,665,Germany,Male,21.0,8,23169.913667402147,4,1,1,51106.64018593985,0
5915,40195134,Surname_5915,412,France,Male,50.0,8,231003.0232599731,4,0,0,68137.44798039913,0
5916,37747781,Surname_5916,504,Germany,Male,54.0,8,244774.33113653547,3,0,1,80575.26199500279,1
5917,31768096,Surname_5917,702,France,Female,26.0,6,86354.11347413855,4,1,1,136160.8207482086,1
5918,17592005,Surname_5918,785,Germany,Male,26.0,6,37744.10184534402,3,1,1,68153.52344941082,1
5919,88989956,Surname_5919,528,Spain,Female,27.0,7,237425.928709491,3,0,0,91043.40930482918,1
5920,43380779,Surname_5920,753,France,Male,34.0,0,229340.6602181928,3,0,0,40484.09811951285,1
5921,54428734,Surname_5921,813,France,Female,27.0,1,175489.19672637427,3,1,1,58113.71153174178,0
5922,55825548,Surname_5922,398,Germany,Female,49.0,6,71632.94725482853,2,1,0,85399.03287847407,1
5923,63687797,Surname_5923,534,France,Male,28.0,2,25638.250870975542,1,1,0,48792.613200016975,0
5924,44378047,Surname_5924,803,France,Female,32.0,0,61219.696598611234,2,0,0,72142.29032949888,1
5925,30123670,Surname_5925,692,France,Male,36.0,1,157129.41892398577,4,1,1,27205.982665250467,0
5926,19489273,Surname_5926,643,France,Female,57.0,6,80109.44490780086,2,1,0,128130.04590754664,0
5927,99766823,Surname_5927,754,Germany,Male,53.0,6,133850.1748457777,2,0,0,95688.61249376288,1
5928,52048297,Surname_5928,487,France,,54.0,6,89822.92985551374,2,0,0,20240.54886368985,1
5929,76240968,Surname_5929,396,Germany,Male,52.0,3,153342.64764585526,3,0,0,51471.320000382046,1
5930,18312031,Surname_5930,469,Germany,Female,49.0,8,232836.40061380685,1,1,1,38416.26279752891,1
5931,34963665,Surname_5931,523,Spain,,46.0,1,47740.336228527136,2,1,1,66842.65208965985,1
5932,92205745,Surname_5932,373,Germany,Male,37.0,5,206367.27581345008,3,1,1,85685.51505457284,0
5933,47066298,Surname_5933,568,France,Female,23.0,0,19166.470732045054,2,0,1,24806.167903108057,0
5934,42040207,Surname_5934,513,Germany,Female,52.0,7,245007.66907851532,1,0,0,48743.70754343459,0
5935,17661433,Surname_5935,529,France,Female,58.0,1,195615.43870705194,1,1,1,21770.315649454926,1
5936,84716800,Surname_5936,464,Germany,Female,58.0,2,36747.906581974996,4,0,0,82226.90872117742,1
5937,22067296,Surname_5937,580,France,Female,34.0,7,133436.39492119537,3,0,1,113215.97920396643,1
5938,95752751,Surname_5938,398,Germany,Male,24.0,6,247769.81366448986,1,0,0,136834.1823756472,1
5939,90701833,Surname_5939,612,Germany,Male,23.0,9,131233.5774125527,4,1,0,30742.585409065367,1
5940,19527464,Surname_5940,670,Germany,Male,50.0,2,14791.663122188187,2,1,1,96626.76380432076,1
5941,76384884,Surname_5941,762,Germany,Female,38.0,2,214829.02828972318,2,0,0,147094.3169624737,1
5942,34309242,Surname_5942,637,France,Female,37.0,6,82614.96979038313,4,0,0,94285.8973474529,1
5943,38716451,Surname_5943,359,France,Female,30.0,0,107288.07792897992,3,1,1,55145.40399814186,0
5944,32479809,Surname_5944,792,Germany,Female,22.0,3,29956.403661727916,2,0,1,78610.60202979042,1
5945,23079032,Surname_5945,692,Spain,Male,39.0,8,166227.2121244984,3,0,0,87099.60302672326,0
5946,34057232,Surname_5946,795,Germany,Male,59.0,7,133385.862886045,2,0,0,25143.90489133918,1
5947,62857403,Surname_5947,613,France,Female,45.0,9,25148.0393156652,3,0,1,31996.007274970092,0
5948,77346872,Surname_5948,843,Spain,Male,59.0,2,196832.1057578695,1,1,1,75615.30356989728,0
5949,16310034,Surname_5949,775,France,Male,56.0,4,48950.430275140956,2,1,1,72883.86998983615,1
5950,44004414,Surname_5950,827,Spain,Male,52.0,6,188674.12353023246,4,0,1,128761.56434031954,0
5951,62251883,Surname_5951,498,Spain,Male,47.0,2,36432.340569179214,2,0,0,146333.64304293363,1
5952,59071308,Surname_5952,735,France,Female,35.0,1,22994.59210729893,2,1,1,19479.191690979045,1
5953,40098792,Surname_5953,427,Spain,Male,53.0,5,89196.16932582081,1,1,1,58735.646445513295,1
5954,75668975,Surname_5954,836,Spain,Female,20.0,9,183121.7311483455,4,0,0,36147.564117689224,0
5955,56483668,Surname_5955,678,France,Female,23.0,2,209971.3753325906,3,0,1,97487.0393069063,1
5956,75267887,Surname_5956,378,Spain,Female,50.0,1,95184.51099476746,3,0,1,51643.3345991667,1
5957,66056637,Surname_5957,387,Spain,Male,44.0,5,52252.089716519986,3,0,0,123637.43944566218,1
5958,36582062,Surname_5958,775,Spain,Male,39.0,3,231826.54575221855,3,1,1,60878.81748533906,0
5959,81726304,Surname_5959,551,Spain,Female,37.0,7,138403.85758795263,4,1,0,63725.46081899304,0
5960,15532804,Surname_5960,797,Spain,Male,49.0,5,8331.765683850606,4,0,1,77217.75326493193,0
5961,62193523,Surname_5961,528,France,Female,40.0,7,110750.48697567752,2,1,0,39614.88248896733,0
5962,57979001,Surname_5962,622,Spain,Male,51.0,2,31748.530691320026,2,1,1,80243.15650627806,0
5963,59237134,Surname_5963,620,Germany,Female,45.0,3,208166.34608851507,4,0,1,69189.73727664363,1
5964,75173753,Surname_5964,717,Germany,Male,19.0,7,77419.78510442954,1,1,1,138550.65468335073,0
5965,23178822,Surname_5965,734,Germany,Male,34.0,5,249304.15643033164,3,0,0,22465.789808207952,0
5966,54652229,Surname_5966,474,France,Female,58.0,6,245287.72717922105,2,0,1,10635.191446222343,1
5967,97082145,Surname_5967,527,Spain,Male,57.0,9,123004.68529902773,3,0,0,16475.978391513177,1
5968,73194321,Surname_5968,555,Germany,Male,32.0,7,231179.12137817615,1,0,0,122392.7660744604,1
5969,32731971,Surname_5969,765,France,Male,19.0,2,181758.39130980437,4,1,0,46922.53032430476,1
5970,89119130,Surname_5970,458,France,Female,43.0,1,41099.33941934255,4,1,1,28142.346354176178,1
5971,62641900,Surname_5971,814,France,Male,42.0,0,172510.38578844292,1,0,1,31381.574150464116,0
5972,95502756,Surname_5972,465,Germany,Male,56.0,3,86344.40089891508,3,1,1,53569.068555875914,0
5973,86958218,Surname_5973,697,Germany,Female,54.0,7,128773.08694301084,1,1,1,110083.73804366258,1
5974,93674817,Surname_5974,519,Spain,Female,49.0,5,228718.19204069028,3,0,0,10991.951678771042,0
5975,52955189,Surname_5975,407,Spain,,47.0,0,246438.8651091539,1,1,0,129224.49962708443,0
5976,71968271,Surname_5976,790,France,Female,29.0,7,191331.13492993015,2,1,1,38048.274821068,0
5977,42749810,Surname_5977,841,Germany,Male,25.0,0,148852.87852423344,3,1,1,77249.19489881156,1
5978,24017235,Surname_5978,366,Germany,Female,45.0,6,80323.66490442214,2,1,0,98822.6684124271,1
5979,91154851,Surname_5979,751,Spain,Female,48.0,9,83318.3724095527,4,0,1,99918.51387346454,1
5980,62319328,Surname_5980,445,France,Female,25.0,8,246372.43914579254,1,0,1,37810.8544663523,1
5981,84473561,Surname_5981,819,France,Female,25.0,5,152928.30190997882,3,1,1,137077.05612548912,1
5982,88333442,Surname_5982,411,France,Male,20.0,4,60116.22238370115,3,1,0,117162.48070520605,0
5983,51690800,Surname_5983,807,Spain,Female,45.0,9,18895.883567197485,2,1,0,47050.23608449402,1
5984,98629748,Surname_5984,426,Germany,Male,23.0,5,237110.19779909012,4,0,1,112936.46624682513,0
5985,10191076,Surname_5985,602,France,Male,52.0,1,154703.4209740258,4,1,1,96923.91831124235,0
5986,88030613,Surname_5986,540,France,,48.0,8,160608.67195515407,1,0,0,28424.22547481923,0
5987,97104597,Surname_5987,739,Spain,Female,58.0,1,160358.52995685884,1,0,1,55627.79812052292,1
5988,61404247,Surname_5988,519,France,Male,55.0,7,12572.524251132505,1,1,0,138068.3200869719,1
5989,67736082,Surname_5989,351,Spain,,33.0,9,15634.866425720207,3,0,1,34441.146380249935,1
5990,93282033,Surname_5990,514,Spain,Female,56.0,5,37265.337656552154,4,1,1,134596.7811476678,0
5991,85900178,Surname_5991,494,France,Male,33.0,7,238304.1335859978,3,1,1,130903.60252865202,1
5992,50183038,Surname_5992,624,France,Male,57.0,2,150015.21512800144,1,1,0,135776.96940856322,0
5993,66206882,Surname_5993,844,Spain,Female,56.0,3,134655.27044572894,2,1,1,25335.395413641796,1
5994,21381750,Surname_5994,548,Germany,Male,28.0,8,108924.38620926467,4,1,0,42334.52062186392,0
5995,12961933,Surname_5995,762,France,Male,34.0,2,247408.10261875147,3,0,0,47378.24890001446,0
5996,22818349,Surname_5996,753,Spain,Male,18.0,2,2841.235114423274,3,1,0,17317.357201959043,0
5997,79142330,Surname_5997,447,Spain,Female,54.0,8,76912.67847980197,4,0,1,137679.6661919576,0
5998,75716305,Surname_5998,485,Spain,Female,32.0,4,9736.681138054288,3,1,1,34313.85332078267,0
5999,92757868,Surname_5999,810,Spain,Male,51.0,0,119700.71439636165,1,0,0,106382.74075956413,1
6000,38591010,Surname_6000,619,Spain,Male,21.0,5,212504.5330562764,1,0,0,102095.87587741416,1
6001,50455472,Surname_6001,617,France,Female,41.0,6,3045.260923651649,2,0,1,80540.56143576674,0
6002,64892146,Surname_6002,544,Spain,Male,28.0,0,147574.16030665266,3,0,1,62666.45224125144,1
6003,44140860,Surname_6003,589,Germany,Male,21.0,3,16115.50625753569,1,0,1,129857.69927235393,1
6004,36084359,Surname_6004,815,Spain,Male,22.0,0,115241.98408016775,3,1,1,70262.92785395286,1
6005,85124389,Surname_6005,835,France,Female,47.0,1,157357.52282762222,2,1,0,69168.19495782958,1
6006,40013684,Surname_6006,352,Germany,Female,33.0,1,163901.96033905173,4,1,1,112670.7075173662,1
6007,15669322,Surname_6007,638,Germany,Female,25.0,6,39324.510291876,3,1,0,59290.99517795285,0
6008,86848370,Surname_6008,782,Germany,Male,54.0,1,15863.522626069687,4,1,0,130859.54106122523,0
6009,41889757,Surname_6009,620,France,Female,32.0,7,81982.4356327046,4,1,0,126458.38149152989,1
6010,33548950,Surname_6010,433,France,Female,18.0,8,97469.87536024637,3,0,0,139344.13387526566,0
6011,73240012,Surname_6011,675,Spain,Male,52.0,6,137354.38065647407,3,1,0,61751.003338628085,0
6012,46771056,Surname_6012,623,Germany,Female,23.0,5,119579.69997459039,3,1,1,12031.725016246584,0
6013,91429200,Surname_6013,673,Germany,Female,41.0,8,135397.7387582064,4,1,0,136458.09156869596,0
6014,66277695,Surname_6014,539,Germany,Male,42.0,2,117868.30846580405,1,1,1,43983.2134854663,1
6015,84450727,Surname_6015,619,Germany,Female,50.0,5,221018.57789620743,3,1,1,87693.27332677574,0
6016,58048027,Surname_6016,554,Germany,Male,22.0,9,186483.33612836775,2,1,1,104407.81711335873,0
6017,56031369,Surname_6017,736,Spain,Male,35.0,6,177051.67117680752,1,0,1,117695.72515775803,0
6018,90348206,Surname_6018,487,Spain,Female,26.0,8,50152.063243729586,4,0,0,15192.173161826466,1
6019,36790546,Surname_6019,459,Germany,Male,23.0,4,30946.80002843847,4,0,1,128412.16932197592,0
6020,45390926,Surname_6020,670,France,Female,26.0,2,198107.52679317363,1,0,0,128877.11527003412,0
6021,52948445,Surname_6021,701,Germany,Female,48.0,4,113374.80864451682,2,1,0,121745.69354309863,1
6022,13915462,Surname_6022,840,Germany,Female,21.0,9,30253.17461455826,2,0,1,67457.15612742341,0
6023,66386486,Surname_6023,431,Spain,Male,29.0,9,119041.80252559554,4,1,0,15550.04237636039,0
6024,53519055,Surname_6024,422,Germany,Male,45.0,0,161639.8841344423,4,1,1,70945.40772980756,0
6025,86893501,Surname_6025,800,Germany,Male,20.0,2,166273.1723822358,4,1,1,119844.3289303746,0
6026,56674822,Surname_6026,726,France,Male,46.0,2,15941.589045820881,4,1,1,104825.2819931641,0
6027,37338133,Surname_6027,822,Spain,Female,58.0,5,153017.09562182034,2,0,0,123762.9801626962,1
6028,26428795,Surname_6028,591,Spain,Male,49.0,8,42828.93552387959,4,1,0,16249.271043786666,0
6029,39215958,Surname_6029,681,France,Male,55.0,9,78707.78081515025,2,0,0,54004.86886262986,1
6030,11318206,Surname_6030,415,France,Male,32.0,5,3054.8650982136214,1,0,1,19990.582651276745,0
6031,80450746,Surname_6031,665,Spain,Male,28.0,0,150138.92348679865,1,0,1,123488.11706483165,1
6032,90135787,Surname_6032,846,Spain,Female,56.0,2,137854.24940130304,3,0,1,48294.34118541809,1
6033,35976721,Surname_6033,777,Spain,Female,23.0,2,153001.1144679624,1,0,0,61784.55249368272,1
6034,24074771,Surname_6034,518,Germany,Male,41.0,4,159527.21415062933,4,1,1,82151.27638160817,1
6035,76524896,Surname_6035,476,Germany,Male,49.0,6,221898.27430657158,3,0,0,120817.34320659428,0
6036,21477356,Surname_6036,682,Germany,Female,59.0,7,198455.21651288462,3,0,0,73855.18793698035,0
6037,71722744,Surname_6037,365,Spain,Female,57.0,4,23993.753008903746,1,1,0,58684.553334802426,0
6038,91973556,Surname_6038,660,Germany,Female,39.0,5,12059.383277499946,1,0,1,21812.745026257493,1
6039,17706970,Surname_6039,374,France,Female,19.0,2,224499.6777089873,4,0,1,11689.69334114274,1
6040,37458852,Surname_6040,784,Spain,Female,58.0,7,165179.77030450053,4,0,0,87825.84632155762,1
6041,59092802,Surname_6041,674,France,Male,53.0,7,175585.66460047397,2,0,0,64145.3295848255,0
6042,47039218,Surname_6042,818,France,Male,51.0,7,87130.34225469013,4,1,1,86977.76666140501,0
6043,86344921,Surname_6043,529,Spain,Male,26.0,9,245542.5043807652,1,1,1,114705.36879884488,1
6044,92856314,Surname_6044,639,France,Female,54.0,4,208725.2346518112,3,1,1,109200.35281445591,0
6045,16363243,Surname_6045,471,France,Male,43.0,7,65670.16157388403,2,0,0,78394.15931050906,0
6046,67630179,Surname_6046,403,Spain,Female,58.0,7,192967.08200422936,4,0,0,32194.57080716605,0
6047,90141971,Surname_6047,657,Germany,Male,27.0,4,53430.440595912536,3,1,1,108745.71519757927,1
6048,21528485,Surname_6048,545,Germany,Male,21.0,3,184312.78938169987,3,1,0,16337.771921053238,1
6049,56098382,Surname_6049,549,Germany,Female,57.0,0,86583.30277225062,1,1,0,131026.7720613173,1
6050,63415429,Surname_6050,534,France,Male,29.0,0,109947.79851387748,3,0,0,33215.641980144144,1
6051,20176349,Surname_6051,745,Spain,Female,32.0,7,139234.603017065,4,1,1,80403.76015046975,0
6052,79357840,Surname_6052,653,Germany,Female,44.0,8,53230.06593079202,4,0,0,113304.04383755982,1
6053,83264407,Surname_6053,589,France,Female,33.0,8,245085.2554764323,4,0,1,132424.1980000246,1
6054,83628541,Surname_6054,457,Germany,Female,32.0,3,231971.644461824,2,0,1,60268.65111557324,0
6055,59961975,Surname_6055,472,France,Female,26.0,9,227085.75284026246,2,0,0,39576.67344423701,0
6056,40538552,Surname_6056,608,France,Male,53.0,1,229653.8330484665,4,0,0,77164.268548099,0
6057,96029331,Surname_6057,657,Spain,Male,22.0,3,130166.3713167166,4,1,1,76114.44774546563,1
6058,34733943,Surname_6058,591,Spain,Male,53.0,2,19749.05264989371,1,1,1,49138.22277093751,0
6059,68680611,Surname_6059,796,France,Male,48.0,7,103276.94259953749,2,0,1,32792.47081424149,0
6060,78303345,Surname_6060,803,Spain,Female,25.0,8,60662.705961740394,2,0,0,39075.09066372512,0
6061,32036641,Surname_6061,646,Spain,Female,40.0,2,149378.08554586617,2,0,0,147894.81729070094,0
6062,56114197,Surname_6062,715,Germany,Female,36.0,7,100994.65155968614,1,1,1,87447.12350017668,1
6063,24327079,Surname_6063,539,France,Female,45.0,1,21829.486559138826,3,0,1,97839.76010075843,0
6064,77741626,Surname_6064,502,France,Male,47.0,4,142475.70943627166,1,0,0,35753.0710793493,0
6065,35866089,Surname_6065,525,Spain,Male,39.0,3,201833.51026470997,1,1,1,28190.45383615857,1
6066,72345582,Surname_6066,558,Spain,Male,28.0,8,191778.03023114084,2,1,1,62234.30585134181,1
6067,32439373,Surname_6067,386,France,Female,36.0,3,10724.28774952433,4,1,0,145121.2220307894,0
6068,69203838,Surname_6068,495,France,Male,51.0,4,194668.72861039112,1,1,0,89422.55293103302,0
6069,45165484,Surname_6069,463,Germany,Female,44.0,8,180373.9193807213,4,1,1,134582.42170021828,1
6070,13102811,Surname_6070,381,France,,46.0,7,58001.23273905139,3,1,0,55005.79164435806,1
6071,33745496,Surname_6071,782,Spain,Female,42.0,4,74616.26365930884,1,1,1,26017.405678461415,0
6072,84041873,Surname_6072,550,Germany,Male,48.0,4,187851.40130437567,1,0,0,135888.501724886,1
6073,70534105,Surname_6073,722,Spain,Male,21.0,4,31226.63203389528,2,0,1,69046.65276560522,1
6074,83461932,Surname_6074,584,France,Male,47.0,8,246708.03278128707,2,1,1,31258.473396528872,0
6075,63753782,Surname_6075,779,Germany,Male,41.0,1,42692.82573271538,1,1,0,35139.00814327154,1
6076,66035369,Surname_6076,832,Germany,Male,33.0,7,191289.0871173655,3,0,1,45068.10953111892,0
6077,83676030,Surname_6077,557,France,Male,59.0,0,161769.50495555295,1,0,1,24853.91636588085,0
6078,91322158,Surname_6078,730,France,Male,39.0,2,221715.73775278928,1,0,1,93850.81279225716,0
6079,53805127,Surname_6079,649,France,Male,20.0,9,131530.97130037542,2,1,1,135722.64287814827,0
6080,60405066,Surname_6080,475,Spain,Female,56.0,5,145682.12281014104,4,1,1,110880.38913135175,0
6081,25690358,Surname_6081,555,Germany,Female,22.0,1,202208.38804484022,2,1,0,43167.9412512551,0
6082,33524752,Surname_6082,588,Spain,Female,21.0,8,140611.13046656662,3,1,0,20459.309752800727,0
6083,57474425,Surname_6083,583,France,Male,47.0,8,127552.75447238851,3,1,1,29404.984975237843,0
6084,82882528,Surname_6084,502,Germany,Female,18.0,4,215639.88648776792,2,1,1,44305.380035206195,1
6085,18116859,Surname_6085,675,France,Male,29.0,0,109141.74661524755,2,1,0,86452.63607395552,1
6086,66108488,Surname_6086,404,Spain,,29.0,3,34278.581667765815,1,0,0,49473.05970388697,1
6087,58365581,Surname_6087,793,France,Male,59.0,4,141646.93529319565,4,0,1,117341.91322898328,1
6088,13152489,Surname_6088,622,Spain,Female,20.0,5,11127.722358094532,4,1,1,108925.30465773611,1
6089,10227520,Surname_6089,605,Germany,Male,24.0,1,134526.55565321044,1,1,0,142976.39076689706,1
6090,78152178,Surname_6090,806,Spain,Male,42.0,1,48923.6775710431,1,0,1,76459.68819746551,1
6091,72252452,Surname_6091,763,France,Female,55.0,5,176750.84636400396,3,1,1,84614.57602702026,0
6092,14214376,Surname_6092,564,Spain,Female,58.0,5,212428.60780736693,1,1,1,19881.18019784717,1
6093,36669054,Surname_6093,589,Germany,,31.0,0,123255.80056157349,3,0,1,98476.83921295975,1
6094,12353955,Surname_6094,812,Spain,,24.0,0,5316.458857328344,1,0,0,21569.559264664484,0
6095,44370947,Surname_6095,595,Germany,Male,39.0,8,183690.01800786937,4,1,0,45079.303853553705,1
6096,17239781,Surname_6096,824,Spain,,58.0,4,55924.80366648128,4,1,0,67254.0369157756,0
6097,81971655,Surname_6097,469,Germany,Male,40.0,1,31590.614732826845,4,0,0,46203.22531052327,1
6098,11534572,Surname_6098,591,Spain,Female,57.0,0,138044.27401549043,3,1,0,128550.84175528323,1
6099,76959555,Surname_6099,532,Germany,Male,18.0,0,71282.72115285248,4,0,0,143196.7999919958,0
6100,90590643,Surname_6100,670,Spain,Male,56.0,0,242532.17874793094,3,0,0,96699.38345611119,0
6101,88344452,Surname_6101,505,Germany,Male,51.0,4,140430.36961529191,4,1,0,19358.80974279731,0
6102,18654259,Surname_6102,616,France,Male,31.0,9,50561.63195302052,4,0,0,60425.13547573887,0
6103,22267824,Surname_6103,586,France,Female,35.0,3,223449.56375762387,2,0,0,52560.252121933925,1
6104,47827978,Surname_6104,666,Germany,Male,45.0,2,95367.28841018038,4,0,1,131185.63298575795,1
6105,18494296,Surname_6105,659,Spain,,19.0,2,213341.05365311733,4,1,1,21150.996327863657,0
6106,61925352,Surname_6106,801,Spain,Male,36.0,0,174194.2404195876,3,0,0,19861.01900120336,1
6107,88141034,Surname_6107,511,Germany,Male,55.0,8,52094.71472916094,2,1,1,87964.44020615295,0
6108,26694482,Surname_6108,818,Spain,Female,39.0,6,115848.30340750799,4,0,1,143018.51126996987,0
6109,25643703,Surname_6109,460,France,Female,29.0,7,230724.27730344166,4,1,1,29021.276301363847,1
6110,84554249,Surname_6110,586,France,Female,33.0,6,82161.24302629479,1,1,1,124165.6822240749,0
6111,52872001,Surname_6111,770,Spain,Female,53.0,4,137274.90904782264,3,0,0,33463.263208043674,0
6112,23850283,Surname_6112,531,France,Female,18.0,0,150278.89072816577,2,0,0,14677.553261107463,1
6113,22201250,Surname_6113,447,France,Male,24.0,3,21835.243659120042,3,0,1,56350.552146572176,1
6114,43161995,Surname_6114,356,Spain,Female,39.0,8,5695.0653536202435,3,1,0,55248.38781586241,0
6115,86851551,Surname_6115,651,France,Female,47.0,7,133653.99047775668,2,0,1,140447.63051791233,1
6116,51508737,Surname_6116,493,France,Female,33.0,2,92546.62729713469,3,1,1,35382.59178243243,0
6117,27995083,Surname_6117,405,France,Female,50.0,6,238135.32930935366,2,1,0,45921.377883825735,0
6118,89291402,Surname_6118,795,France,Male,38.0,7,212013.29672271098,1,0,0,37353.52935704738,1
6119,15956070,Surname_6119,755,Spain,Female,51.0,0,57812.754760342614,4,0,1,114498.38521692685,0
6120,12833539,Surname_6120,521,Germany,Female,56.0,3,162317.2202653189,4,1,0,48527.34093835145,0
6121,77176330,Surname_6121,426,Spain,Female,42.0,1,178667.82141301763,2,0,1,147902.53747547642,1
6122,71944742,Surname_6122,846,Germany,Male,28.0,3,24904.034113709255,2,0,1,19591.988447987256,1
6123,66665168,Surname_6123,798,Germany,Female,20.0,4,133311.39493219194,3,0,0,146203.4982828561,1
6124,97692160,Surname_6124,695,Spain,Male,25.0,1,12335.929801379292,1,0,0,101497.62061353672,0
6125,83730077,Surname_6125,750,Germany,Female,23.0,3,51249.95231697238,4,1,0,132491.12633779735,0
6126,85383844,Surname_6126,455,Germany,Male,58.0,4,57823.96093522418,4,0,1,94296.34870306395,1
6127,76609713,Surname_6127,440,Spain,Female,47.0,1,232678.31939054138,3,0,1,112547.79102209369,0
6128,60720739,Surname_6128,379,Spain,Female,40.0,8,231639.77289439185,2,0,1,121517.45531747816,1
6129,65112981,Surname_6129,528,France,Female,54.0,2,225879.9784110594,2,1,0,143438.79362310423,1
6130,58940303,Surname_6130,589,France,Female,25.0,8,124394.02230010649,4,1,1,49700.02307015122,1
6131,75685392,Surname_6131,586,Spain,Male,54.0,6,23706.013250664986,2,1,1,71849.5802105873,1
6132,24477308,Surname_6132,558,Spain,Male,32.0,5,35391.63701377601,4,0,1,36465.387724689295,1
6133,97157846,Surname_6133,563,Spain,Male,41.0,3,91133.95384408762,4,0,1,34650.10300177148,0
6134,40062848,Surname_6134,532,France,Male,58.0,8,44318.06042369612,2,0,1,76955.78872654896,1
6135,62416638,Surname_6135,806,Germany,Male,18.0,7,243940.0414140407,2,0,1,52643.81362376486,0
6136,13970915,Surname_6136,573,Spain,Female,28.0,7,147127.09584419875,2,0,0,24916.98610732417,1
6137,63087700,Surname_6137,794,Spain,Female,34.0,6,33312.43625182268,1,1,1,73847.47949617852,1
6138,39018774,Surname_6138,502,Germany,Male,43.0,0,30227.775753187496,2,0,1,127860.77906358332,0
6139,39897907,Surname_6139,778,France,Male,24.0,4,25360.36332122832,1,1,1,134810.24798979948,0
6140,51674173,Surname_6140,767,Germany,Male,58.0,0,18260.146932238596,2,1,0,100740.73820590375,1
6141,89858203,Surname_6141,620,Germany,Male,52.0,5,120107.49339427736,1,1,1,107281.44101647071,0
6142,20450587,Surname_6142,558,Spain,Female,28.0,4,234551.89871800807,4,1,1,96350.99798361096,1
6143,55173524,Surname_6143,520,Spain,Male,50.0,7,143037.0919352795,1,1,0,109610.09545599998,0
6144,81396533,Surname_6144,355,Spain,Male,32.0,2,72675.80975851076,2,1,0,55844.65221444997,1
6145,27059373,Surname_6145,580,France,Male,57.0,3,126063.78219251533,3,0,0,140909.29370596044,1
6146,14483419,Surname_6146,578,Germany,Male,37.0,4,243540.65776340404,2,0,0,32303.907883290416,1
6147,44101912,Surname_6147,436,Germany,Male,34.0,5,77214.9615732593,2,0,0,92357.87508789502,0
6148,95037247,Surname_6148,404,France,Male,26.0,6,189441.40988509168,4,1,0,12644.75120077048,0
6149,99502060,Surname_6149,587,France,Male,55.0,1,119572.16509279003,2,1,0,10031.030392909945,1
6150,13877217,Surname_6150,369,France,Male,56.0,3,32767.338729550538,4,0,1,136097.01754119367,1
6151,51126952,Surname_6151,634,Germany,Male,49.0,0,178134.07102614694,3,0,1,137521.35612661391,1
6152,24446061,Surname_6152,792,Spain,Female,33.0,8,220392.6329783813,1,0,0,140798.13219861902,0
6153,45501362,Surname_6153,418,Spain,Female,23.0,4,222426.94757654835,4,1,0,76224.09745304893,0
6154,96746947,Surname_6154,611,Germany,Female,45.0,3,850.5861144294247,4,0,0,117293.35158474414,0
6155,44131105,Surname_6155,369,Germany,Male,27.0,7,123619.2373988323,2,1,0,53934.7121754272,1
6156,48234544,Surname_6156,439,Germany,Female,34.0,1,93758.15405358604,3,0,0,15403.481622694455,0
6157,75727475,Surname_6157,435,Germany,Female,57.0,4,195873.32050821872,3,1,0,101002.06611256569,0
6158,72997436,Surname_6158,770,Spain,Female,39.0,4,65448.07738851302,4,1,0,91290.86410949612,1
6159,77317491,Surname_6159,790,Spain,,34.0,8,120287.48548039931,4,1,0,64532.24968068213,1
6160,41387330,Surname_6160,565,Spain,Male,23.0,5,128975.80153265953,3,0,1,80928.14042161887,0
6161,27129967,Surname_6161,666,Germany,Female,49.0,7,103904.25446783821,2,1,0,41981.154842617354,0
6162,69449948,Surname_6162,497,France,Male,48.0,7,202035.8703404306,1,0,1,129656.99616947072,0
6163,23264541,Surname_6163,444,Spain,Female,48.0,2,205408.46917657016,3,1,0,43181.25422942187,0
6164,61525269,Surname_6164,377,Germany,Male,23.0,8,216348.17032462693,4,1,1,22146.41318785863,1
6165,54823418,Surname_6165,505,Germany,Male,27.0,4,136834.77782600286,4,0,0,108217.49884416579,1
6166,63725522,Surname_6166,731,France,Male,39.0,1,220899.62170892535,4,1,0,136506.6699425393,1
6167,56268746,Surname_6167,619,France,Male,43.0,9,133481.64500327487,1,0,1,135676.42842831678,0
6168,93860266,Surname_6168,834,Germany,Male,56.0,3,71938.42779978462,1,0,1,88838.01167162291,1
6169,41344005,Surname_6169,767,France,Female,57.0,4,177194.43745172312,1,1,0,126802.74517514506,0
6170,99444065,Surname_6170,426,Germany,Male,19.0,7,223688.6374083553,2,0,1,31757.60160866418,0
6171,29288502,Surname_6171,736,France,Male,27.0,1,49566.1388995064,2,0,1,142814.6576379498,1
6172,94572961,Surname_6172,532,Germany,Male,24.0,3,97707.84129078742,3,1,1,51154.45227013633,1
6173,33218978,Surname_6173,575,Spain,Female,28.0,9,163206.70635379013,3,1,1,40832.48825240618,0
6174,35616243,Surname_6174,548,France,Male,42.0,2,4825.40399191847,1,0,1,76964.76526311453,1
6175,13422511,Surname_6175,758,Germany,Male,29.0,8,71385.63351602053,2,0,0,28200.350942516678,1
6176,71348498,Surname_6176,682,France,Female,47.0,7,36187.376061403374,3,1,1,129146.10171196937,1
6177,37546147,Surname_6177,846,Spain,Male,53.0,7,109902.06419671931,4,1,0,18668.63353955381,0
6178,44455180,Surname_6178,842,France,Female,59.0,1,217888.32579999024,1,0,1,123747.96525204042,0
6179,97533058,Surname_6179,541,Spain,Female,39.0,8,97689.43048121645,4,0,0,138979.90663449792,0
6180,78393721,Surname_6180,577,France,Female,43.0,6,145936.4139317073,1,1,1,113923.3110258215,0
6181,42600802,Surname_6181,710,Germany,Male,54.0,7,156175.64724274422,2,1,0,91992.02312298003,0
6182,96638772,Surname_6182,698,France,Female,22.0,7,232959.04070724663,2,1,0,80028.0908123566,0
6183,19736294,Surname_6183,742,Germany,Male,33.0,3,131716.71481519815,4,0,0,133378.3244605876,0
6184,33167381,Surname_6184,429,Spain,Female,42.0,8,140450.589742891,4,1,0,31671.35878627294,1
6185,27028119,Surname_6185,762,Spain,Female,48.0,7,212078.26691683452,1,0,0,44430.479762112736,1
6186,20249125,Surname_6186,610,France,Female,25.0,5,139890.2633253125,4,1,1,99642.02750420458,1
6187,37026248,Surname_6187,565,Spain,Female,58.0,5,12319.202943898405,4,0,0,47858.893876786184,0
6188,42801720,Surname_6188,643,France,Male,25.0,8,20689.76193482991,4,1,1,24020.392317488033,1
6189,74727170,Surname_6189,439,Germany,Male,39.0,6,29895.805576902883,3,0,0,52105.713031559986,0
6190,22361961,Surname_6190,821,Germany,Female,22.0,3,46716.620225697196,3,1,0,49916.24424694713,0
6191,11165163,Surname_6191,406,France,Female,58.0,0,137309.08625478038,2,1,0,84990.12959141846,0
6192,83322666,Surname_6192,666,Germany,Female,20.0,0,13066.864041684918,3,1,0,33135.563808371626,0
6193,12969154,Surname_6193,552,Germany,Female,59.0,4,43401.84727655838,3,0,0,136178.53055244643,0
6194,61238503,Surname_6194,808,Spain,Male,22.0,3,99349.64019619935,3,1,0,47760.83874209808,1
6195,50810202,Surname_6195,399,Spain,Female,39.0,8,86479.1760924717,3,0,1,44596.62419903321,0
6196,34864916,Surname_6196,705,Germany,Male,33.0,2,143713.02747339912,3,1,1,60916.07810083275,1
6197,66163158,Surname_6197,672,Spain,Female,56.0,1,141170.1694311681,2,0,0,63294.02815593219,0
6198,73624844,Surname_6198,849,Spain,Female,34.0,5,133258.84499565084,3,1,0,62872.30510261985,0
6199,20977435,Surname_6199,724,France,Female,37.0,3,207614.7944821073,1,0,0,108315.76154673858,0
6200,46604620,Surname_6200,808,Germany,Male,20.0,7,73124.96820302017,1,0,1,24085.140938910496,0
6201,78650938,Surname_6201,454,France,Male,50.0,9,216018.20923406348,1,0,1,49706.06345993756,1
6202,10483807,Surname_6202,663,Spain,Male,53.0,3,245566.21510741417,1,1,0,61080.038472547414,0
6203,37953875,Surname_6203,449,Germany,Female,41.0,9,86375.96988162743,1,1,0,14088.947005015198,1
6204,32573403,Surname_6204,499,Germany,Female,50.0,7,240968.81220795217,3,1,1,69085.14017082921,0
6205,49563560,Surname_6205,755,France,Male,33.0,5,129395.13156143254,4,0,1,112024.24949191409,1
6206,33292972,Surname_6206,515,Germany,Female,27.0,0,81346.36615192944,2,0,1,145722.81167489223,0
6207,81435948,Surname_6207,675,France,Female,21.0,9,46892.73540037442,3,1,1,108664.24767779763,0
6208,79751548,Surname_6208,718,Germany,Female,24.0,2,990.6637997972311,4,0,1,111330.99072001863,0
6209,20175670,Surname_6209,559,Spain,Female,54.0,0,236741.5611372949,2,0,1,30048.33463890147,0
6210,83416323,Surname_6210,594,Germany,Male,25.0,2,183277.8058320036,3,1,0,38691.43580212893,1
6211,94287143,Surname_6211,647,Spain,Female,49.0,0,116126.12584125872,4,1,1,82670.68060857635,0
6212,23472593,Surname_6212,756,Germany,Male,25.0,4,15616.768624126531,1,0,0,19444.260229472027,0
6213,60187575,Surname_6213,427,Germany,Female,32.0,5,119277.13434438092,1,1,1,88661.63654279722,1
6214,16357759,Surname_6214,570,Germany,Male,49.0,9,105224.38038351334,1,0,1,135482.5689708126,0
6215,67538377,Surname_6215,369,Spain,Male,29.0,2,183241.5395849113,2,1,0,39898.87078761095,0
6216,21884293,Surname_6216,398,Spain,Male,19.0,9,149695.70805903935,3,1,1,136986.23519711013,0
6217,90003496,Surname_6217,432,Germany,Male,43.0,1,59262.27389193989,2,1,1,15856.398820445542,0
6218,60915464,Surname_6218,664,Germany,,52.0,4,176231.3261397816,2,1,1,50191.71716341902,1
6219,87044297,Surname_6219,841,Spain,Female,45.0,0,41056.85228864281,4,1,0,85423.1801281486,0
6220,32976464,Surname_6220,608,Spain,Male,56.0,5,199750.8766777866,4,0,1,41271.77330139146,0
6221,41800077,Surname_6221,759,Spain,Female,58.0,8,183536.53489590265,3,0,0,129144.94825984648,1
6222,34280879,Surname_6222,541,Spain,Female,39.0,4,157816.6288823846,3,0,0,105362.3473910354,0
6223,15269432,Surname_6223,471,France,Female,28.0,2,163806.78980931817,1,0,0,32202.031817112027,1
6224,53826288,Surname_6224,476,Germany,Male,31.0,9,96327.55721364461,1,0,0,39135.74785886255,1
6225,19108796,Surname_6225,610,Spain,Male,42.0,0,86891.0870728161,3,1,0,47174.74607324577,0
6226,57219342,Surname_6226,770,Spain,Male,40.0,8,191426.57519355183,1,1,0,141632.4849330728,1
6227,14420389,Surname_6227,781,France,Female,23.0,5,145438.995759142,1,0,1,78433.08300781163,1
6228,49496472,Surname_6228,493,France,Male,36.0,2,58934.74639372917,1,1,1,106991.3872636021,1
6229,58116802,Surname_6229,648,France,Female,18.0,4,37284.06341234144,2,0,0,144347.10016842745,0
6230,14932176,Surname_6230,492,France,Female,59.0,2,232778.9603315764,3,1,0,138174.1161549298,0
6231,57729882,Surname_6231,601,Germany,Male,37.0,1,158527.81820312195,2,1,0,54618.860346280635,0
6232,11218037,Surname_6232,433,France,Male,33.0,7,39063.18035044462,2,0,1,61025.00883590052,1
6233,57413824,Surname_6233,683,Spain,Male,55.0,1,72925.99203270642,2,1,0,35839.1992930594,1
6234,37274910,Surname_6234,495,Spain,Male,39.0,8,158431.85945722298,2,1,0,72907.77969809299,1
6235,78706917,Surname_6235,655,Spain,Male,20.0,5,41293.03364388381,3,1,1,109724.12237206091,1
6236,44800137,Surname_6236,538,France,Female,47.0,1,193001.10055453115,4,0,1,51918.65562393935,1
6237,89606189,Surname_6237,562,Spain,Male,23.0,2,177672.33079691255,3,1,0,138976.385303228,0
6238,58488211,Surname_6238,682,Spain,Female,48.0,3,33455.84466827284,4,1,1,76625.07370042845,1
6239,83002869,Surname_6239,499,Spain,Male,43.0,9,27976.58513296952,4,1,1,72747.45021103419,0
6240,58525044,Surname_6240,547,Spain,Female,43.0,1,202574.32628965055,4,0,1,136908.24468127318,0
6241,76805349,Surname_6241,462,Spain,Male,28.0,1,148701.9610894121,3,0,1,39498.842526142995,1
6242,37391555,Surname_6242,666,Spain,Female,52.0,2,190521.02706107052,4,1,1,25512.54660076323,0
6243,46247546,Surname_6243,711,Spain,Female,41.0,4,236640.9732822411,1,1,1,116572.09983507337,1
6244,87203667,Surname_6244,475,Germany,Male,33.0,6,210147.87968964237,2,0,0,74836.21610860669,0
6245,22907588,Surname_6245,357,Germany,Male,58.0,5,68798.82059456852,1,1,0,21588.026631415043,1
6246,28050319,Surname_6246,485,France,Male,52.0,4,58138.98608915438,4,0,1,107511.71470391283,0
6247,73903802,Surname_6247,783,Spain,Male,34.0,6,238280.1969961205,2,1,1,103442.26937404931,0
6248,86371569,Surname_6248,676,Spain,Male,18.0,2,226104.76485543078,2,1,0,22929.03977733214,1
6249,71878604,Surname_6249,553,France,Female,41.0,6,1960.1383868254884,1,0,0,110823.7987431583,0
6250,48886950,Surname_6250,835,Spain,Male,24.0,3,152072.61405169492,4,1,0,70832.67212764511,0
6251,55718418,Surname_6251,677,France,Male,58.0,0,61495.90679231268,1,1,1,77580.39013313218,1
6252,89941573,Surname_6252,790,Germany,Male,29.0,7,101834.53883820595,1,0,1,26899.58734902027,1
6253,87965567,Surname_6253,564,France,Female,55.0,3,219583.578455914,2,0,0,44889.10876026496,0
6254,25464745,Surname_6254,777,Germany,Male,50.0,9,175487.96122887044,1,0,1,41826.697112054564,0
6255,23144055,Surname_6255,775,Spain,Female,25.0,5,240854.3693155593,3,0,1,136516.0756392103,1
6256,73196356,Surname_6256,837,Germany,,33.0,3,129818.26563590523,1,0,0,14745.318420649683,0
6257,68953593,Surname_6257,562,France,Female,38.0,1,129293.95417484638,4,1,0,100480.07409994087,1
6258,99216176,Surname_6258,808,Spain,Female,28.0,9,24940.56620076607,4,1,1,44514.61142490443,0
6259,61047278,Surname_6259,630,Spain,Female,53.0,6,95214.16743834107,3,1,0,137422.4983950406,0
6260,85815089,Surname_6260,549,Germany,Male,48.0,4,209190.502282613,2,1,1,98069.94851708578,1
6261,77299911,Surname_6261,783,Germany,Female,49.0,1,161931.33836389822,2,1,0,142591.3795468778,0
6262,84277011,Surname_6262,563,France,Male,40.0,0,30338.189210401517,1,1,1,51348.151888328954,1
6263,97528308,Surname_6263,432,Germany,Male,46.0,5,156010.58877622563,1,1,1,14640.472106112042,0
6264,74312336,Surname_6264,486,France,Female,19.0,0,191289.2021810168,2,1,0,44403.23456991752,1
6265,56089599,Surname_6265,616,Spain,Male,43.0,5,213961.88425945336,4,0,1,111444.65446022582,0
6266,57850436,Surname_6266,794,Spain,Female,29.0,0,107965.18293221835,3,1,1,146858.50550945065,0
6267,66215488,Surname_6267,677,Spain,Male,21.0,8,196912.92687806912,1,1,0,95629.16491318254,0
6268,68144151,Surname_6268,366,Spain,Female,58.0,0,54961.111817739715,3,1,0,93649.84342341602,0
6269,25397450,Surname_6269,359,France,Female,55.0,8,30063.176103888007,4,1,1,47893.13280099075,1
6270,55820045,Surname_6270,733,Spain,Male,59.0,1,115645.0208880237,2,1,0,124970.66713225601,0
6271,12737099,Surname_6271,582,Germany,Female,44.0,2,221894.13676722985,1,0,1,91940.8124451104,0
6272,53223473,Surname_6272,754,Germany,,30.0,2,245231.1291179543,2,1,1,43490.84631407789,0
6273,86199362,Surname_6273,766,Germany,Female,20.0,2,22588.719368996146,2,1,1,94186.86622985781,1
6274,93838572,Surname_6274,770,Germany,,44.0,9,39536.992108397564,3,1,1,47513.30783099902,1
6275,93131956,Surname_6275,761,Spain,Male,34.0,5,57012.915535489316,4,1,1,72172.72024443562,1
6276,82666466,Surname_6276,438,France,Male,33.0,1,104952.81284125369,3,0,1,107110.71411326759,1
6277,35996396,Surname_6277,482,Germany,Female,33.0,0,189521.52517649898,2,0,1,22364.385107030364,1
6278,17835084,Surname_6278,615,Germany,Male,24.0,5,193393.9805617714,1,0,0,76230.99027904883,1
6279,17337375,Surname_6279,659,France,Female,51.0,5,61.49004135980185,3,0,1,48386.035651931365,1
6280,67059515,Surname_6280,737,France,Female,24.0,6,119048.36916069947,3,1,1,17275.66367012123,0
6281,79306733,Surname_6281,778,Spain,,38.0,1,183576.71688544584,1,0,1,25093.17687779916,0
6282,30197196,Surname_6282,480,Spain,Male,35.0,9,6848.776904600534,1,0,1,100679.68739967784,1
6283,87251647,Surname_6283,828,France,Male,18.0,2,141562.04044223766,4,0,0,51422.339460052186,0
6284,50461122,Surname_6284,598,France,Female,46.0,7,109404.15458734911,2,1,0,122133.34706211089,1
6285,53360792,Surname_6285,691,France,Female,34.0,0,107532.44479558994,3,0,0,75445.8282576183,0
6286,36877866,Surname_6286,564,Germany,Female,31.0,3,48255.46044188306,1,0,1,103642.53164182608,0
6287,91962129,Surname_6287,828,Spain,Male,42.0,6,90896.59607521108,1,1,1,144088.48177642233,0
6288,73388606,Surname_6288,814,Germany,Female,47.0,3,133521.95370420924,3,0,1,19859.105007392798,0
6289,32799582,Surname_6289,532,France,Female,50.0,5,82122.47186554156,1,1,0,84827.48439367037,0
6290,42077795,Surname_6290,809,France,Female,47.0,8,31463.54512840238,1,1,0,26967.597145269378,0
6291,69097578,Surname_6291,471,France,Female,48.0,3,79548.34438388498,3,0,0,137630.60449271466,1
6292,53140235,Surname_6292,757,Germany,Male,20.0,3,136721.1050562204,3,1,0,22516.99206546237,0
6293,60783156,Surname_6293,509,Germany,Female,56.0,5,99922.81665976108,2,1,0,101771.29420594203,1
6294,36969575,Surname_6294,410,Spain,Female,57.0,3,240426.61039046227,2,0,1,64488.681342712436,1
6295,38709074,Surname_6295,725,Germany,Female,30.0,3,46200.53923507711,3,1,0,99141.49055754376,1
6296,16230063,Surname_6296,802,Germany,Male,30.0,4,92531.39788178675,2,1,0,50552.61954513358,1
6297,47756129,Surname_6297,753,Spain,Female,29.0,9,180354.6672308232,2,1,1,21503.059319421816,1
6298,68331965,Surname_6298,694,France,Male,27.0,2,137278.28862105202,1,1,1,101774.61373702402,0
6299,25899321,Surname_6299,397,France,Male,27.0,7,8787.74949352812,2,0,0,37156.490774410355,1
6300,91408021,Surname_6300,485,France,Male,20.0,4,64692.33795166293,1,0,0,18725.326946279936,1
6301,78971114,Surname_6301,478,Spain,Female,39.0,9,6243.651508768988,1,1,0,25626.57702143839,0
6302,29310604,Surname_6302,651,Spain,Male,43.0,9,78382.51415546937,4,0,1,96323.59774505509,0
6303,82972973,Surname_6303,373,Germany,Female,35.0,3,98859.90939328568,2,1,1,140056.90360019178,0
6304,68207756,Surname_6304,607,Spain,Male,22.0,3,83722.10032903713,4,0,0,69376.18724347465,1
6305,24139446,Surname_6305,448,Germany,Female,26.0,5,241054.5123919033,2,1,0,113545.24640157846,0
6306,61127433,Surname_6306,692,France,Male,27.0,5,133995.39292943227,1,0,0,55870.85755787851,1
6307,16081539,Surname_6307,720,France,Male,24.0,6,53510.042277103516,3,0,0,125611.8626356384,1
6308,20914837,Surname_6308,522,Spain,Female,59.0,5,197354.91625451873,4,1,1,71652.67574426415,1
6309,24848520,Surname_6309,386,Germany,Male,43.0,6,34373.55462066052,3,1,1,72368.17050033557,1
6310,26759289,Surname_6310,586,Germany,Female,46.0,0,171348.6379732752,1,1,1,57121.20046366996,1
6311,86585609,Surname_6311,718,Spain,Female,27.0,3,161926.76552939072,3,0,0,25893.145107087657,0
6312,89015263,Surname_6312,792,Germany,Female,30.0,6,249838.84093828686,1,1,0,146324.68846251865,1
6313,64766170,Surname_6313,359,France,Male,42.0,1,183590.74936387304,1,0,0,10870.06121167461,1
6314,44187330,Surname_6314,503,Germany,Female,47.0,6,25736.459977335537,3,1,0,149320.75021442078,1
6315,32598932,Surname_6315,795,France,Male,44.0,7,110731.13931737925,1,0,1,56184.73840725879,1
6316,69112394,Surname_6316,469,Germany,Female,47.0,4,525.4526007285598,4,1,0,115676.59289482582,1
6317,24819578,Surname_6317,846,France,Female,29.0,3,131571.66976549634,1,1,0,41298.35107863805,0
6318,75377978,Surname_6318,453,Spain,Male,37.0,5,19328.861326987913,2,1,0,20491.30701880507,0
6319,65848619,Surname_6319,556,Spain,Female,36.0,3,240282.6873721757,2,0,0,136111.34301616775,1
6320,87785165,Surname_6320,746,Spain,Female,43.0,3,56962.42465103879,4,1,1,71120.70972939453,1
6321,16882905,Surname_6321,629,France,Male,35.0,1,58863.45103619134,4,0,0,67457.59274814549,0
6322,40448655,Surname_6322,619,Spain,Male,30.0,8,95891.41442754953,2,0,1,49843.79012865306,1
6323,45113119,Surname_6323,650,Germany,Female,58.0,0,15768.141902579413,4,0,1,47431.758739598954,0
6324,77433374,Surname_6324,667,Germany,Male,48.0,0,137017.23527952828,4,1,0,88955.36571736842,0
6325,13000001,Surname_6325,446,France,Female,45.0,9,44781.836029669255,4,1,0,86188.56303782326,0
6326,49493555,Surname_6326,352,Germany,Female,24.0,3,33054.112914610996,4,0,1,61214.47587663452,1
6327,50641300,Surname_6327,449,Germany,Female,57.0,1,41646.24241828902,1,0,1,12960.598914798185,0
6328,43778703,Surname_6328,620,Germany,Male,27.0,2,46675.37561145851,1,0,0,61020.11328656968,0
6329,12105433,Surname_6329,469,Germany,Male,32.0,0,16376.776684180333,4,1,1,112750.9133022714,1
6330,15026917,Surname_6330,729,France,Male,53.0,9,47382.01320156915,1,0,1,141660.76882846918,0
6331,73056790,Surname_6331,741,Spain,Male,26.0,1,111298.72278070907,3,1,0,27976.33519342259,0
6332,30959484,Surname_6332,388,France,Female,18.0,2,117430.10880739032,4,1,1,145066.3532162375,0
6333,87335989,Surname_6333,791,Germany,Female,55.0,3,79401.30136297827,4,1,0,62971.13399839464,0
6334,92315397,Surname_6334,363,Germany,Female,36.0,4,13492.475075337268,4,1,0,146935.72164279388,1
6335,58143166,Surname_6335,525,Germany,Female,35.0,3,153587.77094939575,3,1,0,91634.31125818386,0
6336,75420955,Surname_6336,674,France,Male,35.0,3,56555.555105224725,4,0,1,75763.65549853374,1
6337,26077514,Surname_6337,510,France,Female,51.0,1,185308.63454970793,3,0,0,95737.4887204676,1
6338,21141218,Surname_6338,593,Spain,,57.0,5,212257.73665399395,4,0,0,145087.61789559483,1
6339,40927209,Surname_6339,608,France,Male,34.0,5,176194.4947340709,4,0,1,11666.940736249657,1
6340,56606442,Surname_6340,557,Germany,Male,59.0,8,214494.47967083767,3,1,0,98476.01031024625,1
6341,46811418,Surname_6341,829,Spain,Male,26.0,8,149641.76409895808,2,1,1,97024.18079699509,1
6342,33110350,Surname_6342,660,Germany,Female,38.0,9,102023.77657216585,3,0,1,117465.93456475248,1
6343,34840678,Surname_6343,585,France,Male,39.0,2,105410.33602376418,1,0,1,51337.38644764101,1
6344,32811713,Surname_6344,383,Spain,Female,33.0,1,205085.060650006,1,1,1,51087.18518308722,0
6345,40644261,Surname_6345,678,France,Male,20.0,8,50268.565758206125,2,1,1,43027.55235686845,1
6346,58129509,Surname_6346,717,Spain,Female,46.0,9,48000.16829924214,1,0,0,113243.29240229758,0
6347,50087828,Surname_6347,441,Spain,Male,32.0,8,24303.60536090323,3,0,0,93766.55166263695,1
6348,86360552,Surname_6348,704,France,Male,55.0,3,212465.6326838832,3,0,0,119301.93043760423,0
6349,98949623,Surname_6349,539,Spain,Female,22.0,4,114579.24138075861,3,0,1,62396.942007201986,1
6350,71494687,Surname_6350,448,Spain,,33.0,2,14898.605073947747,1,0,1,43080.55380649452,0
6351,93136745,Surname_6351,798,Germany,Female,39.0,6,40487.40072082796,3,0,1,44030.788730554734,1
6352,67295822,Surname_6352,441,Spain,Female,41.0,2,241379.2703290556,1,1,0,40423.197854786806,1
6353,89715077,Surname_6353,494,Spain,Male,35.0,9,175572.37328309705,3,0,0,145492.41573657503,0
6354,81771789,Surname_6354,612,Spain,Female,19.0,6,147563.5667556729,3,1,0,113922.08653446735,0
6355,57520740,Surname_6355,653,Germany,Female,27.0,7,14363.040949687462,2,0,1,72065.29166175445,0
6356,70158654,Surname_6356,488,Spain,Male,43.0,0,119657.22321170449,2,1,1,131130.73315926653,1
6357,19997285,Surname_6357,762,France,Female,53.0,3,231636.99063850887,3,0,1,114355.07986245325,1
6358,37574956,Surname_6358,819,Germany,Female,24.0,5,85378.42758300212,4,0,0,28642.706788108426,1
6359,73196061,Surname_6359,849,France,Female,58.0,0,58540.02400246991,4,1,0,17908.640611363273,0
6360,57084514,Surname_6360,506,Spain,Female,37.0,2,177156.09412807995,3,1,1,13020.581562534071,1
6361,37159727,Surname_6361,417,Spain,Female,49.0,9,210401.7663329308,4,0,0,32697.890583283883,1
6362,92135564,Surname_6362,515,Germany,Female,22.0,7,176955.94761427314,2,1,1,64896.23097905771,0
6363,84522690,Surname_6363,491,Spain,Male,59.0,4,157470.904807016,3,0,0,13055.317957770332,1
6364,35418156,Surname_6364,507,Germany,Female,53.0,5,191076.19183008216,1,0,1,107350.00478147261,0
6365,71122157,Surname_6365,515,France,Female,21.0,1,38034.89994133283,1,1,0,70069.90446539638,0
6366,40374710,Surname_6366,650,France,Female,44.0,7,53607.221758032676,1,1,1,80968.40647872386,0
6367,85373029,Surname_6367,652,Spain,Male,20.0,9,226128.84637565765,1,0,1,122502.74437004462,1
6368,85790803,Surname_6368,372,Spain,Female,39.0,9,138693.34715131446,3,1,0,134163.7492715339,0
6369,83907922,Surname_6369,814,Spain,Female,27.0,9,235431.48513015837,1,1,0,37212.34423572362,1
6370,84705821,Surname_6370,382,Germany,Male,40.0,3,63277.40940130982,1,0,0,58568.01748576193,0
6371,71764412,Surname_6371,808,France,Male,32.0,2,86784.34592510908,1,1,0,143528.66159659193,1
6372,27362321,Surname_6372,392,Spain,Female,35.0,3,64312.456118251095,1,0,1,133712.18188838902,0
6373,32465053,Surname_6373,622,Spain,Female,39.0,5,199639.0880970563,4,0,0,75775.68394179796,0
6374,92855893,Surname_6374,839,Spain,Male,48.0,2,225262.80100842402,3,1,1,111783.85043203575,0
6375,23886842,Surname_6375,849,Spain,Male,44.0,2,159641.34162434097,3,1,0,147493.69870651583,0
6376,23935612,Surname_6376,459,France,Male,23.0,0,110374.19164331755,4,0,0,55200.67890553643,0
6377,99441753,Surname_6377,822,Germany,,28.0,1,113601.05975638318,3,0,0,121287.91816796255,1
6378,43872756,Surname_6378,832,France,Male,44.0,3,122862.5724741987,4,0,1,99700.91603279479,1
6379,74515084,Surname_6379,598,Spain,Female,24.0,8,125044.203367105,4,1,0,101108.57596292393,0
6380,69985135,Surname_6380,405,France,Female,33.0,2,86746.66732802946,2,0,0,17937.253442500903,0
6381,40408393,Surname_6381,668,France,Male,28.0,7,69748.1832832815,3,0,0,114828.1435490297,1
6382,11523660,Surname_6382,533,France,Female,52.0,9,14731.758410810564,4,1,0,126819.71008400983,0
6383,32105054,Surname_6383,444,Germany,Female,36.0,4,14744.38087303645,2,0,1,104652.07060884443,1
6384,56584812,Surname_6384,834,Spain,Male,37.0,0,34795.43827403894,3,1,1,68444.23788510801,0
6385,36187845,Surname_6385,789,Spain,Male,53.0,6,37511.9393374419,4,0,0,68748.46426948413,0
6386,94127867,Surname_6386,438,Germany,Female,24.0,8,42690.01901761074,3,1,1,46083.97432280877,1
6387,18371261,Surname_6387,630,Germany,Female,20.0,1,185411.59768529638,4,0,0,65209.61983967008,0
6388,74915443,Surname_6388,744,France,Male,46.0,0,40051.58992365279,4,1,0,98047.84780224209,1
6389,98616861,Surname_6389,457,Spain,Male,35.0,3,168499.9740145427,3,0,1,98222.66922760822,1
6390,93942719,Surname_6390,372,France,Male,32.0,3,189821.11618019472,2,0,1,26624.28685523953,1
6391,16802146,Surname_6391,423,Spain,Female,38.0,1,170434.83930953042,1,1,1,142403.30276426757,1
6392,65752568,Surname_6392,720,France,Male,44.0,3,87059.13456708445,1,1,0,55874.32630622987,1
6393,89867824,Surname_6393,669,France,Female,50.0,7,9547.653443860243,4,1,1,52575.21071949178,1
6394,21172439,Surname_6394,791,Germany,Female,19.0,2,202787.67988077365,1,0,1,136150.68635406208,0
6395,56166536,Surname_6395,830,France,Female,33.0,2,32378.723568339512,2,1,1,85934.19508772044,0
6396,46965559,Surname_6396,526,Spain,Female,54.0,0,206383.97252107234,3,1,1,58652.3967069553,1
6397,74885168,Surname_6397,732,Spain,Male,34.0,6,98392.4778136524,2,1,1,59105.01781934483,1
6398,78064563,Surname_6398,767,Spain,Male,56.0,8,242676.02180771143,1,1,0,149123.27473800408,0
6399,32581726,Surname_6399,386,Spain,Male,24.0,7,63368.68903058288,1,1,1,16118.543737090451,0
6400,93838800,Surname_6400,501,Spain,Male,22.0,5,156060.68369366336,2,0,0,29426.931605822796,1
6401,53191992,Surname_6401,636,Germany,Male,39.0,1,83989.4035916191,4,1,1,52023.71770492716,1
6402,76328907,Surname_6402,417,Germany,Male,41.0,5,239181.29956887118,2,1,0,128239.00836358206,1
6403,77333221,Surname_6403,590,Spain,Male,48.0,2,121010.32261400002,3,0,0,107892.8042938868,0
6404,46692904,Surname_6404,678,Germany,Male,26.0,1,60122.79104697324,3,0,0,64581.54115262577,1
6405,88304854,Surname_6405,450,Spain,Male,26.0,4,9977.23645555454,4,1,1,91250.03368085761,1
6406,20219125,Surname_6406,541,Germany,Female,31.0,1,146720.5703418144,4,1,0,72702.00013323574,0
6407,82687498,Surname_6407,529,Spain,Male,20.0,8,230224.38564355226,2,0,0,71216.25465115218,1
6408,81345347,Surname_6408,564,Germany,Female,35.0,2,195851.72424502924,4,1,0,83535.86877003782,0
6409,49175662,Surname_6409,733,France,Male,57.0,8,201637.48506802422,3,1,0,106730.80451468001,0
6410,52525308,Surname_6410,398,Germany,Female,27.0,3,164110.59380033502,4,1,1,94897.72857425589,1
6411,98083128,Surname_6411,528,France,Female,29.0,3,140987.76430777585,1,0,0,134929.02199316438,0
6412,69610454,Surname_6412,659,Germany,Male,28.0,2,157129.6632932825,4,1,1,126950.15677754831,1
6413,54649082,Surname_6413,832,Germany,Female,58.0,7,200845.42877572725,1,0,0,131680.75712168313,1
6414,76408113,Surname_6414,605,France,Male,55.0,9,167047.18424796138,4,1,0,95643.36694707906,1
6415,47598671,Surname_6415,742,Germany,Male,30.0,3,222248.4340614518,3,1,1,109906.58831813037,1
6416,15144346,Surname_6416,453,Germany,Female,21.0,1,202000.8828974933,2,0,1,24986.252263875293,0
6417,11469272,Surname_6417,366,France,Male,22.0,4,243015.26757151543,4,0,1,116839.14148771872,0
6418,54024722,Surname_6418,503,Spain,Male,19.0,8,231031.64433743898,3,1,1,55689.99247409118,1
6419,74839680,Surname_6419,848,Spain,Male,41.0,5,120983.54828694099,4,1,1,128688.18397637614,1
6420,61151560,Surname_6420,764,Germany,Male,55.0,3,170929.19422652535,1,1,1,71535.21907968176,1
6421,44731981,Surname_6421,841,Germany,Female,57.0,3,191828.7583607508,3,0,0,22601.598258470352,1
6422,97554127,Surname_6422,714,Germany,Female,34.0,2,131536.03394004764,3,1,1,96944.00314954887,1
6423,32818461,Surname_6423,835,Spain,Female,31.0,9,92245.91880121666,4,0,0,97934.68662588559,0
6424,50671492,Surname_6424,481,Germany,Female,36.0,9,195118.42238295387,3,1,0,148251.8878612556,0
6425,97405515,Surname_6425,557,France,Female,26.0,3,200671.84100160457,2,0,1,94599.0581758035,0
6426,75068971,Surname_6426,805,Germany,Female,36.0,4,120190.18261454956,3,0,1,131703.17811922223,1
6427,29890657,Surname_6427,804,France,Female,48.0,6,176563.13867291945,3,1,1,110186.12024098031,1
6428,80078455,Surname_6428,424,France,Male,27.0,7,233160.1205959802,4,0,0,57868.31545450859,0
6429,15539915,Surname_6429,834,France,Female,24.0,0,198293.36000489458,4,0,1,71499.83105397238,0
6430,75749040,Surname_6430,641,Germany,,55.0,8,134299.62125720977,3,0,0,36739.577866529624,1
6431,19612945,Surname_6431,822,France,Male,45.0,2,104157.00328037533,2,0,1,47628.840457813625,0
6432,82023625,Surname_6432,747,Germany,Male,21.0,9,222134.61875883027,4,0,1,137214.68748328442,0
6433,37500459,Surname_6433,706,Germany,Male,41.0,5,232219.86222062688,4,0,1,21638.644981554942,1
6434,86703861,Surname_6434,437,France,Male,41.0,9,14499.41319097492,3,1,0,87474.03210878272,1
6435,26747783,Surname_6435,443,Germany,Female,27.0,8,2469.4402854978925,4,1,1,17986.248130056672,0
6436,61443227,Surname_6436,664,Germany,Male,24.0,4,77218.0355775591,4,1,1,44700.01995620451,0
6437,28085390,Surname_6437,650,Spain,Male,34.0,7,27363.291564205887,3,1,0,41685.84058910914,1
6438,42577475,Surname_6438,368,Spain,Male,26.0,0,216592.74173282075,2,0,0,32699.17502355079,1
6439,52112749,Surname_6439,467,Spain,Female,36.0,4,105917.2662589338,4,0,1,118607.78383279381,0
6440,62257696,Surname_6440,481,Germany,Female,57.0,0,169681.8160746554,4,0,1,102777.67231992824,0
6441,84547691,Surname_6441,460,France,Male,41.0,0,241529.2346865111,2,1,1,45594.12209884609,1
6442,51539675,Surname_6442,645,Spain,Female,35.0,3,46529.931194913166,4,1,0,42691.19410035375,0
6443,69746833,Surname_6443,440,Spain,Female,39.0,5,227824.21178821148,1,1,0,85708.11497706306,1
6444,77060675,Surname_6444,574,Spain,Female,49.0,5,145624.3192249615,3,1,0,38083.85731196841,1
6445,56328900,Surname_6445,469,France,Female,22.0,0,139684.71197790283,4,0,1,95793.51738442252,0
6446,97437395,Surname_6446,395,France,,40.0,1,118546.23957647095,3,1,0,141482.7189724058,0
6447,23491413,Surname_6447,793,France,Male,39.0,8,74687.54718435367,3,0,1,43084.93848171991,1
6448,38483280,Surname_6448,529,Germany,Female,30.0,9,118436.9263373298,2,1,1,60134.769078695346,1
6449,58571578,Surname_6449,708,France,Female,29.0,3,163097.52567759913,3,1,0,37762.80736673065,1
6450,81732178,Surname_6450,397,France,Male,29.0,2,78032.41246902013,4,0,0,93260.87558172269,0
6451,52418297,Surname_6451,634,Germany,Female,40.0,4,205327.63214490574,3,1,1,77613.99478918909,0
6452,52911423,Surname_6452,789,Spain,Male,56.0,1,187584.88304151202,3,1,1,24162.278625452745,0
6453,98937030,Surname_6453,459,Germany,Male,22.0,7,35439.175412811666,3,1,1,79468.36965254795,0
6454,19756064,Surname_6454,491,Spain,Female,44.0,1,175543.9026803877,3,1,1,24346.090357340407,0
6455,78553890,Surname_6455,727,France,Female,45.0,2,36837.80119039842,3,1,1,144981.93703995753,1
6456,66302100,Surname_6456,479,France,Female,27.0,1,91467.20104304326,4,0,0,125143.43459625455,1
6457,51416603,Surname_6457,766,Spain,Female,49.0,9,65879.5965565411,4,0,1,25532.945856587525,0
6458,76479631,Surname_6458,806,Germany,,40.0,1,238609.29491103347,2,0,1,43547.72686775128,1
6459,45949950,Surname_6459,774,Germany,Male,48.0,0,7917.861741900817,4,0,1,134829.62475522922,0
6460,84711146,Surname_6460,637,France,,47.0,8,45316.120936876345,2,1,0,50297.817879039714,0
6461,48891288,Surname_6461,677,Spain,Female,21.0,2,13372.70259743384,2,0,0,61967.29477217577,0
6462,33935160,Surname_6462,366,Spain,Female,31.0,0,183053.10036879816,2,0,0,24217.581857063997,1
6463,84895425,Surname_6463,469,Germany,Female,55.0,3,134235.65474458548,2,1,1,111806.61101871128,0
6464,30470016,Surname_6464,435,Germany,Female,33.0,3,96293.82563727765,4,1,0,85234.49801901988,1
6465,98508960,Surname_6465,354,Germany,Male,40.0,6,186299.61044359926,3,1,0,55046.28472171424,0
6466,64068852,Surname_6466,429,France,Female,30.0,4,38802.506058618266,3,1,0,138787.38523720825,0
6467,22005524,Surname_6467,631,Germany,Female,20.0,3,129959.3117292742,4,1,0,75993.48962331917,1
6468,41511240,Surname_6468,521,Spain,Female,58.0,0,215063.8800026352,1,1,0,28753.430486615533,0
6469,83489030,Surname_6469,592,Spain,Male,51.0,5,232566.08177231636,4,0,1,64174.62097943724,1
6470,79279230,Surname_6470,637,Germany,Male,50.0,8,84716.23868975014,4,0,1,55845.76532697717,1
6471,74254980,Surname_6471,716,Germany,Female,25.0,6,16816.919231998574,1,1,0,136715.49567474055,0
6472,33253799,Surname_6472,376,Spain,Female,23.0,3,75562.00513923659,4,0,0,79367.92481784266,0
6473,97241869,Surname_6473,459,Germany,Male,24.0,7,154332.3776189556,2,0,1,98362.82179097587,0
6474,28579252,Surname_6474,702,Spain,Female,39.0,2,116468.3989978679,2,1,1,21045.196178397462,1
6475,37001829,Surname_6475,684,France,Female,47.0,9,9628.289261688378,4,1,1,140041.0699937556,0
6476,78324682,Surname_6476,377,France,Male,32.0,2,152560.72836938256,3,1,0,116418.61611138053,0
6477,61871225,Surname_6477,595,Germany,Female,38.0,6,107013.0965385539,2,1,0,117868.89842207074,0
6478,69658079,Surname_6478,416,Spain,Male,59.0,7,173645.94335053774,1,1,1,128015.80137919757,0
6479,25958289,Surname_6479,358,Spain,Female,21.0,1,121928.38469965469,3,1,0,50721.7749956655,1
6480,22373442,Surname_6480,845,Spain,Female,55.0,9,136882.1272402933,2,1,0,86867.05854637279,1
6481,14509495,Surname_6481,758,France,Female,26.0,4,32024.581650965083,1,1,1,105565.98227459965,0
6482,33202911,Surname_6482,619,France,Male,32.0,2,132784.76595419197,1,1,1,103964.24061885825,0
6483,39824374,Surname_6483,634,Germany,Male,48.0,3,229250.20073109932,2,1,0,76657.58530500068,0
6484,61930678,Surname_6484,639,Germany,Male,49.0,5,56945.87973796405,2,1,1,53195.13976762765,0
6485,61674081,Surname_6485,653,Germany,Female,41.0,1,40367.59211193577,3,0,0,116462.28852447792,1
6486,97498707,Surname_6486,386,France,Male,58.0,2,32781.54961196039,4,1,1,35270.42035298668,0
6487,98698342,Surname_6487,791,Germany,Female,30.0,4,220588.36838603544,3,1,1,109792.82259010062,0
6488,26702858,Surname_6488,368,France,Female,54.0,7,119011.79981805598,1,0,1,20880.714010574295,0
6489,90837135,Surname_6489,489,Spain,Female,40.0,5,65099.80854557565,2,1,0,50837.36195526494,1
6490,31074403,Surname_6490,443,France,Female,40.0,6,85838.59450135811,3,1,1,106777.89439777867,1
6491,30948895,Surname_6491,544,Spain,Female,39.0,8,108327.1341051618,4,0,0,34985.009752594415,1
6492,79070229,Surname_6492,442,France,Male,22.0,7,164664.84518705815,2,0,0,16104.531467289817,0
6493,82931359,Surname_6493,727,Germany,Female,29.0,1,136314.78870578544,3,1,0,125691.0973264354,0
6494,58556643,Surname_6494,478,Spain,Female,51.0,7,161333.8948380466,3,0,0,20163.58115324281,1
6495,46525243,Surname_6495,543,France,Female,33.0,1,218056.5748401232,1,0,0,96162.46342911408,0
6496,32816161,Surname_6496,647,France,Male,37.0,4,67603.48645139347,4,1,1,55516.00075694454,1
6497,73827395,Surname_6497,788,Germany,Male,44.0,6,172636.59395519682,1,0,0,36136.555155048714,0
6498,86226609,Surname_6498,684,France,Male,21.0,7,61937.40307085094,2,1,1,84797.5112267365,0
6499,54749866,Surname_6499,494,France,Male,59.0,8,244267.8605130328,4,0,0,44135.1433805218,0
6500,65278613,Surname_6500,609,Spain,Female,43.0,9,34294.81054317676,4,1,1,39133.774490634154,0
6501,32510065,Surname_6501,476,Spain,Female,56.0,5,93079.38276852581,1,0,1,139846.72563990863,1
6502,62499850,Surname_6502,815,France,Male,51.0,7,160364.28615278107,2,0,0,91398.85607267055,1
6503,63684715,Surname_6503,681,Spain,Male,56.0,1,98688.79971775285,4,0,1,58276.87641114316,0
6504,32124711,Surname_6504,779,Spain,Male,35.0,1,60990.696028137696,1,0,0,83409.98603087197,1
6505,70846609,Surname_6505,779,France,Male,27.0,7,153536.24326246048,3,1,1,134981.96748647038,1
6506,62334959,Surname_6506,433,Spain,Female,31.0,2,1921.4015165819053,4,1,1,45317.61601959464,0
6507,85888192,Surname_6507,815,Germany,Female,39.0,9,182503.84195898697,1,1,1,37337.74996757551,1
6508,30495610,Surname_6508,683,Spain,Male,44.0,3,246747.30318239442,2,1,0,124293.66510393718,0
6509,93707980,Surname_6509,772,Spain,Male,41.0,0,78546.68705733393,3,0,0,103994.57922929655,0
6510,51528793,Surname_6510,464,France,Female,42.0,6,96184.50952017754,2,0,0,89725.26130390674,0
6511,36897207,Surname_6511,711,Spain,Male,27.0,2,215888.92392691047,1,1,1,19731.643930111008,1
6512,56153519,Surname_6512,665,Germany,Female,59.0,2,78369.34833844764,4,1,1,10661.124448654924,0
6513,16603836,Surname_6513,751,Germany,,51.0,0,172211.67802066536,1,0,1,69595.80807481272,1
6514,64669083,Surname_6514,411,France,Male,48.0,7,247897.79088213126,3,0,1,121786.22747309499,1
6515,84770187,Surname_6515,448,Germany,Female,22.0,1,106633.70513443368,4,0,0,46189.56806228132,1
6516,16615701,Surname_6516,794,Spain,Male,56.0,1,128241.39851686022,3,0,1,34164.344336649236,1
6517,89096794,Surname_6517,368,France,Male,47.0,2,216177.52828816738,1,1,0,116537.51345652575,1
6518,25480815,Surname_6518,364,Spain,Male,23.0,2,173202.36722304707,4,1,1,114325.47649795332,0
6519,77244880,Surname_6519,580,Spain,Female,56.0,2,80576.01778713547,2,0,0,70718.5223279249,1
6520,19770874,Surname_6520,829,Germany,Male,29.0,8,14138.444137492574,2,1,0,83276.44094446741,0
6521,97448864,Surname_6521,836,Spain,Male,21.0,1,123418.28719376438,3,0,0,82120.03466807041,0
6522,53535983,Surname_6522,406,France,Female,38.0,1,184443.3020457273,3,0,1,126594.03711721698,1
6523,43537712,Surname_6523,827,Spain,Male,58.0,6,247243.6868454875,4,1,0,140632.0060644372,1
6524,92831621,Surname_6524,470,Spain,Female,18.0,6,37835.79816589619,4,0,1,144752.57863533738,0
6525,43906167,Surname_6525,384,Spain,Male,20.0,1,143923.42369767686,3,1,1,61867.09999057054,0
6526,59651387,Surname_6526,499,Spain,Male,45.0,5,200461.69361788605,4,1,1,133934.79497027758,1
6527,90718744,Surname_6527,813,France,Female,49.0,5,126139.24172679645,4,1,0,42466.924713089444,1
6528,99229015,Surname_6528,781,Spain,Male,57.0,3,50722.527626235584,4,0,1,111863.37622960107,0
6529,85547715,Surname_6529,782,France,Male,58.0,2,223487.1285764149,2,1,1,60386.20849082507,0
6530,18169515,Surname_6530,841,Spain,,35.0,2,139153.78931899433,3,1,0,101461.40340007277,0
6531,85554355,Surname_6531,415,France,Female,49.0,8,51991.638333660885,3,0,0,137312.4832524683,0
6532,83126966,Surname_6532,630,Spain,Male,23.0,6,180026.89475149443,2,1,0,48614.785395351464,1
6533,32129014,Surname_6533,650,France,Female,32.0,9,8516.20660079469,1,0,0,65115.7522213768,1
6534,40806075,Surname_6534,833,France,Female,24.0,0,150230.6923493556,4,1,0,83868.01077790058,0
6535,69066066,Surname_6535,724,Germany,Female,38.0,1,23518.209444445463,1,0,0,68839.74887944583,0
6536,77063027,Surname_6536,553,France,Male,38.0,6,10876.577388917563,3,0,0,139963.22285537957,0
6537,55975507,Surname_6537,378,Germany,Female,21.0,4,64720.594044950674,2,0,1,52285.587637105076,0
6538,54548607,Surname_6538,561,Germany,Female,25.0,8,213462.6482642498,4,0,1,85040.1670263284,1
6539,78975396,Surname_6539,548,Spain,Male,28.0,7,112906.43869897771,2,0,0,63508.75131338867,1
6540,68978333,Surname_6540,741,France,Male,21.0,6,129066.16386319375,2,1,0,122972.47468389987,0
6541,56447204,Surname_6541,551,Germany,Female,26.0,2,121131.49652462035,2,0,1,106884.57541214443,1
6542,18823820,Surname_6542,375,Spain,Male,48.0,8,179438.91201117367,3,1,0,54691.77917658844,0
6543,13111406,Surname_6543,711,France,Female,35.0,8,247846.08948094049,3,0,1,124303.16998713004,1
6544,48698289,Surname_6544,453,Spain,Male,52.0,4,24733.81593530932,2,1,0,35484.91085194229,1
6545,48868967,Surname_6545,361,France,Female,51.0,4,40389.033130345975,2,1,1,95083.10185236266,0
6546,66554172,Surname_6546,639,Spain,Male,39.0,4,68853.14382321123,4,0,0,73005.417293215,1
6547,65690518,Surname_6547,781,France,Female,35.0,8,62026.03898184536,3,0,0,35687.6632243483,1
6548,36931539,Surname_6548,655,France,Female,59.0,3,135689.3114902363,2,0,0,132786.8953345703,1
6549,52713427,Surname_6549,625,Spain,Male,46.0,4,91073.20358036799,3,0,0,121892.2595320208,0
6550,64618309,Surname_6550,610,Germany,Male,50.0,8,61386.36490716745,3,0,0,62888.399112372404,1
6551,17566806,Surname_6551,456,France,Male,50.0,0,15523.65263742081,4,1,0,51420.721438126064,0
6552,25743492,Surname_6552,376,Spain,Female,57.0,8,162147.86029722527,1,1,1,26874.836772045626,1
6553,16605417,Surname_6553,417,Germany,Male,31.0,7,125893.45276672568,1,0,0,91099.57660298639,0
6554,22532778,Surname_6554,601,Germany,Male,18.0,9,227266.3421388292,1,1,0,86588.94989556046,1
6555,94957146,Surname_6555,605,Spain,Male,40.0,4,101173.83789725501,1,1,0,50279.10618387624,1
6556,25166526,Surname_6556,573,Spain,Female,54.0,4,236713.99236398056,1,0,0,86368.85092804265,0
6557,72192662,Surname_6557,791,Spain,Male,30.0,0,187282.87486738554,2,1,1,27984.796145578217,0
6558,22711715,Surname_6558,697,Spain,Male,34.0,6,179506.12695989475,2,0,0,71123.05298978335,1
6559,43350542,Surname_6559,671,France,Male,48.0,9,108314.98861230219,2,0,1,51998.86728595259,0
6560,71502979,Surname_6560,466,Germany,Male,20.0,4,32613.41323053113,4,1,0,27193.4328440942,0
6561,83785174,Surname_6561,385,France,Male,49.0,0,69305.03988104212,1,0,1,10426.905038781857,0
6562,36241557,Surname_6562,807,Spain,Female,55.0,2,49159.8518051673,3,0,1,75488.2459690744,0
6563,94767106,Surname_6563,759,Germany,Male,25.0,2,141720.4928390856,3,0,0,57232.04566026008,1
6564,99224020,Surname_6564,639,Germany,Male,39.0,4,100323.4203501223,3,0,1,29151.578211897344,0
6565,64848450,Surname_6565,554,Spain,Male,43.0,8,55663.09208769233,1,0,0,57197.48517750392,1
6566,32461080,Surname_6566,723,France,Male,39.0,4,57639.573686279924,3,0,0,82956.9191489602,1
6567,85308137,Surname_6567,417,Spain,Female,43.0,6,182389.68774957833,1,0,1,53435.8919143214,0
6568,34452117,Surname_6568,729,Spain,Male,20.0,6,143300.81807911806,3,0,0,42680.010339556364,0
6569,47235861,Surname_6569,820,Germany,Male,45.0,3,213976.1899684128,1,1,0,11446.62328719451,1
6570,83525964,Surname_6570,359,Spain,Male,37.0,5,135604.29948177456,3,1,1,116816.44712376884,0
6571,69142743,Surname_6571,540,France,Male,56.0,2,223390.69284573494,2,1,1,21636.462621379484,0
6572,67603411,Surname_6572,406,Germany,Male,31.0,1,204369.41549941176,4,0,1,25715.416679017722,0
6573,39137139,Surname_6573,780,Spain,Female,31.0,4,40751.468509595936,2,1,1,99930.03868996882,0
6574,56188832,Surname_6574,703,France,Male,41.0,3,203386.68257656868,3,0,1,63739.72449194669,1
6575,36824444,Surname_6575,431,Spain,Male,58.0,8,9480.841333686818,3,0,0,84813.09934641919,1
6576,97704090,Surname_6576,609,Germany,Male,55.0,1,159876.48858959653,3,1,1,45581.53750057658,1
6577,21056380,Surname_6577,545,France,Female,21.0,2,178879.4624171909,1,0,1,56962.294635330814,1
6578,16657208,Surname_6578,621,Germany,Female,58.0,0,139751.84834676492,3,1,1,75681.01760076641,1
6579,31869670,Surname_6579,773,France,Male,46.0,6,26751.680983932492,2,0,1,72440.39717515856,1
6580,74956066,Surname_6580,364,Spain,Male,44.0,2,10992.729096517412,2,1,1,105819.36424968863,0
6581,46100559,Surname_6581,842,France,Male,23.0,8,98282.60021945734,1,1,1,132367.54186914588,0
6582,65035984,Surname_6582,808,France,Male,29.0,3,121295.97539398087,2,0,1,138377.68183677396,0
6583,68058104,Surname_6583,418,Spain,Female,49.0,9,163760.48254391813,2,1,1,74930.37229737546,0
6584,92562997,Surname_6584,821,Germany,Female,57.0,0,163935.1171292805,3,0,1,143476.65763837326,1
6585,28281165,Surname_6585,594,Spain,Male,44.0,5,38902.706900553,1,1,0,57822.764843441626,1
6586,11876715,Surname_6586,756,Germany,Male,56.0,5,126465.75270704152,2,0,1,33797.14558703544,0
6587,33820096,Surname_6587,573,Germany,Male,45.0,0,139957.08639871638,4,1,1,127156.3487231856,0
6588,46161585,Surname_6588,723,Germany,Male,22.0,5,651.6014569482031,3,0,1,92206.53192732022,1
6589,34794743,Surname_6589,831,Germany,Male,46.0,0,249354.72656656345,1,0,1,118628.09982340208,0
6590,67090209,Surname_6590,523,France,Male,30.0,0,103454.09432656108,4,0,1,24933.66596061421,0
6591,64454305,Surname_6591,514,Spain,Male,52.0,4,217711.4139539334,2,1,1,99371.36036632687,1
6592,30940075,Surname_6592,433,Spain,Male,18.0,6,150087.41568871777,2,0,1,134172.8928048145,0
6593,66395350,Surname_6593,403,Germany,Male,55.0,6,64201.28990741267,2,1,1,52549.101483689425,1
6594,98398245,Surname_6594,654,Germany,Female,28.0,9,238402.19862659022,2,0,0,39089.24091500179,1
6595,23357973,Surname_6595,808,France,Female,18.0,8,200962.4855229608,1,0,0,77183.30209814891,0
6596,18020839,Surname_6596,444,Spain,Male,42.0,4,151175.48958808865,4,1,0,128976.27960279508,1
6597,24562390,Surname_6597,436,Germany,Female,57.0,4,114089.35161727216,4,1,1,120492.3186094618,1
6598,90260519,Surname_6598,727,Germany,Female,47.0,4,159532.02988527477,2,0,0,35740.98110081184,0
6599,55735019,Surname_6599,371,France,Male,38.0,2,167629.09405976022,4,0,1,112458.06853753357,1
6600,81450737,Surname_6600,838,Germany,Male,44.0,1,76815.50681945443,1,0,1,47964.62430409011,1
6601,79364643,Surname_6601,468,Germany,Female,19.0,6,83405.428895784,3,1,0,82640.87661012281,1
6602,30343845,Surname_6602,473,Germany,Female,43.0,9,66357.32515742959,1,0,0,55943.9043360809,1
6603,46539411,Surname_6603,489,France,Female,23.0,7,1926.188394319378,4,0,0,124071.21712579063,1
6604,25181122,Surname_6604,416,Germany,Female,27.0,1,212776.10331415632,4,1,1,50226.095888307005,1
6605,41029742,Surname_6605,619,Germany,Female,24.0,0,149856.04657168724,4,1,1,132135.27361484733,0
6606,10063584,Surname_6606,608,Germany,Female,44.0,9,231420.00603870032,1,0,1,71119.08394277758,0
6607,24897073,Surname_6607,818,Germany,Male,38.0,1,16787.915131783295,1,1,1,38719.68567447952,1
6608,57687113,Surname_6608,564,France,Male,26.0,2,174585.6556906821,4,0,0,58471.9150802931,1
6609,63189348,Surname_6609,574,Spain,Male,48.0,9,239444.2401929726,4,1,1,22733.49310972757,1
6610,48388067,Surname_6610,468,Spain,Male,39.0,0,90016.84591134537,2,0,0,99012.88742684368,1
6611,12315009,Surname_6611,757,France,Female,20.0,3,2568.4985865414287,4,1,0,108144.88112794541,1
6612,15232105,Surname_6612,448,France,Female,39.0,1,143836.34525510616,1,0,1,47341.75573100728,0
6613,47486950,Surname_6613,428,France,Male,56.0,7,229513.74115678656,2,1,0,86747.25287922904,1
6614,94988376,Surname_6614,417,France,Male,19.0,2,28812.5705003692,1,1,1,35501.423462300496,0
6615,33097176,Surname_6615,846,France,Male,28.0,6,245147.77037600928,1,0,1,32902.34012451285,0
6616,22977473,Surname_6616,468,Spain,,28.0,9,43470.288420784906,2,0,0,62839.69088325465,1
6617,66842622,Surname_6617,381,France,Male,25.0,2,225056.05580984105,4,1,1,26307.65279849533,0
6618,68478972,Surname_6618,478,Germany,Male,34.0,9,17637.750660717156,3,0,1,33730.43053558173,0
6619,22379591,Surname_6619,794,Germany,Female,42.0,1,100948.95144990837,1,1,0,32891.84526205488,1
6620,71711739,Surname_6620,389,Spain,Male,57.0,2,186893.01964130448,2,1,0,100757.40154796242,1
6621,43006810,Surname_6621,355,France,Female,42.0,7,204911.26224217168,1,1,1,52057.55068023403,0
6622,35794912,Surname_6622,520,Germany,Female,54.0,1,28941.253069529022,1,0,1,107192.46615367502,1
6623,31789017,Surname_6623,383,Germany,Male,57.0,3,188097.91893103477,1,0,1,33337.10415208841,1
6624,83794806,Surname_6624,807,France,,56.0,8,19931.76276239811,2,1,0,139770.4747336036,1
6625,94235159,Surname_6625,601,Spain,Male,47.0,1,102677.74995595493,3,1,1,52987.629914650046,1
6626,91220119,Surname_6626,439,Spain,Male,53.0,4,47773.374798757926,4,1,1,142963.90610996675,1
6627,13196758,Surname_6627,686,Germany,Male,52.0,5,70006.53652542083,2,1,1,106506.97844352362,0
6628,96694628,Surname_6628,560,France,Male,19.0,2,199372.84704025203,1,1,1,129907.28345925215,1
6629,42928348,Surname_6629,534,France,Male,41.0,6,114327.27499824777,2,1,0,94776.75454328653,1
6630,56860560,Surname_6630,805,Spain,Male,34.0,6,148766.33571346127,1,1,1,113955.12397738188,1
6631,35906065,Surname_6631,846,Germany,Female,39.0,1,153174.56043519962,1,0,1,118442.16043831038,1
6632,15006241,Surname_6632,601,Spain,Female,53.0,2,133763.57471155995,3,0,1,53882.00159876855,0
6633,49017031,Surname_6633,474,Germany,Female,52.0,2,148090.953991373,4,0,1,13554.382111215604,1
6634,21827537,Surname_6634,545,Germany,Female,24.0,7,68732.94839984582,1,0,1,15946.509032915212,1
6635,93607942,Surname_6635,447,France,Female,30.0,3,75768.36708166345,4,0,1,31158.909573414217,1
6636,54252983,Surname_6636,481,France,Female,58.0,1,290.8758400980149,2,1,1,50547.89769355082,1
6637,38808635,Surname_6637,412,Germany,Male,37.0,0,120600.2310524199,2,1,0,94182.62083708258,0
6638,38145261,Surname_6638,532,Germany,Male,28.0,5,181097.62487688492,2,0,1,35307.242285630535,0
6639,79978232,Surname_6639,459,Germany,Female,30.0,2,191639.17204778863,3,1,1,84827.70307601897,0
6640,46097402,Surname_6640,811,France,Male,51.0,4,11587.559696633081,2,0,0,15280.961592896922,1
6641,67099504,Surname_6641,441,Germany,Male,19.0,0,118619.06076079907,2,1,0,98875.20944869937,1
6642,22090894,Surname_6642,825,Germany,Male,43.0,8,19485.741328201162,2,0,1,74892.81698457815,0
6643,91377459,Surname_6643,730,Spain,Male,34.0,8,176403.57804912646,1,0,0,144021.6732628681,1
6644,31679611,Surname_6644,548,Spain,Male,50.0,3,204204.06131914075,4,0,1,68862.16331939255,0
6645,52549679,Surname_6645,597,France,Male,57.0,7,65833.16243177853,1,1,1,76116.01264608574,0
6646,26128512,Surname_6646,471,Spain,Female,53.0,2,24625.267665928623,4,0,1,140301.96854926154,1
6647,69170356,Surname_6647,717,Spain,Male,41.0,5,127574.61459880245,1,1,0,59014.31627744271,1
6648,64085692,Surname_6648,771,France,,18.0,6,243409.77577721805,3,0,0,79654.72556874923,1
6649,45644820,Surname_6649,490,Spain,Male,53.0,1,152222.98164509796,4,1,0,50696.92591381704,1
6650,94219973,Surname_6650,809,Spain,Male,19.0,0,57582.32152693524,1,0,0,32418.273794572542,0
6651,78020233,Surname_6651,713,Germany,Male,31.0,1,107964.45394126853,2,0,0,23140.13082772097,0
6652,70922448,Surname_6652,577,Spain,Male,56.0,4,38340.5139274737,2,1,1,137810.85677733528,1
6653,83211885,Surname_6653,842,Spain,Female,43.0,6,41254.40205002107,1,1,0,86098.13461358038,0
6654,57283829,Surname_6654,779,Spain,Female,56.0,3,107387.71260212721,2,1,1,117232.95298190456,0
6655,86417690,Surname_6655,436,France,,28.0,4,21940.53074283814,1,1,0,124854.19148667161,0
6656,59563855,Surname_6656,511,Germany,Female,43.0,4,32049.365604692182,2,0,1,47934.638650033085,0
6657,38120579,Surname_6657,406,Germany,Female,57.0,9,65348.30395169897,1,1,0,140944.77834915058,0
6658,23084449,Surname_6658,703,France,Male,24.0,6,116489.28395073912,4,1,1,36015.614938578656,0
6659,33953523,Surname_6659,848,Spain,Male,29.0,1,103785.90402736656,1,0,0,28367.430375943088,1
6660,50434208,Surname_6660,609,Germany,Female,59.0,6,109711.69731122673,1,0,1,81576.45516382741,1
6661,20416053,Surname_6661,634,Spain,Male,40.0,6,235749.59611342326,4,0,1,52465.8652958696,1
6662,13130955,Surname_6662,719,Spain,Female,51.0,2,196434.96159969014,1,0,1,72091.34833127403,0
6663,37762434,Surname_6663,824,France,Male,22.0,3,5935.795725991427,4,1,1,89384.88009508754,0
6664,41446274,Surname_6664,389,Spain,Male,36.0,7,14729.269404392842,2,0,0,20979.38717128075,1
6665,17711402,Surname_6665,484,France,Female,30.0,4,68956.93173901302,4,0,0,26074.304868957173,0
6666,43780391,Surname_6666,700,Germany,Female,45.0,2,182897.41297668475,2,0,0,59550.74950734663,1
6667,42226818,Surname_6667,456,Spain,Female,53.0,1,239696.8838932526,2,1,1,29290.52849614169,0
6668,95262955,Surname_6668,839,Germany,Female,50.0,3,230389.54039693772,2,0,0,55739.5962728961,0
6669,11544217,Surname_6669,594,Germany,Female,38.0,8,193077.8678940485,3,1,0,90607.1978272163,1
6670,63242839,Surname_6670,593,France,Female,24.0,3,198680.14823711372,2,0,0,113651.19188873828,0
6671,49097086,Surname_6671,482,France,Male,25.0,1,223669.43858591278,3,1,1,124809.99365435394,1
6672,25304837,Surname_6672,833,France,Male,56.0,5,6190.195335562171,1,1,0,125726.30395254224,1
6673,27717267,Surname_6673,667,Germany,Male,37.0,2,166224.8269419724,4,0,1,115719.5859085715,1
6674,48883675,Surname_6674,777,France,Male,30.0,0,42551.042435083924,3,1,1,139862.48335507978,1
6675,52666927,Surname_6675,522,Spain,Female,47.0,4,194834.7285174209,3,1,0,20830.194714216665,0
6676,61414353,Surname_6676,551,France,Female,25.0,2,239353.03788036635,2,0,1,73306.31431225193,1
6677,66385772,Surname_6677,563,Germany,Male,34.0,9,180297.58464880555,3,0,1,68621.16135934969,1
6678,62732622,Surname_6678,431,Spain,Female,34.0,7,107918.11778434202,2,0,0,11924.28696250615,0
6679,18136126,Surname_6679,565,Spain,Female,50.0,2,48740.19452579356,2,0,0,11441.737396049422,0
6680,74259074,Surname_6680,731,France,Female,34.0,7,102516.14560217228,4,1,1,82134.24002579138,0
6681,42290193,Surname_6681,785,Germany,Male,50.0,1,36413.76115888404,1,1,1,105614.34221325877,1
6682,45230731,Surname_6682,785,Spain,Male,27.0,1,180135.3094863442,2,0,0,98800.20686849223,0
6683,84735810,Surname_6683,683,France,Male,36.0,3,243774.24588871334,1,1,1,82359.64351296109,0
6684,72667530,Surname_6684,687,France,Female,53.0,5,205923.6118124417,3,0,0,121475.2528227296,1
6685,69589951,Surname_6685,445,Spain,Female,23.0,4,56488.07501571898,3,0,0,36239.71749218114,0
6686,59321637,Surname_6686,730,Germany,Female,33.0,6,63742.14846354326,1,0,0,83481.10699279777,0
6687,56005773,Surname_6687,517,France,Female,27.0,1,163893.5951823013,1,1,0,108055.72985735796,1
6688,90411130,Surname_6688,593,Spain,Male,42.0,5,207899.59125161773,1,0,0,80089.28820891652,0
6689,47359020,Surname_6689,404,Germany,Male,33.0,2,78763.52757962885,4,0,0,141820.13612192147,1
6690,40657078,Surname_6690,603,Germany,Female,35.0,2,103718.50191262175,3,1,0,73462.78294606518,1
6691,82884516,Surname_6691,762,Spain,Male,40.0,1,166156.74277991318,3,0,1,84617.7718317814,1
6692,15427207,Surname_6692,681,Germany,Male,33.0,7,193270.53236267026,1,1,1,22267.262015266184,1
6693,13815587,Surname_6693,602,Germany,Female,49.0,4,235637.14015288235,3,1,0,136836.80215558055,0
6694,30353266,Surname_6694,726,Germany,Male,31.0,9,34402.604734220324,2,0,0,122666.26295923268,0
6695,15543576,Surname_6695,598,Spain,Female,30.0,9,226342.8435916069,1,0,0,142684.54032028883,1
6696,68148449,Surname_6696,437,France,Female,35.0,1,90024.95344898726,1,1,0,139897.53501345433,1
6697,59594964,Surname_6697,565,Germany,Female,35.0,1,20886.49967282269,1,0,1,110179.35736834738,0
6698,26120682,Surname_6698,567,France,Female,50.0,2,151445.08886533807,1,0,0,54790.00225138399,1
6699,74416074,Surname_6699,737,France,Male,20.0,3,27966.286777723977,1,1,1,146648.4820028511,1
6700,34493501,Surname_6700,804,Spain,Female,47.0,2,94485.4633958285,2,1,0,133776.87839528694,0
6701,76289337,Surname_6701,543,Spain,Female,35.0,0,49901.94811547327,1,1,0,130933.36894613039,0
6702,22814516,Surname_6702,691,Germany,Female,36.0,8,86373.05493112054,4,0,1,118163.68570831188,1
6703,67330720,Surname_6703,813,Germany,Male,27.0,2,188481.62055901138,3,0,0,133874.5638481541,1
6704,47724491,Surname_6704,438,France,Male,20.0,1,59806.64849040049,3,0,0,135536.6237439142,0
6705,81277471,Surname_6705,670,Germany,,45.0,5,245272.25720717132,1,0,0,57032.41010246135,1
6706,51372731,Surname_6706,718,France,Female,28.0,4,117769.64564568132,2,1,1,21328.543962342428,0
6707,41750094,Surname_6707,464,Germany,Female,50.0,1,127153.2959161139,1,1,0,103298.2122565794,0
6708,52493948,Surname_6708,773,Germany,Male,27.0,4,96529.70313626036,4,1,0,92402.18267971609,1
6709,62070163,Surname_6709,653,Spain,Male,57.0,9,216005.51496568517,4,1,1,63817.53188079347,1
6710,80274617,Surname_6710,473,Spain,Female,55.0,0,7962.427752322587,1,1,1,89492.28475131899,1
6711,56919916,Surname_6711,536,Germany,,48.0,0,171930.24843842123,3,0,0,130072.66968824917,0
6712,10471817,Surname_6712,725,Spain,Female,52.0,4,71353.17930867424,1,1,1,17731.353248279513,1
6713,82318792,Surname_6713,436,Germany,Male,41.0,8,247902.9763228032,2,1,1,64656.56821895224,0
6714,83801156,Surname_6714,824,Spain,Male,56.0,5,239206.24941247332,1,1,1,62026.91892086499,1
6715,36450128,Surname_6715,603,Germany,Male,28.0,4,117669.4722349482,4,0,0,33014.23976215105,0
6716,16375502,Surname_6716,497,Spain,Male,52.0,7,68085.63399685048,2,0,0,119327.32441786023,0
6717,33897308,Surname_6717,518,France,Female,28.0,8,245695.18618822756,2,0,1,124557.47280680817,1
6718,31539135,Surname_6718,713,Spain,Male,58.0,7,43807.34455861007,4,1,0,94705.67238570274,1
6719,71761797,Surname_6719,558,France,Male,54.0,5,173442.4163775227,3,1,0,56370.3050290514,1
6720,78391066,Surname_6720,637,Spain,Female,53.0,3,80903.82635084883,2,1,0,66416.3493588554,1
6721,16282556,Surname_6721,714,Germany,Female,47.0,2,149464.44307715216,1,1,0,94582.65703036012,0
6722,53792914,Surname_6722,716,Germany,Female,39.0,7,199500.61281046213,1,1,0,67321.18198215128,0
6723,16486915,Surname_6723,364,Spain,Male,28.0,7,37360.53926799493,2,0,1,78183.98244529794,1
6724,42347788,Surname_6724,574,Germany,Male,28.0,6,15676.223786588838,2,0,0,134542.5462544511,1
6725,78184701,Surname_6725,804,Germany,Female,20.0,2,119211.54274625792,3,1,1,62836.149620647,1
6726,71275497,Surname_6726,788,Germany,Female,21.0,7,26823.177859834013,4,1,0,24430.05263185403,0
6727,42807973,Surname_6727,354,France,Female,45.0,7,32719.66519152497,4,1,1,84962.4035667114,1
6728,25009392,Surname_6728,679,Spain,Female,46.0,6,210851.0866232659,4,0,1,92089.90728664,0
6729,51584807,Surname_6729,780,Spain,Male,26.0,6,246155.3661752703,2,1,0,137225.7253338077,1
6730,11959646,Surname_6730,553,Spain,Female,25.0,0,100780.98551607151,2,1,1,95589.56346238709,1
6731,15886485,Surname_6731,562,France,Male,45.0,1,213134.7794854956,2,0,1,130897.75247945948,0
6732,40881910,Surname_6732,828,Germany,Female,19.0,6,136003.20586411815,2,1,0,10472.461464901737,0
6733,63245812,Surname_6733,807,Spain,Female,51.0,5,86813.81935396568,4,1,1,81357.8699947273,0
6734,83933745,Surname_6734,543,Spain,Female,54.0,8,32796.27757058931,1,1,0,98119.54638921733,0
6735,85108835,Surname_6735,388,Germany,Male,47.0,8,21429.47599022116,4,1,1,81540.7819252339,0
6736,14084123,Surname_6736,362,Spain,Female,44.0,7,230685.43451421976,3,0,0,40634.20816412945,0
6737,62991691,Surname_6737,400,Spain,Female,18.0,8,85645.85150629356,1,1,1,102966.79370818671,0
6738,98744028,Surname_6738,641,Germany,Female,44.0,9,192319.11953553633,1,1,0,131094.7471948382,0
6739,92439894,Surname_6739,828,Spain,Male,58.0,5,216184.69349877062,1,1,1,21289.090886992628,0
6740,47074071,Surname_6740,355,France,Female,59.0,3,63021.947800894566,4,0,1,146639.8973402066,1
6741,26702643,Surname_6741,736,Spain,Male,46.0,4,7707.784873415918,4,0,0,114712.27106631883,0
6742,64394465,Surname_6742,724,Spain,Male,48.0,5,102471.98882635405,1,1,1,120541.66850827017,0
6743,53417256,Surname_6743,641,France,Female,29.0,3,140929.2184141259,3,1,1,76327.26582082431,0
6744,35582020,Surname_6744,690,Germany,Female,43.0,3,172484.58743550588,2,0,1,85689.06033047054,1
6745,71152277,Surname_6745,560,Germany,Male,31.0,2,111797.34472014266,1,0,1,55448.961195591364,1
6746,68801155,Surname_6746,442,France,Female,49.0,9,166714.99472111056,2,0,0,136763.17551784765,0
6747,56455725,Surname_6747,609,Germany,Female,46.0,7,149641.04624744886,1,1,1,82602.20812595845,0
6748,89749196,Surname_6748,489,Spain,Male,50.0,9,66187.67643000199,1,1,1,71470.84627552333,1
6749,55825495,Surname_6749,402,France,Female,45.0,0,28822.207611082646,3,0,1,33310.92226806174,1
6750,20268431,Surname_6750,764,France,Female,40.0,6,172401.27070466935,2,0,0,46283.589285014,0
6751,34062546,Surname_6751,412,Spain,Female,22.0,1,188364.6717285753,3,0,1,30989.640933242314,1
6752,11519304,Surname_6752,552,Spain,Female,58.0,1,112886.45645265577,1,1,1,34628.29061874327,0
6753,83781532,Surname_6753,658,France,Male,53.0,4,57807.513533752965,3,1,1,10408.797165559758,1
6754,18718853,Surname_6754,728,France,Male,33.0,9,134462.16274982627,4,1,1,38610.191792527665,0
6755,51130314,Surname_6755,365,Spain,Female,23.0,9,10493.967821497308,2,1,1,97800.26064583538,0
6756,88829514,Surname_6756,604,Germany,Female,50.0,2,227788.4370845505,2,0,1,89987.91160480012,1
6757,63243282,Surname_6757,466,Germany,Female,20.0,1,151888.63999680555,3,0,1,119704.72645220866,0
6758,25597023,Surname_6758,638,France,Male,32.0,6,121942.93130036873,3,0,0,125566.92412393147,1
6759,63461082,Surname_6759,571,France,Female,42.0,6,176642.28323576783,3,0,0,118337.61454364838,1
6760,64422626,Surname_6760,381,Spain,Male,32.0,4,96756.15965823026,2,1,1,145905.76242047886,0
6761,92231971,Surname_6761,571,Spain,Male,28.0,0,66935.49022992195,3,0,0,26557.03665922,0
6762,84907837,Surname_6762,580,France,Male,24.0,1,79495.01580148374,1,0,1,24172.217520070593,1
6763,35321542,Surname_6763,418,Spain,Male,38.0,6,3877.1600366689086,3,1,0,61243.91376796009,1
6764,19450736,Surname_6764,409,Germany,Female,28.0,7,5846.991388335359,2,1,1,11229.657799611781,1
6765,30716597,Surname_6765,695,Germany,Male,19.0,1,9538.894361719174,3,0,1,21971.29242056026,1
6766,16720362,Surname_6766,437,Spain,Male,53.0,0,90729.51908048052,4,1,0,74770.14987786203,0
6767,57779999,Surname_6767,755,France,Female,36.0,3,144466.53781968437,2,1,1,49834.29534676323,1
6768,27244985,Surname_6768,676,Germany,Female,37.0,4,245406.6323365286,4,1,0,99200.20649262416,1
6769,35439390,Surname_6769,467,France,Female,27.0,3,225858.3993041379,3,0,0,118694.22166088321,0
6770,83151215,Surname_6770,502,Spain,Female,52.0,8,50991.75747799625,1,1,0,90419.53180294638,1
6771,23280072,Surname_6771,784,Germany,Male,54.0,5,224174.73005091134,2,1,0,83909.6054443137,1
6772,75765355,Surname_6772,815,Spain,Female,45.0,2,17527.573562478832,1,1,0,58387.24234420645,0
6773,79853472,Surname_6773,604,France,Female,52.0,6,162180.83870768495,3,0,0,134018.24360235126,1
6774,48751518,Surname_6774,660,Germany,Female,40.0,4,243279.8814409151,1,1,1,93684.21689983914,0
6775,11479949,Surname_6775,359,France,Female,55.0,5,153814.33190117206,1,1,0,84458.92674055445,0
6776,50556857,Surname_6776,744,France,Male,52.0,8,194491.5983277017,1,1,1,121313.24367621138,1
6777,99901803,Surname_6777,414,France,Male,44.0,4,241514.35998890264,4,1,0,112617.11083826717,0
6778,66528913,Surname_6778,427,Spain,Female,35.0,2,17824.013991411175,3,1,0,79442.40644765864,0
6779,29185682,Surname_6779,707,France,Male,44.0,6,14414.46993393944,1,1,1,115482.0560599609,0
6780,31919912,Surname_6780,451,Spain,Male,32.0,6,1119.9775731884909,2,0,0,123614.02071811602,1
6781,48792281,Surname_6781,639,Germany,Female,49.0,5,31300.923714825483,4,0,1,119585.69712773102,1
6782,52574169,Surname_6782,784,Spain,Female,20.0,9,240518.59679417018,2,0,0,96580.05751324106,1
6783,80384387,Surname_6783,797,Germany,Male,20.0,3,159332.77659222306,3,0,1,83112.05611416243,1
6784,83380457,Surname_6784,846,Spain,Male,51.0,0,166957.74313127095,1,0,0,146956.91764027107,0
6785,36983311,Surname_6785,746,France,Female,58.0,4,180300.31157246747,2,1,0,67358.95774481731,0
6786,96684954,Surname_6786,473,France,Male,27.0,2,69174.46640208657,4,0,1,67340.14788107821,1
6787,51904309,Surname_6787,620,Spain,Male,40.0,5,73672.09215752348,1,1,0,43283.20168661109,0
6788,96981750,Surname_6788,357,Spain,Male,50.0,7,53410.34873991901,4,0,1,87819.46075146792,0
6789,19838450,Surname_6789,598,France,Female,30.0,7,180848.99557491537,1,0,1,38171.66510797776,1
6790,79982875,Surname_6790,720,France,Female,33.0,2,35488.56815587942,2,0,1,87562.05993043155,0
6791,49550107,Surname_6791,373,Germany,,44.0,4,120413.61431081929,1,1,1,122084.40938387299,0
6792,58689667,Surname_6792,527,Germany,Female,49.0,4,1426.5159230372471,4,1,1,40231.496409842104,1
6793,88698388,Surname_6793,574,Spain,,32.0,6,28525.940800472716,1,1,0,41044.99542712085,1
6794,62459471,Surname_6794,412,France,Female,52.0,8,230803.88001300825,2,1,1,149860.11510687714,0
6795,93839622,Surname_6795,530,France,Male,55.0,1,197725.3229269409,4,1,1,140935.92369847384,1
6796,65620671,Surname_6796,747,Germany,Male,55.0,0,166533.40135706397,4,0,1,125632.80455519758,0
6797,86396950,Surname_6797,640,Germany,Male,21.0,3,123156.86700560719,3,0,1,40932.97894021483,0
6798,68216013,Surname_6798,457,Germany,Male,47.0,6,184033.39414289204,1,0,1,117979.92417445764,0
6799,71188477,Surname_6799,625,Germany,Male,56.0,0,48785.27952546063,2,0,0,129540.40657246098,0
6800,96965791,Surname_6800,599,Germany,Female,53.0,1,236648.27488393727,2,0,0,149528.82967721455,1
6801,21522267,Surname_6801,675,Spain,Male,28.0,2,28910.547032918123,1,0,0,143099.97263409605,0
6802,34783139,Surname_6802,488,Germany,Female,51.0,7,127892.93854850014,2,1,1,61654.51742482793,0
6803,63095188,Surname_6803,647,Germany,Female,40.0,6,52311.209912255654,3,0,0,103851.99485978836,1
6804,20655224,Surname_6804,749,Germany,Male,25.0,5,156103.15383478123,4,0,1,96164.13130004963,0
6805,48138817,Surname_6805,604,Germany,Male,19.0,8,25530.947923762593,3,0,0,77995.4285151451,0
6806,20685209,Surname_6806,635,Spain,Male,35.0,2,126790.48800618606,2,0,0,47843.156413368124,0
6807,96606293,Surname_6807,589,France,Male,37.0,2,53312.808453845784,1,1,0,133096.25511056336,0
6808,86555882,Surname_6808,621,Spain,Male,22.0,1,198312.99764098614,1,0,0,52295.36036309923,1
6809,79188710,Surname_6809,843,Spain,Female,43.0,4,178723.0450645043,4,0,1,89361.51679660466,0
6810,66288023,Surname_6810,451,Spain,Female,43.0,4,160464.38543079313,2,1,1,121293.27080255518,1
6811,50389588,Surname_6811,511,France,Male,18.0,8,127289.75502116237,1,1,1,86919.44356024657,0
6812,91010676,Surname_6812,413,Spain,Male,48.0,4,178340.802179091,1,1,1,81015.64922044276,1
6813,24353720,Surname_6813,377,Spain,Female,35.0,4,225682.1230563032,3,0,0,86717.87819261872,0
6814,25367849,Surname_6814,665,Germany,Female,49.0,4,143332.8334785014,2,0,1,67171.60260071646,0
6815,54657567,Surname_6815,510,Spain,Female,51.0,9,125143.97824558316,2,0,0,70481.75991628463,0
6816,55494978,Surname_6816,629,France,Male,45.0,5,85799.48038100536,2,1,1,108902.4958185752,1
6817,69866766,Surname_6817,759,Germany,Male,58.0,6,137671.70432886967,3,0,0,35181.820832886355,1
6818,26237457,Surname_6818,752,France,Male,24.0,4,189563.12107258436,3,1,0,144025.00585726553,0
6819,17667040,Surname_6819,765,France,,57.0,5,29413.666760293665,3,1,1,58456.70383864651,1
6820,10804295,Surname_6820,568,Spain,Female,51.0,8,2560.0127956997567,4,1,1,39064.403746542164,0
6821,37027147,Surname_6821,746,Spain,Female,20.0,4,89512.2462298747,2,0,1,133892.02442259024,1
6822,69162571,Surname_6822,718,Spain,Female,36.0,3,249160.29766114274,2,0,0,137425.26394918468,1
6823,53081491,Surname_6823,796,Spain,Male,39.0,6,186667.28595522657,3,1,0,126551.5809125961,1
6824,32064506,Surname_6824,568,Spain,,55.0,4,237874.36753961223,3,1,0,128636.5832068553,1
6825,11196403,Surname_6825,650,Spain,Male,43.0,0,200173.07908956183,2,0,0,58729.90187098048,1
6826,40966749,Surname_6826,670,Spain,Female,30.0,1,137000.3426354917,3,1,1,109948.05990064694,0
6827,84649115,Surname_6827,556,Germany,Female,54.0,1,111591.73897927337,4,0,1,103121.58178579876,1
6828,66170167,Surname_6828,807,France,Male,52.0,7,145182.73739434333,3,1,1,55820.06195943355,1
6829,68730580,Surname_6829,777,France,Female,29.0,1,169069.70659999683,4,0,0,53954.74397563629,1
6830,40322141,Surname_6830,514,Germany,Male,38.0,6,189589.45968267115,3,0,0,57661.26435108607,1
6831,43557529,Surname_6831,462,France,Male,24.0,4,43827.78053128836,4,1,1,66929.43615925979,1
6832,88165811,Surname_6832,780,Spain,Male,45.0,4,47928.35357709205,3,0,1,139641.94538532346,1
6833,33854616,Surname_6833,671,France,Male,38.0,7,140179.73317358113,2,1,0,112314.69305343532,0
6834,60812450,Surname_6834,565,Spain,Female,43.0,9,2238.2475306720053,4,0,1,139252.0167906754,0
6835,33461727,Surname_6835,763,Spain,Male,34.0,5,57715.44971443465,1,0,1,24247.12145633233,1
6836,22974769,Surname_6836,436,Spain,Female,34.0,6,66702.13362485178,4,0,1,124051.73563896191,1
6837,83621265,Surname_6837,368,France,Female,55.0,3,223665.92888374915,4,0,0,55014.67375474689,0
6838,93230766,Surname_6838,771,Spain,Male,54.0,0,158436.14876144737,2,0,1,44718.84931324093,1
6839,22865297,Surname_6839,626,France,Female,49.0,3,156909.56949284277,1,0,0,31234.01686151076,0
6840,41181302,Surname_6840,711,Spain,Female,56.0,5,243281.0797930205,2,0,1,41101.48328453067,0
6841,98055612,Surname_6841,451,Germany,Female,40.0,6,248741.61974998377,2,0,1,25532.56836453118,1
6842,44427546,Surname_6842,406,Spain,Female,32.0,3,244815.74567276955,4,0,1,75457.54212654199,1
6843,78764851,Surname_6843,620,France,Female,32.0,8,36723.688330102086,4,1,1,31067.443592676504,1
6844,90092929,Surname_6844,640,Spain,Male,48.0,0,126159.14946902948,1,0,1,17299.682128815024,0
6845,43078131,Surname_6845,712,Germany,Male,18.0,7,176831.04993877953,3,1,0,103426.82095142423,0
6846,31661238,Surname_6846,570,Germany,,36.0,3,200879.908976156,1,0,0,75717.31179798201,0
6847,31180088,Surname_6847,530,Spain,Female,34.0,7,27453.15978142515,2,0,1,97514.16945474871,0
6848,55809480,Surname_6848,716,Spain,Male,53.0,8,133967.2789934464,2,0,1,125576.5128814098,0
6849,21169214,Surname_6849,714,Germany,Female,47.0,5,215006.57121437322,1,1,0,64558.45685512287,0
6850,98628490,Surname_6850,520,Germany,Female,50.0,1,26029.356073772382,1,1,0,96315.23277440085,1
6851,96355272,Surname_6851,549,Spain,Male,58.0,7,189808.92277938803,1,0,0,139931.31793422275,0
6852,95549169,Surname_6852,423,Germany,Female,57.0,3,96328.32976565525,1,0,1,83138.90196479889,1
6853,12735436,Surname_6853,650,France,Female,31.0,3,145846.39258818887,1,0,0,134940.7520930959,0
6854,97491740,Surname_6854,546,France,Male,19.0,5,113609.57413606868,2,1,0,28370.59814591502,1
6855,21482929,Surname_6855,456,Germany,Male,52.0,2,120347.4185322575,1,1,1,126527.50145179385,0
6856,32372620,Surname_6856,673,Germany,Male,56.0,2,26871.406612211962,1,1,1,55609.481018439066,1
6857,26345133,Surname_6857,551,Germany,Female,20.0,9,177364.35861212923,2,1,1,57301.725593116025,0
6858,64185998,Surname_6858,487,France,Female,19.0,1,78028.79926004147,4,1,1,32093.791696824137,0
6859,34594795,Surname_6859,707,Spain,,55.0,5,233379.7074887224,4,0,0,79525.58639083593,1
6860,26047196,Surname_6860,643,Germany,Male,53.0,7,56407.89912472483,4,0,1,77657.92860845102,1
6861,39038536,Surname_6861,552,Spain,Female,22.0,8,200334.7833873364,3,0,1,141765.91298274128,0
6862,82390288,Surname_6862,521,Germany,,20.0,0,169865.36420251653,2,1,1,71602.45683705763,1
6863,26619633,Surname_6863,468,Germany,Female,39.0,4,124123.50586315594,3,1,0,31003.808611889723,0
6864,25174459,Surname_6864,530,France,Female,36.0,0,195669.33810476333,2,1,1,143937.77208448714,1
6865,23976955,Surname_6865,433,Spain,Female,35.0,6,72575.35674196822,4,0,1,104227.33335261041,0
6866,30785428,Surname_6866,695,Germany,Male,53.0,5,53153.94954305777,3,1,0,80987.01087740119,1
6867,21687745,Surname_6867,819,Spain,Female,46.0,2,198707.3497285967,2,1,0,37782.49760112868,1
6868,38680615,Surname_6868,437,Spain,Male,42.0,5,227768.86480878724,3,1,0,56238.96594426869,1
6869,72459803,Surname_6869,666,Germany,Female,18.0,5,245681.1466734923,4,0,1,120488.68347347989,0
6870,85509719,Surname_6870,416,Germany,Male,18.0,4,60573.10670903876,3,1,0,122214.80435003575,0
6871,65993857,Surname_6871,456,Germany,Male,36.0,6,128228.34625429593,1,0,0,56663.08654602435,1
6872,13807254,Surname_6872,449,Spain,Female,27.0,6,209130.50578829346,1,0,1,144819.64044636633,1
6873,23971672,Surname_6873,709,France,Male,25.0,9,51544.76198030047,4,1,0,110420.58152278466,1
6874,46754628,Surname_6874,748,France,Female,54.0,0,191729.61578327045,4,1,0,103696.51625123514,0
6875,14713369,Surname_6875,406,Germany,Female,35.0,4,52619.41854726748,2,0,1,54849.06263690841,0
6876,31734712,Surname_6876,415,Spain,,58.0,9,245426.01656920175,3,1,1,103922.54418411454,1
6877,91616226,Surname_6877,513,Spain,,37.0,4,134912.27965568143,3,0,1,96340.82573055565,1
6878,57097626,Surname_6878,654,France,Female,36.0,5,120966.09115122542,4,0,1,107766.89784097736,1
6879,49079048,Surname_6879,643,Germany,Male,20.0,0,115144.53301443989,2,0,0,145675.89700207932,1
6880,30521532,Surname_6880,377,Germany,Male,53.0,3,66162.9774487027,4,1,0,134706.85045344848,0
6881,18701136,Surname_6881,653,Spain,Female,52.0,6,79641.47848534884,4,1,0,100463.33883707749,0
6882,75933166,Surname_6882,423,Germany,Female,35.0,7,128695.79697606851,1,1,1,65203.48438451043,0
6883,38075792,Surname_6883,690,Spain,Female,42.0,1,242693.83245181476,3,0,0,38370.864877617125,0
6884,51839991,Surname_6884,617,Germany,Female,44.0,3,244433.58638829374,1,1,0,70242.4827882513,1
6885,88782814,Surname_6885,556,France,Female,31.0,9,238903.60075892063,3,1,1,14188.898498525477,1
6886,62295813,Surname_6886,414,Germany,Male,45.0,8,121611.99974636621,2,1,0,113854.38480346033,0
6887,92833402,Surname_6887,547,Germany,Male,58.0,1,162051.86112809335,4,1,1,145622.97483515853,1
6888,81307252,Surname_6888,652,Spain,Male,47.0,2,208864.80260616314,3,1,0,37695.28195173091,0
6889,76379148,Surname_6889,574,Germany,Female,36.0,3,116848.22282363557,4,1,1,108268.51965319474,0
6890,68134189,Surname_6890,484,Germany,Female,40.0,7,64526.1402625322,1,1,1,19789.472866896358,1
6891,44431978,Surname_6891,383,Spain,Female,55.0,3,353.2871780050628,3,0,1,100132.47925982367,1
6892,89818936,Surname_6892,680,Spain,,50.0,7,147791.46082857094,4,1,1,59846.89669952337,0
6893,56449852,Surname_6893,814,Spain,Male,27.0,8,249985.82522235418,3,0,0,21351.227938216172,0
6894,88804897,Surname_6894,793,Spain,Male,42.0,0,144066.86665077435,4,1,1,136211.58531594567,0
6895,28707688,Surname_6895,728,Spain,Female,41.0,7,50960.48475564866,1,0,0,36713.48084773348,1
6896,63513140,Surname_6896,532,Germany,Male,30.0,6,117007.51041241622,1,0,0,131722.91606206144,0
6897,51700596,Surname_6897,535,France,Female,20.0,9,117228.36313859267,4,0,1,78779.15778736172,0
6898,86595454,Surname_6898,479,Spain,Female,22.0,6,24703.352900280002,4,0,0,55669.708372677735,1
6899,39756961,Surname_6899,817,Spain,Male,36.0,8,15250.415246151006,4,1,1,117893.18372455031,0
6900,36871818,Surname_6900,587,Spain,Male,52.0,3,63359.31327608579,4,1,1,41464.10676725237,1
6901,15065288,Surname_6901,647,Germany,Male,31.0,6,96842.78371286692,1,1,1,83259.00061386633,0
6902,27447798,Surname_6902,601,Spain,Male,43.0,8,209031.42957201952,4,1,0,102047.94110720025,1
6903,32127465,Surname_6903,602,France,Female,32.0,4,73065.41607633607,1,0,0,27993.927966231113,0
6904,27591433,Surname_6904,721,Germany,Male,30.0,2,132402.88433996186,2,1,1,30049.507942263688,0
6905,52985321,Surname_6905,815,France,Male,32.0,9,20240.912293086305,4,1,0,91824.83763104914,1
6906,42040653,Surname_6906,354,France,Male,57.0,2,96957.31513127223,1,1,0,32545.01887718684,1
6907,52423661,Surname_6907,827,Spain,Female,53.0,1,146836.20296777735,1,1,1,22519.132574269694,0
6908,89879231,Surname_6908,780,France,Male,34.0,5,42862.08832678212,1,0,0,55501.92057344072,0
6909,72573819,Surname_6909,365,Spain,Male,36.0,7,132308.97766351103,3,0,1,58337.61948389561,0
6910,41770202,Surname_6910,488,Germany,Female,39.0,2,184896.54995427473,4,0,0,31533.784514365998,0
6911,50184577,Surname_6911,759,Spain,Female,18.0,1,183236.42116934524,3,1,1,133803.48363308533,1
6912,10751667,Surname_6912,815,France,Male,55.0,5,201029.0503470432,4,0,0,99027.77166640322,1
6913,40167728,Surname_6913,710,Spain,Female,55.0,6,101741.78700752875,2,0,0,137307.57337693972,0
6914,80841352,Surname_6914,599,Spain,Female,43.0,4,112257.9708007852,3,1,1,38231.613221231615,0
6915,94770481,Surname_6915,790,France,Male,22.0,7,237208.787701677,1,1,1,31272.40640666875,1
6916,82185971,Surname_6916,369,Germany,Female,36.0,2,74763.27502321353,2,0,1,93963.38053225592,0
6917,89056389,Surname_6917,680,France,Female,29.0,9,156823.27832840808,4,1,0,10866.09896411663,1
6918,94632511,Surname_6918,847,Spain,Female,54.0,5,200390.604415137,4,1,1,109243.68845464633,0
6919,54183460,Surname_6919,742,France,Female,18.0,3,111108.54904801561,2,1,0,76960.08213633101,0
6920,92763286,Surname_6920,839,Spain,,44.0,9,236928.76492433972,2,1,1,85047.34691386943,1
6921,46207631,Surname_6921,662,Germany,Female,38.0,4,134295.1192682072,1,1,0,28888.087364634237,0
6922,24482921,Surname_6922,465,Spain,Male,57.0,0,147243.58882195965,1,1,1,27992.205949887884,0
6923,82595023,Surname_6923,814,Germany,Female,59.0,3,37708.15773783656,3,1,0,148705.97384581226,0
6924,64714032,Surname_6924,679,France,,46.0,6,207784.0923430455,2,1,0,40295.69494871171,1
6925,76405689,Surname_6925,609,France,Female,41.0,6,162239.46499067845,1,0,1,86692.2376350948,1
6926,90499361,Surname_6926,841,Spain,Male,26.0,1,118155.87664702795,3,0,0,147076.82486721993,0
6927,62104866,Surname_6927,607,France,,33.0,0,3205.7668049540466,4,1,1,135592.97886020708,0
6928,87837650,Surname_6928,577,Spain,Female,36.0,2,224881.88675654132,3,1,1,90609.43558059621,1
6929,10190263,Surname_6929,616,Spain,Female,23.0,0,16752.016134809895,1,0,0,49688.77042316125,0
6930,10363689,Surname_6930,500,Germany,Male,42.0,4,106942.97114182719,3,0,0,138979.20658348862,0
6931,90606245,Surname_6931,606,Germany,,38.0,1,94744.51215609639,3,0,0,22490.228221994894,1
6932,36629104,Surname_6932,659,France,Male,33.0,5,85108.49613937321,2,1,0,148722.89503761276,1
6933,97852618,Surname_6933,754,Spain,Male,59.0,8,155322.61946173673,1,0,0,86778.07706050122,0
6934,97245825,Surname_6934,780,Spain,Female,19.0,8,72990.52959202834,4,1,1,42396.76359227781,0
6935,98096645,Surname_6935,710,Germany,Male,32.0,7,185177.47772063856,1,0,1,43250.19927793508,0
6936,71498024,Surname_6936,688,Germany,Male,20.0,8,18131.118348721942,4,0,1,119495.9671297172,1
6937,68535276,Surname_6937,671,Germany,Female,21.0,5,207734.3736538797,1,1,0,98761.38895182661,1
6938,68373177,Surname_6938,806,Germany,Male,34.0,3,189901.65629426384,4,1,0,63364.619978194976,0
6939,99178405,Surname_6939,422,Germany,Male,29.0,4,248288.20153418783,4,1,1,46908.91013871248,1
6940,79183480,Surname_6940,608,France,Female,35.0,2,44647.253371095765,1,1,1,29094.162821697777,1
6941,13292845,Surname_6941,728,France,Male,30.0,8,179191.59550338134,3,1,1,30910.218976486132,1
6942,80363175,Surname_6942,656,Germany,Female,52.0,3,206646.02443205047,2,1,0,40864.023984311454,1
6943,24814585,Surname_6943,519,Germany,Male,28.0,6,50908.79323497405,1,1,0,61079.50477649453,0
6944,36769684,Surname_6944,524,France,Female,44.0,8,85761.40661709484,2,0,1,83430.38239920052,1
6945,56606848,Surname_6945,366,Germany,Female,37.0,8,60333.59313888126,2,0,0,27612.791834346895,0
6946,79398635,Surname_6946,380,Germany,Male,49.0,8,248454.20785704494,3,0,1,124571.90296660457,1
6947,47252759,Surname_6947,539,Germany,Male,51.0,4,86831.77416553505,2,1,1,108988.01455334837,0
6948,13537053,Surname_6948,844,Germany,Male,57.0,3,70231.50347429203,3,1,1,123408.69803410805,0
6949,37818571,Surname_6949,800,Spain,Male,57.0,0,84257.06806867234,2,0,0,44563.903910060115,0
6950,51586968,Surname_6950,803,Germany,Male,30.0,1,78433.47629761616,1,1,0,126540.83621531821,1
6951,21618730,Surname_6951,743,Germany,Male,34.0,1,88628.12878730966,1,0,0,23043.00514570274,1
6952,23473876,Surname_6952,581,Spain,Male,28.0,1,204974.99246288207,4,1,1,134238.29685514834,1
6953,27700771,Surname_6953,578,France,Female,40.0,3,65629.59770582766,4,0,0,105284.63716225955,1
6954,92631453,Surname_6954,822,Germany,Male,36.0,7,47959.78254766612,2,1,0,82183.2930822179,1
6955,79456690,Surname_6955,659,Spain,Male,59.0,3,11370.869520632737,2,0,0,47138.40224357143,1
6956,24017965,Surname_6956,533,Germany,Male,38.0,0,156191.95493713315,2,1,0,138003.0756534845,1
6957,11365004,Surname_6957,757,France,Female,19.0,1,137466.0993977314,3,0,0,40829.31194104746,1
6958,21351527,Surname_6958,531,Germany,Female,39.0,9,242145.77838036913,2,1,1,117141.54369477024,0
6959,68730257,Surname_6959,659,Germany,Female,45.0,7,59043.58818563349,3,1,0,63693.81689434544,1
6960,94777434,Surname_6960,722,Germany,Female,38.0,2,85357.94930534843,4,0,0,75195.40078031034,0
6961,84862873,Surname_6961,509,France,Female,27.0,7,62578.471822068546,4,0,0,146124.89430311302,0
6962,16046299,Surname_6962,490,Spain,Male,25.0,8,63738.16185198336,3,1,1,74582.95105129312,0
6963,55660265,Surname_6963,399,Spain,Male,43.0,7,51163.292261529685,1,0,1,12073.72515723563,1
6964,95446085,Surname_6964,366,Spain,Male,57.0,0,45676.97788667296,1,1,0,11987.20183856927,1
6965,30158279,Surname_6965,693,Spain,Male,31.0,8,224816.17236927964,2,0,0,61780.10860535122,1
6966,26100406,Surname_6966,647,Spain,Male,34.0,0,190530.6959068391,2,0,1,13512.28142130794,0
6967,82266527,Surname_6967,550,Spain,Female,18.0,7,221688.5781484712,1,0,0,61793.4333406784,0
6968,87957751,Surname_6968,824,Spain,Male,46.0,1,59815.99838384519,2,0,1,92293.40902928644,1
6969,31178209,Surname_6969,651,Spain,Male,42.0,1,2861.4134143476467,1,0,1,15788.95726486458,0
6970,50716904,Surname_6970,739,France,Male,24.0,4,26605.074901236952,3,1,1,31731.79693111649,1
6971,43704786,Surname_6971,671,Spain,Female,23.0,8,19723.253137795742,1,0,1,120538.91758329482,0
6972,48662791,Surname_6972,646,France,Female,55.0,5,68372.91018170441,3,1,1,22623.49647569075,0
6973,10225131,Surname_6973,756,Germany,Male,27.0,9,174738.42725326752,2,0,1,12802.382335631368,0
6974,52877212,Surname_6974,752,Germany,Female,57.0,3,35133.72286917932,4,0,1,123642.52062919302,1
6975,42412210,Surname_6975,571,Germany,Male,20.0,1,76228.82903490399,3,1,0,20723.446871532367,0
6976,16450584,Surname_6976,386,Spain,Female,42.0,9,169042.48306901712,1,1,1,20490.679157981693,0
6977,28438399,Surname_6977,530,Germany,Female,18.0,3,166203.86490207483,3,0,0,40435.98906690533,0
6978,36875365,Surname_6978,460,France,Female,39.0,4,55971.26101263597,3,1,1,47717.569632653314,1
6979,50020269,Surname_6979,542,France,Male,43.0,8,48753.09815671785,2,0,1,69693.46810749653,0
6980,26907201,Surname_6980,405,Germany,Female,45.0,4,149677.31535883498,1,1,0,111769.36391724921,0
6981,70903334,Surname_6981,467,France,Male,50.0,2,212497.66319019537,2,0,1,105560.6737668324,0
6982,42170874,Surname_6982,570,Germany,Female,22.0,3,175974.55561635777,1,1,0,142414.48751782408,1
6983,14093148,Surname_6983,510,France,Female,22.0,3,226092.38921214375,2,0,1,49036.8110370284,0
6984,88119222,Surname_6984,440,France,Female,29.0,4,208487.70664177352,2,0,0,10469.306970371805,0
6985,53774976,Surname_6985,706,Spain,Male,27.0,4,156726.20041695438,4,0,0,25215.342009866265,1
6986,25948226,Surname_6986,731,Germany,Male,56.0,7,210515.75406541437,4,1,1,32449.296851696236,1
6987,54426131,Surname_6987,364,France,Female,29.0,7,47081.993350620025,1,1,0,106816.80332134862,0
6988,21661295,Surname_6988,521,Germany,Female,35.0,2,85024.32149958277,1,0,0,86690.71421695709,1
6989,64697375,Surname_6989,787,Germany,Female,23.0,8,166804.28720532203,2,1,0,56958.55396045969,1
6990,91193299,Surname_6990,731,France,Female,42.0,7,41838.86393862255,2,1,0,55694.06838661182,1
6991,95591335,Surname_6991,635,Spain,Male,52.0,8,211232.58447026234,2,0,1,139659.6490274017,1
6992,25087157,Surname_6992,714,Germany,,22.0,5,97952.69818940423,4,0,1,52255.48822155759,1
6993,59197345,Surname_6993,790,Spain,Female,34.0,2,51020.72402078678,1,1,1,146003.46830528276,0
6994,34442661,Surname_6994,413,Germany,Female,58.0,7,247546.16414248984,1,0,0,13940.029131442629,0
6995,79076951,Surname_6995,532,France,Female,29.0,3,50605.25497588347,3,1,1,26395.782526861836,1
6996,29974826,Surname_6996,448,France,Male,36.0,4,136836.75819671014,3,1,0,131228.2776400278,1
6997,90204472,Surname_6997,833,Spain,Male,22.0,2,105531.32259179953,4,0,0,43430.69694902547,0
6998,58170800,Surname_6998,849,Spain,Female,54.0,4,219714.34342016483,2,1,0,51519.555059088576,0
6999,51204648,Surname_6999,538,France,Male,28.0,8,239306.37807293414,2,1,0,80986.8580261575,1
7000,28793362,Surname_7000,675,Germany,Male,36.0,3,10007.582699995271,1,0,1,27992.42418281874,1
7001,65241258,Surname_7001,807,Germany,Male,27.0,5,212310.66873036698,1,0,1,81582.06926346506,0
7002,60808332,Surname_7002,381,France,Female,49.0,5,168381.2726908362,2,1,1,37357.58336735455,1
7003,25555657,Surname_7003,740,Germany,Female,46.0,6,141001.08276009493,3,0,0,145922.267222306,1
7004,58978010,Surname_7004,546,Germany,Female,32.0,2,127989.11916038247,3,1,0,30810.184822580024,0
7005,99540217,Surname_7005,414,France,Female,22.0,4,158833.2421292826,2,0,1,94665.02091364484,1
7006,36414844,Surname_7006,764,France,Male,32.0,9,64307.770851634836,3,1,0,44530.490228277326,1
7007,87290215,Surname_7007,830,France,Female,59.0,6,51135.4127153012,3,1,0,116732.22984022081,1
7008,38791978,Surname_7008,453,France,Male,52.0,9,10803.172407137296,3,1,1,122984.69588239398,1
7009,57176725,Surname_7009,490,France,Female,49.0,3,1952.4613498823062,4,0,0,11103.770243366775,1
7010,13850459,Surname_7010,648,France,Female,44.0,0,141435.88685285804,3,1,0,23435.04939407586,1
7011,47907186,Surname_7011,361,Spain,Male,26.0,3,199393.8909710204,3,0,1,27718.50248878781,1
7012,22674925,Surname_7012,780,Germany,Male,26.0,7,72874.44072552021,1,1,1,60990.34129306246,0
7013,76025642,Surname_7013,706,Spain,Male,59.0,4,180951.2721627636,2,0,1,32046.201590229506,0
7014,22789127,Surname_7014,835,Spain,Female,41.0,9,165669.85933406622,1,0,0,17404.462485129116,0
7015,96659188,Surname_7015,474,Spain,Female,51.0,5,96375.21209137618,2,1,1,82308.65499275296,1
7016,39594216,Surname_7016,521,France,Female,23.0,9,102276.6805450894,2,1,0,91554.6775111356,0
7017,53547114,Surname_7017,599,France,Female,42.0,5,225167.72681938007,4,0,1,125860.81371435798,1
7018,79771934,Surname_7018,690,France,Female,51.0,8,107155.9051709018,4,1,0,108787.62501561531,0
7019,85864045,Surname_7019,753,France,Female,24.0,7,232458.38883208166,4,0,0,67420.66517665054,0
7020,90806854,Surname_7020,470,Spain,Female,30.0,4,195683.27478446468,4,0,0,103685.05570519199,0
7021,62605120,Surname_7021,389,France,Female,19.0,3,7389.809315839102,1,1,1,40711.57314902253,0
7022,91863447,Surname_7022,381,France,Female,23.0,3,213109.72838404845,2,0,0,136905.74641585635,1
7023,57582060,Surname_7023,734,Germany,Female,48.0,8,69161.668176742,3,0,1,75961.7333958224,0
7024,38166694,Surname_7024,769,Germany,Female,58.0,7,34950.41796555867,1,1,0,96468.00458564109,0
7025,62913134,Surname_7025,759,Germany,,30.0,7,134687.4155025667,3,1,1,141908.48559599,0
7026,35350209,Surname_7026,383,Germany,Female,48.0,5,167236.05760469247,4,0,0,88161.65061193473,1
7027,23841905,Surname_7027,485,Germany,Female,43.0,6,229950.03357840603,4,0,1,89845.28444909281,1
7028,58471373,Surname_7028,359,Germany,Male,58.0,6,61839.996796066385,2,1,1,62637.79814725143,1
7029,86607111,Surname_7029,775,Germany,Female,35.0,7,245031.94476399705,3,0,1,92365.95776124543,1
7030,57189016,Surname_7030,737,Spain,Male,22.0,2,228462.40800471473,3,1,1,49789.06090504014,1
7031,68997024,Surname_7031,362,Germany,Female,30.0,5,73306.96380868726,3,1,0,111049.45273528736,0
7032,40715224,Surname_7032,698,France,Male,20.0,3,178328.25362816284,1,1,0,122070.61275155403,0
7033,89090574,Surname_7033,492,Germany,Female,31.0,7,96596.88197691076,3,0,0,34017.69091682177,1
7034,35974181,Surname_7034,768,France,Male,19.0,7,115186.68808080803,4,0,1,15256.50037015953,1
7035,41301001,Surname_7035,479,Germany,Female,45.0,2,95682.22898943574,3,0,0,74531.37457496734,0
7036,26697246,Surname_7036,533,France,Male,47.0,3,80870.97510951491,4,1,0,30424.68228296778,1
7037,93831459,Surname_7037,404,Germany,Male,55.0,1,15994.892385330777,1,0,1,10043.648623140109,1
7038,59705440,Surname_7038,663,Germany,Male,56.0,4,184811.50245170467,1,0,1,12874.925450925446,1
7039,60424192,Surname_7039,526,Germany,Male,59.0,3,213658.21364354857,1,1,1,49449.47628004667,1
7040,78599945,Surname_7040,593,France,Female,51.0,5,192669.92527231973,3,0,1,52322.29979904524,0
7041,43642647,Surname_7041,511,Spain,Female,25.0,9,72679.85127969884,2,1,0,89359.70715623109,0
7042,72723118,Surname_7042,709,Spain,Male,37.0,0,47099.22925472224,3,1,1,32547.04293138803,1
7043,54106697,Surname_7043,632,France,Male,38.0,5,92764.02527545915,3,0,0,123836.15067042354,0
7044,27933367,Surname_7044,475,Germany,Male,34.0,0,239055.38570177977,2,0,0,138113.8632102749,0
7045,73190218,Surname_7045,756,Spain,Female,43.0,3,110564.9718269896,4,1,0,38132.05709710253,1
7046,55051151,Surname_7046,744,Spain,,50.0,1,60277.713140385655,1,0,1,144234.2716717946,1
7047,61657625,Surname_7047,838,Spain,Male,56.0,0,111322.58677077875,3,0,1,99184.25123857973,1
7048,41117555,Surname_7048,470,France,Female,52.0,6,13449.50712683929,4,0,0,91215.4845951425,0
7049,40250976,Surname_7049,842,Spain,Male,18.0,4,100352.46255289786,2,1,1,104844.11385647516,1
7050,65684217,Surname_7050,713,France,Female,40.0,7,116861.99747713203,1,1,1,70615.96672361581,1
7051,73067190,Surname_7051,623,Germany,Male,46.0,1,170758.75419176952,4,0,0,50417.3418737939,0
7052,52304272,Surname_7052,576,Spain,Female,25.0,7,75888.91819744123,3,1,1,21251.124816782023,1
7053,30779835,Surname_7053,702,Germany,Male,38.0,4,98862.64812229355,4,0,1,46014.50489067405,0
7054,65574776,Surname_7054,634,France,Female,49.0,1,176002.0909410885,2,0,0,75553.49700924881,0
7055,10354163,Surname_7055,673,Germany,Female,25.0,9,74585.74605908224,3,1,0,73687.09116512141,1
7056,40660957,Surname_7056,550,Germany,Female,22.0,7,141414.94282068632,4,1,0,81823.77218585173,1
7057,31038242,Surname_7057,518,Germany,Female,21.0,5,59074.27184891395,2,1,0,58168.36666228928,1
7058,31269287,Surname_7058,561,Spain,Male,21.0,5,94697.67213403346,4,1,0,60304.7931633922,1
7059,16260117,Surname_7059,448,Spain,Female,38.0,7,239321.73778626721,2,1,1,89369.00753934117,1
7060,68126825,Surname_7060,736,Spain,Male,34.0,2,106446.78593722759,1,1,0,12978.759421010727,1
7061,87950322,Surname_7061,469,France,Male,22.0,5,109332.96409917454,2,1,0,126875.89609434945,1
7062,64639872,Surname_7062,575,France,Female,21.0,3,248091.82809159998,2,1,0,136509.89671112958,0
7063,95720079,Surname_7063,760,France,Female,18.0,1,93147.30663857088,1,0,1,66578.88058955029,0
7064,20304959,Surname_7064,432,Spain,Female,49.0,0,184846.82461890404,2,1,1,129016.62183439481,1
7065,12931420,Surname_7065,421,France,Female,55.0,3,194709.30737961165,3,1,0,86515.61453367879,0
7066,97556420,Surname_7066,728,France,Female,28.0,7,193944.3369040028,4,1,0,109394.16045334705,1
7067,25554882,Surname_7067,417,Spain,Female,41.0,7,85453.84486708096,4,1,1,119593.19397176143,1
7068,20530550,Surname_7068,773,Spain,Male,57.0,8,135857.21161611594,4,1,1,123150.66057345444,1
7069,90048574,Surname_7069,520,Spain,,53.0,1,221155.11094695146,3,0,0,108389.15356524095,1
7070,74854627,Surname_7070,425,France,Male,32.0,7,34760.81645193177,2,0,0,78455.53205123797,0
7071,53470114,Surname_7071,727,Spain,Male,34.0,1,151387.75456366228,1,1,0,101285.01827985657,0
7072,34188339,Surname_7072,830,Spain,Female,31.0,8,132329.84840518603,4,0,1,65412.952126182005,0
7073,37359601,Surname_7073,671,France,Male,20.0,7,159723.35247555512,2,0,0,76752.50916886718,0
7074,47810806,Surname_7074,749,Germany,Female,38.0,4,9521.45807945745,2,1,1,59361.40361551415,0
7075,68490004,Surname_7075,498,Germany,Male,54.0,9,93869.65968204939,1,1,1,73846.21055242608,0
7076,51752869,Surname_7076,615,France,,44.0,0,67151.12012309194,4,1,0,127485.47126521921,1
7077,22297280,Surname_7077,446,Spain,Male,20.0,5,10200.853710833318,2,0,0,27293.703627510924,0
7078,57059943,Surname_7078,791,France,Female,42.0,9,15337.155771220107,4,0,0,17385.912514918506,0
7079,67239015,Surname_7079,645,Spain,Female,58.0,3,180988.0124686535,2,0,1,46225.44250874899,0
7080,13885120,Surname_7080,458,Germany,Male,22.0,9,150886.08349422316,1,0,1,31726.335977656254,1
7081,23818535,Surname_7081,840,Spain,Female,21.0,6,77868.33786450195,1,1,0,104182.601387067,1
7082,34141560,Surname_7082,502,France,Male,46.0,2,158483.65245187655,1,0,0,111423.14414055718,1
7083,80793491,Surname_7083,403,Spain,Female,52.0,2,207535.06191287507,1,1,0,111491.13167963192,1
7084,55670925,Surname_7084,831,Spain,Female,32.0,8,80394.05487119732,1,1,1,57616.888508430966,1
7085,11752910,Surname_7085,415,Spain,Male,56.0,3,151927.57341039283,2,1,1,91391.450103915,1
7086,19016592,Surname_7086,429,Spain,Male,48.0,3,211665.55771596654,2,0,1,137829.47614776672,0
7087,83525893,Surname_7087,789,Germany,Male,57.0,9,94397.88134583426,3,1,0,87450.18583051935,0
7088,67639854,Surname_7088,835,Germany,Female,36.0,9,81955.74655095136,2,1,0,110841.10065331073,0
7089,78888058,Surname_7089,810,Spain,Male,35.0,1,30808.275260374663,1,1,1,93490.3390788922,1
7090,87992341,Surname_7090,778,Spain,Male,21.0,9,170873.77109395064,3,0,0,62961.74685057624,1
7091,45023308,Surname_7091,646,France,Male,50.0,8,47301.529410003845,4,0,0,53938.35544504349,0
7092,10763524,Surname_7092,427,Germany,Female,35.0,3,187028.83710439925,1,1,0,106553.49783605988,0
7093,22271071,Surname_7093,783,France,Male,59.0,0,228609.77835655375,2,1,1,20943.884559460916,1
7094,92992181,Surname_7094,465,France,Male,53.0,5,210234.25571631204,3,1,0,54350.56127228712,0
7095,29899633,Surname_7095,488,France,Male,42.0,8,184686.45867889817,4,1,1,121032.61476290548,0
7096,92789400,Surname_7096,609,France,Female,36.0,2,175081.3826924668,4,1,1,62280.14569221054,1
7097,23917921,Surname_7097,685,France,Female,35.0,6,73222.74829096165,4,0,1,61534.93006908494,0
7098,19300076,Surname_7098,407,Germany,Female,25.0,0,50192.26658860409,2,1,1,92876.74371798527,0
7099,49547546,Surname_7099,690,Spain,Male,46.0,0,99870.8148549684,2,1,0,90618.94997167913,0
7100,46953593,Surname_7100,794,Spain,Female,37.0,3,232356.59415049286,4,0,1,107647.43222964466,1
7101,10870397,Surname_7101,359,Spain,Female,50.0,6,77608.01696650937,1,0,0,145572.24194398837,1
7102,48226054,Surname_7102,819,France,Female,40.0,2,129627.67146759477,4,1,0,130290.1049140514,0
7103,71560731,Surname_7103,720,Spain,Male,30.0,3,69581.6337677016,1,0,0,145495.372139052,1
7104,57706430,Surname_7104,780,France,Male,29.0,6,77869.81771387746,3,0,0,30875.482506164295,0
7105,74283896,Surname_7105,468,Germany,Female,28.0,4,187088.13891160366,3,1,0,23336.758368543145,0
7106,44163338,Surname_7106,825,Spain,Male,18.0,7,184867.83211108652,2,0,0,24635.271174383022,0
7107,72439941,Surname_7107,815,Spain,Female,48.0,6,26661.745572305525,2,1,1,44372.78217242852,1
7108,89135423,Surname_7108,470,Germany,Male,19.0,1,120495.13638958501,2,1,0,138638.16109781608,0
7109,81021415,Surname_7109,472,Spain,Female,38.0,8,42296.27224739452,4,1,0,90402.88493471695,1
7110,34400341,Surname_7110,685,Spain,Male,20.0,1,120548.75043554159,4,0,1,122408.76384744841,0
7111,95317076,Surname_7111,693,France,Male,42.0,7,136814.43610540038,2,1,1,90383.09225850386,1
7112,37870666,Surname_7112,545,Germany,Male,24.0,4,81842.05812798598,2,0,0,16945.988399336442,1
7113,44573940,Surname_7113,386,Spain,Female,30.0,4,31063.426590294122,4,0,0,149787.2146352165,0
7114,27281609,Surname_7114,824,Germany,Female,23.0,7,240270.3437534302,2,0,0,136415.51913304065,1
7115,47481828,Surname_7115,473,Spain,Male,32.0,3,17074.177375377225,4,1,1,37487.39330209402,0
7116,35618748,Surname_7116,462,France,Female,23.0,9,24147.33356147705,2,1,0,86791.81642247502,0
7117,41128907,Surname_7117,777,Spain,Male,43.0,8,228386.73328887371,1,1,0,13314.33373077524,1
7118,93860572,Surname_7118,419,Germany,Female,26.0,1,44575.12307975159,4,0,0,75855.75658680827,1
7119,26900413,Surname_7119,498,France,Male,27.0,4,229172.18593048488,4,0,0,95451.4336216821,1
7120,17834424,Surname_7120,372,Germany,Male,46.0,1,60481.42909886467,1,1,1,97560.25821885941,1
7121,34615633,Surname_7121,657,France,Female,42.0,9,239990.1684947815,1,0,1,45158.88257338223,0
7122,84723903,Surname_7122,737,Germany,Female,21.0,1,107671.53904890445,2,1,1,90599.07624044805,0
7123,26489858,Surname_7123,424,France,Male,24.0,0,22480.217783067274,1,1,1,81901.40079938689,1
7124,19641533,Surname_7124,848,Spain,Female,24.0,9,155697.0214167561,3,1,0,141254.59234008778,0
7125,53624427,Surname_7125,541,Spain,Female,52.0,2,117509.63271223425,4,1,1,19396.428772266532,0
7126,35666465,Surname_7126,756,Spain,Female,56.0,2,242677.8460404745,2,0,1,63473.461901800474,1
7127,36492517,Surname_7127,362,Spain,Female,47.0,3,59119.38043674001,3,1,0,102092.87193848555,0
7128,99650665,Surname_7128,590,Germany,Male,42.0,2,145902.10187884263,3,1,0,90350.88537509069,0
7129,47789131,Surname_7129,411,France,Male,30.0,7,241235.64092789058,3,0,1,25101.391492926632,0
7130,70094893,Surname_7130,773,Spain,Male,34.0,5,22431.067004675508,1,1,1,28087.388938286593,0
7131,65537541,Surname_7131,693,Germany,Female,18.0,1,17855.46873866395,2,0,1,116053.79406338741,0
7132,25258972,Surname_7132,525,Spain,Female,28.0,6,173061.4504606207,3,0,0,93774.82193231082,1
7133,68591788,Surname_7133,641,France,Female,29.0,4,21598.320838858876,3,0,0,32899.448302808276,0
7134,16267810,Surname_7134,717,Spain,Male,45.0,8,163526.97682265827,4,1,1,116302.95942200457,0
7135,44854383,Surname_7135,688,Germany,Male,45.0,3,204433.07802995422,3,1,0,147093.07893928012,0
7136,25718195,Surname_7136,391,France,Male,29.0,7,123258.39218113624,2,0,1,75943.59751027387,0
7137,31430693,Surname_7137,679,France,Male,47.0,1,115307.07803304832,4,0,1,121284.418429254,0
7138,72325482,Surname_7138,582,Germany,Male,57.0,9,188399.32962594656,2,1,0,146685.77110244814,0
7139,48483104,Surname_7139,638,France,Female,47.0,7,164769.71760053496,1,0,1,44687.92521208087,0
7140,94991722,Surname_7140,730,France,Male,32.0,0,229167.65017122126,1,1,0,69408.54194029653,1
7141,87302027,Surname_7141,762,France,Male,56.0,8,36866.69032189849,4,0,0,36663.04875948765,0
7142,67682816,Surname_7142,541,France,Female,47.0,6,68280.25867041535,3,1,1,56883.62826992976,0
7143,86571713,Surname_7143,608,France,Male,53.0,7,228911.6799651275,1,0,0,44478.15994001711,0
7144,37339355,Surname_7144,421,Spain,Female,19.0,5,25699.343947053476,3,1,0,129503.11681447123,1
7145,89295556,Surname_7145,559,Spain,Male,30.0,9,117806.36753570473,2,0,1,109388.03787910457,0
7146,38684889,Surname_7146,380,France,Female,26.0,0,137105.22741281922,3,0,1,93705.97577482462,1
7147,57670814,Surname_7147,370,Spain,Female,39.0,4,129783.4486096506,3,0,0,115240.05110232272,0
7148,41647915,Surname_7148,724,Germany,Female,31.0,1,21924.884446852368,3,0,0,144288.47520088812,0
7149,19444609,Surname_7149,664,Spain,Female,51.0,8,4308.73761462508,4,0,1,54705.13808789824,1
7150,28717790,Surname_7150,620,Spain,Female,56.0,2,97529.83590437927,2,1,0,48212.93120596386,0
7151,63422086,Surname_7151,655,France,Male,24.0,1,76445.95450427344,2,1,0,39119.47615989106,1
7152,67761382,Surname_7152,631,France,Female,41.0,2,234690.33570713623,3,0,1,124452.32099924315,1
7153,35751930,Surname_7153,751,Spain,Male,42.0,2,89438.83808313393,3,1,1,18742.290345628964,1
7154,90771950,Surname_7154,450,France,Female,35.0,9,99565.8101459142,4,0,1,95253.52391197885,0
7155,75681470,Surname_7155,712,France,Male,55.0,7,106572.97162474754,2,0,0,21630.198988592478,1
7156,58312534,Surname_7156,744,Spain,,21.0,7,196003.9556925715,4,1,1,91933.10237492471,0
7157,95443706,Surname_7157,359,France,Female,35.0,1,66850.31324386425,4,1,0,42915.680481278185,0
7158,26655825,Surname_7158,745,France,Female,31.0,6,187510.6801238358,4,0,0,65811.01133278396,0
7159,41766003,Surname_7159,664,Germany,Female,25.0,2,203901.34498036563,4,0,0,127729.8428203894,1
7160,51307252,Surname_7160,828,Spain,Female,34.0,0,169095.96493660373,3,1,0,127898.9795697369,0
7161,59818678,Surname_7161,449,France,Male,27.0,3,114279.50046006715,1,0,1,113890.30196458164,0
7162,95843898,Surname_7162,568,France,Male,24.0,1,194930.510624742,2,0,1,25511.057374522763,0
7163,48820670,Surname_7163,642,France,Female,49.0,5,140386.50661203952,4,0,0,46040.53594319836,1
7164,38970953,Surname_7164,492,Spain,Male,51.0,7,30741.771317387756,2,0,1,14406.642249261113,0
7165,57060102,Surname_7165,378,Germany,Female,44.0,1,81562.43606438107,1,1,0,67517.14504293079,1
7166,26590736,Surname_7166,691,Germany,Female,58.0,3,79314.95129345664,2,1,1,83816.02055763087,1
7167,67080635,Surname_7167,744,Germany,Male,30.0,6,139382.60238969023,3,0,0,70840.36311397838,0
7168,86765181,Surname_7168,700,France,,34.0,8,28679.185262125513,2,1,1,34818.49365216562,0
7169,66007405,Surname_7169,813,France,Female,54.0,6,177205.38832059907,3,1,0,134703.33601891878,1
7170,79202582,Surname_7170,765,Germany,Female,45.0,1,178831.65128423387,2,0,0,91310.42300397846,0
7171,62406651,Surname_7171,849,France,Female,35.0,5,217200.9851342706,3,0,0,133709.73708704667,0
7172,67476786,Surname_7172,777,Spain,Female,39.0,3,246641.72431489642,3,1,1,149890.9667077741,0
7173,34098369,Surname_7173,722,France,Male,33.0,1,90918.50660678568,2,1,1,93274.08165528646,1
7174,64326555,Surname_7174,499,Spain,Male,38.0,1,102799.15987573357,4,0,0,71246.74656662639,0
7175,55679767,Surname_7175,756,Germany,Female,31.0,1,63785.97694262789,4,0,1,56863.06559665019,0
7176,24357146,Surname_7176,713,Germany,Female,50.0,1,220725.25927697716,3,1,1,111919.79882336463,1
7177,67522009,Surname_7177,606,Spain,Female,27.0,6,103105.18597687337,1,0,0,27835.041981075443,1
7178,52728878,Surname_7178,548,France,Male,49.0,0,37738.26792507556,4,1,1,89900.30142691148,0
7179,11667820,Surname_7179,607,France,Male,44.0,3,127419.27192601447,1,1,1,12264.448464925723,1
7180,29083429,Surname_7180,622,Germany,Male,19.0,3,218346.00019190053,1,0,0,66458.55238670658,0
7181,65467025,Surname_7181,595,France,Female,23.0,9,60898.93158656995,2,1,0,130631.2245341996,0
7182,68906485,Surname_7182,591,France,Female,31.0,7,13637.844744562144,3,0,1,84713.88652389839,0
7183,72267002,Surname_7183,354,France,Female,32.0,6,207122.9921730308,1,0,1,13486.713940190783,1
7184,87792087,Surname_7184,673,Germany,Female,26.0,3,139187.07418924104,1,1,0,27654.994283913817,1
7185,31064826,Surname_7185,494,Germany,Male,55.0,1,109895.8926498683,4,1,0,147973.9445345332,0
7186,23939286,Surname_7186,726,Germany,Female,24.0,8,72705.08681237744,4,0,1,49058.71659287558,1
7187,96022520,Surname_7187,839,France,Female,26.0,9,43877.034559440195,3,1,1,97873.49195168262,1
7188,49919722,Surname_7188,721,France,Female,38.0,2,137769.92655653643,3,1,1,46423.33899784986,1
7189,23015516,Surname_7189,659,Germany,Female,23.0,1,40669.11030065079,3,1,1,94723.57852687452,0
7190,44216362,Surname_7190,839,Spain,Female,52.0,4,243056.3633259769,4,1,1,21021.889631393722,1
7191,68997618,Surname_7191,516,Germany,Female,57.0,2,125975.80744644362,2,0,0,26961.764103390316,1
7192,90385779,Surname_7192,639,Germany,Female,57.0,3,214400.55638164654,1,0,0,22644.562897379987,1
7193,47071526,Surname_7193,531,France,Male,31.0,0,55712.45140190759,3,0,0,71960.8196381244,1
7194,79717487,Surname_7194,823,Spain,Female,57.0,3,188802.6630028464,3,0,0,65468.70634537045,0
7195,47646598,Surname_7195,364,Spain,Female,56.0,0,47570.8129155295,3,1,1,113360.65833422302,1
7196,94454696,Surname_7196,748,France,Male,43.0,4,212211.74602227026,2,1,1,81296.42785280786,1
7197,18450382,Surname_7197,565,Spain,Female,23.0,7,221494.83114401717,2,1,1,36952.7224435767,1
7198,81071411,Surname_7198,825,Germany,Female,42.0,9,1169.2788743018211,1,0,0,96075.15758918141,1
7199,52052209,Surname_7199,722,France,Female,39.0,0,3892.7043287551587,3,0,1,30824.94758545276,0
7200,39152978,Surname_7200,420,France,Female,50.0,1,129609.99605716819,4,0,1,28643.806295905564,0
7201,87732499,Surname_7201,397,France,Female,38.0,2,216199.49055224855,3,0,0,147644.1608959647,1
7202,71755925,Surname_7202,429,Germany,Male,59.0,9,20494.735091616145,4,1,0,46046.453809859566,1
7203,77072008,Surname_7203,497,Germany,Male,28.0,3,153061.1695111188,2,0,1,65134.69629850623,1
7204,72588890,Surname_7204,421,Spain,Female,27.0,7,235594.89676209434,2,1,0,28752.148563223924,0
7205,96886732,Surname_7205,680,France,Female,18.0,0,187938.67259643253,3,1,1,68633.54920918429,0
7206,15699435,Surname_7206,364,Germany,Male,56.0,5,67853.82384065594,2,0,1,32332.50790522859,0
7207,57335021,Surname_7207,723,Germany,Male,38.0,6,49246.87641314846,2,0,0,117105.73858969555,1
7208,82489636,Surname_7208,664,Germany,Female,57.0,6,168733.38352263084,1,0,0,141230.0539211426,1
7209,66258472,Surname_7209,821,France,Male,30.0,4,102827.53275115561,2,0,0,94030.13173634223,0
7210,13506727,Surname_7210,779,France,Female,27.0,8,112468.94413471068,1,0,1,127730.23490865105,0
7211,92316324,Surname_7211,561,France,Male,38.0,5,135999.60343871504,2,1,1,118521.70954894419,0
7212,71626402,Surname_7212,371,France,Male,56.0,5,55289.39650749526,2,1,0,114997.77970482523,1
7213,26354461,Surname_7213,787,France,Female,43.0,0,210695.5706510128,2,0,1,93277.4669130258,0
7214,93499864,Surname_7214,589,Spain,Male,38.0,9,19598.57442383478,1,0,0,56329.99961661249,1
7215,90265507,Surname_7215,571,France,Female,28.0,1,10988.770637717249,1,1,1,105254.586454049,1
7216,50965675,Surname_7216,734,Spain,Male,59.0,0,129474.02284505083,4,0,1,78158.69188626562,1
7217,59042442,Surname_7217,579,Germany,Female,24.0,2,153574.9468749282,3,1,1,30550.159440615735,1
7218,52450125,Surname_7218,676,Germany,Female,30.0,4,185314.25288855156,4,1,0,75415.91904289319,1
7219,34551842,Surname_7219,688,France,Male,23.0,1,102376.4421972491,4,1,0,79952.23341038986,1
7220,86593661,Surname_7220,679,Spain,Female,52.0,3,95107.7470528455,4,0,1,146072.41855522522,1
7221,10253804,Surname_7221,497,France,Male,49.0,0,220820.01669272681,4,1,0,50850.316646247724,0
7222,78900635,Surname_7222,521,Germany,Male,49.0,5,233624.59977549623,4,0,1,144779.87191850573,0
7223,80055388,Surname_7223,420,Spain,Male,54.0,5,80453.65438349744,3,1,1,100010.08399504972,1
7224,12340153,Surname_7224,475,Germany,Male,53.0,7,34461.66462979078,4,0,0,128205.25354565257,1
7225,85163871,Surname_7225,842,France,,18.0,4,47941.19317052936,1,1,0,56887.7128097317,0
7226,56736941,Surname_7226,392,France,Male,37.0,5,244956.46643298262,3,1,1,61578.42391212205,1
7227,59490102,Surname_7227,686,Spain,,47.0,3,28263.482643193143,1,0,0,126925.96876933689,0
7228,92012841,Surname_7228,581,Germany,Male,37.0,9,113610.17098448295,4,0,0,64559.68290127472,1
7229,28617068,Surname_7229,483,France,Female,51.0,8,92742.22946454663,1,1,0,107726.44104090014,0
7230,90344522,Surname_7230,493,France,Female,25.0,2,36750.83811884641,4,1,1,21646.39947888368,1
7231,22365170,Surname_7231,645,Spain,Female,27.0,2,181795.81528279552,4,0,1,123743.35144385291,0
7232,89358977,Surname_7232,761,Spain,Female,32.0,8,167853.73442852873,2,1,1,89856.18181857881,1
7233,64489357,Surname_7233,530,Spain,Male,48.0,2,118081.97779167684,1,0,0,94189.54431901897,0
7234,78858489,Surname_7234,495,Spain,Female,38.0,5,70055.150427757,3,0,0,110695.94827459475,1
7235,37122063,Surname_7235,627,France,Female,35.0,0,246862.10535189832,1,1,1,65390.24152676885,1
7236,82948976,Surname_7236,496,Germany,Male,38.0,8,221982.1946145749,1,0,0,59734.534884955356,1
7237,12589315,Surname_7237,447,Spain,Male,39.0,3,68343.93498390801,1,1,0,46351.834624918774,0
7238,15275336,Surname_7238,695,Germany,Female,25.0,6,901.227709897534,3,1,0,27327.47167286806,1
7239,28621622,Surname_7239,530,Germany,Male,39.0,3,3659.660911063123,4,0,1,54555.94929368928,1
7240,86629241,Surname_7240,767,Germany,Male,23.0,2,107149.01240955216,4,0,0,86537.2506278396,0
7241,74927996,Surname_7241,802,Germany,Male,25.0,0,92920.7308791632,3,0,0,15595.859556817391,1
7242,35210815,Surname_7242,537,France,Male,43.0,3,180042.61872641544,2,1,0,98744.00589372194,1
7243,93730144,Surname_7243,444,Germany,Male,59.0,7,121386.88421145729,3,0,1,58483.22871592184,0
7244,47681987,Surname_7244,523,Germany,,37.0,4,19485.129761721786,2,0,1,111867.74044404268,1
7245,42599346,Surname_7245,485,France,Female,40.0,9,54498.58346868222,2,0,1,29329.89540949311,0
7246,83238315,Surname_7246,578,Spain,Female,45.0,8,30169.512882798954,2,1,0,104707.7156966813,1
7247,72137289,Surname_7247,674,Spain,Male,29.0,2,193459.51454696283,1,1,0,53920.12778417603,1
7248,44137569,Surname_7248,479,Spain,Female,51.0,8,142621.18981022705,2,0,1,98701.53218958691,1
7249,81406807,Surname_7249,460,Germany,Male,48.0,7,179632.4945014332,3,0,0,132648.21817952674,1
7250,14131627,Surname_7250,786,France,Female,36.0,7,26375.550368547607,4,1,1,28837.675799656732,0
7251,64875663,Surname_7251,527,Germany,Female,48.0,2,107748.41105301578,4,1,0,68781.29205462211,0
7252,33786025,Surname_7252,477,France,Male,45.0,6,62334.106546922034,2,0,1,145693.75038698295,1
7253,62179740,Surname_7253,446,France,Female,51.0,3,244334.80563965917,3,1,0,119323.5688198049,1
7254,96358536,Surname_7254,367,Germany,Female,33.0,3,156270.86705188625,2,0,0,76208.93428901982,1
7255,83817443,Surname_7255,643,Spain,Female,41.0,9,120702.48834887687,2,0,0,52926.995945495066,1
7256,51247477,Surname_7256,644,Spain,Male,22.0,3,134822.36986895595,3,1,1,77342.99486055433,1
7257,87318191,Surname_7257,368,Germany,Female,56.0,1,24353.23812720658,4,1,0,14224.917465163468,0
7258,84771766,Surname_7258,639,France,Female,42.0,5,79741.9588736925,4,1,0,109807.02481402783,1
7259,81162432,Surname_7259,760,Germany,Male,33.0,8,248811.4333379633,4,0,1,115114.45393193429,0
7260,23811253,Surname_7260,499,France,Male,29.0,4,189660.26171219067,3,0,1,123486.69798008184,0
7261,20312866,Surname_7261,820,Spain,Female,59.0,9,149409.84207111457,1,1,1,120752.1174843182,0
7262,22094527,Surname_7262,849,Spain,Male,27.0,4,196918.24330520522,1,1,1,20414.45518195648,1
7263,39930871,Surname_7263,680,Germany,Female,39.0,6,46572.40656270082,2,0,0,53855.76423861644,0
7264,17281527,Surname_7264,836,Germany,Male,52.0,2,182062.24006123096,2,0,0,53848.8156205395,0
7265,98109024,Surname_7265,379,France,Male,54.0,3,49100.00535075212,1,1,0,97245.09563182075,1
7266,63039982,Surname_7266,828,Germany,Female,57.0,2,232755.50533831675,4,0,0,100057.02282586983,0
7267,87813931,Surname_7267,366,Spain,Male,28.0,0,109650.64857548059,2,0,0,123387.41962579031,0
7268,11410454,Surname_7268,389,Germany,Female,58.0,8,211471.84969675937,3,1,1,30062.695644018982,0
7269,44874753,Surname_7269,359,Germany,Female,36.0,4,50489.52281431043,2,0,0,53546.71545309216,0
7270,89768096,Surname_7270,734,Spain,Male,28.0,8,242751.59333717544,4,1,1,82077.05700651174,1
7271,99083072,Surname_7271,567,France,Female,23.0,9,188680.18053786142,2,0,0,20208.713465314366,1
7272,44672703,Surname_7272,637,Spain,Female,35.0,0,209046.82291168472,2,0,0,34134.988881130346,1
7273,18984770,Surname_7273,754,France,Female,59.0,3,172551.12409528,1,0,1,47957.82557063022,1
7274,89384851,Surname_7274,601,France,Male,30.0,7,124487.34249113535,3,1,1,16227.774128971938,1
7275,31821667,Surname_7275,753,France,Female,32.0,9,193027.157639657,2,1,0,56110.561452268645,1
7276,59780439,Surname_7276,845,Germany,Male,57.0,1,146602.92109537503,4,0,1,125980.79219481022,1
7277,83330296,Surname_7277,718,Germany,Female,44.0,7,209784.95966647935,4,1,1,27784.114114354725,0
7278,70485076,Surname_7278,711,France,,41.0,6,210722.17066484416,4,1,0,106078.96507848184,0
7279,86558790,Surname_7279,690,France,Male,36.0,0,184492.47139799147,4,0,1,64861.5260160986,0
7280,45997484,Surname_7280,363,Germany,Female,57.0,3,204163.5886645989,4,1,0,83436.81250836127,0
7281,58889335,Surname_7281,694,Spain,Female,37.0,5,145433.7354073769,4,1,1,19117.63998022971,0
7282,34879257,Surname_7282,743,France,Male,21.0,5,87113.71587886072,1,0,1,71734.0766763203,1
7283,16109727,Surname_7283,360,France,Female,39.0,8,196078.66474904935,4,0,0,83672.35381464288,1
7284,48015348,Surname_7284,639,Germany,Male,45.0,8,175852.05395230008,4,0,0,22133.726057489126,1
7285,13286868,Surname_7285,687,Spain,Female,27.0,2,152964.06738551887,2,0,0,33599.006864385956,1
7286,37420963,Surname_7286,765,Germany,Male,24.0,7,64794.40039107997,4,0,1,53516.91129641633,1
7287,82483088,Surname_7287,565,France,Female,39.0,6,100792.44036627896,3,1,1,80200.71292455934,1
7288,19646062,Surname_7288,662,Germany,Male,36.0,3,46699.78150458956,3,0,0,89964.7911303243,0
7289,32530932,Surname_7289,529,France,Female,25.0,0,134507.53891546905,1,1,1,32567.07176685182,1
7290,51942776,Surname_7290,417,France,Female,51.0,0,93352.78930640692,1,1,1,71339.67555520893,1
7291,91241846,Surname_7291,499,Germany,Male,53.0,5,205620.35154200508,4,0,1,69836.4043071378,0
7292,19805592,Surname_7292,591,Germany,Male,50.0,2,170374.61990169506,3,1,0,115046.47410183684,1
7293,66958008,Surname_7293,372,Spain,Male,34.0,1,175483.60169751628,1,1,1,81921.34356751859,0
7294,43791818,Surname_7294,672,Germany,Female,42.0,0,84078.89114695368,3,0,1,141447.53656580517,1
7295,71616977,Surname_7295,811,France,,31.0,2,248840.7136493945,3,1,0,22966.020737295592,0
7296,36467972,Surname_7296,393,Germany,Female,39.0,6,27416.853909668913,2,1,0,58056.778470504774,1
7297,42035410,Surname_7297,804,Germany,Female,45.0,8,246443.9297762188,2,1,0,79719.13463536657,1
7298,89071072,Surname_7298,368,France,Female,45.0,4,7642.340668758962,2,0,0,52704.86545701681,0
7299,40984012,Surname_7299,454,Germany,Male,54.0,2,35021.50980436308,3,0,1,125134.82239273848,0
7300,82476230,Surname_7300,583,Spain,Male,27.0,2,110103.84557679568,3,1,1,13099.15783753022,0
7301,23194394,Surname_7301,834,Spain,Male,18.0,2,57658.82344037973,4,1,0,59031.78162622077,1
7302,92943550,Surname_7302,416,Germany,Female,54.0,6,204491.9502730434,4,0,1,77557.54445755812,1
7303,62436167,Surname_7303,351,France,Male,48.0,6,11258.122512250362,3,0,0,90116.10233967066,0
7304,17822109,Surname_7304,751,France,Female,30.0,6,172193.01228707266,1,1,0,26506.93215668065,1
7305,61220280,Surname_7305,526,Germany,Female,42.0,7,174064.460029644,4,1,0,115069.17167342389,1
7306,73157379,Surname_7306,684,Spain,Male,25.0,7,117056.8417268551,4,1,1,118326.4279887872,1
7307,55976332,Surname_7307,783,Spain,Male,58.0,9,48211.89325585542,2,0,1,91182.80514292147,1
7308,71506114,Surname_7308,626,Germany,Female,23.0,4,195557.62530361064,4,0,1,60812.50799141732,1
7309,30073503,Surname_7309,709,Spain,Female,28.0,0,223676.407984266,4,1,1,115145.5844174225,0
7310,82722328,Surname_7310,671,Spain,Male,50.0,9,189562.44304633292,2,0,0,66957.27828847471,0
7311,60198792,Surname_7311,718,Germany,,46.0,7,14802.84514341898,2,1,0,78799.64112713172,0
7312,90577639,Surname_7312,729,France,Female,24.0,1,40593.2006342819,1,1,0,24274.50055597082,1
7313,69796586,Surname_7313,694,France,Female,49.0,4,214255.7103353618,4,1,1,55114.22978202785,0
7314,88014821,Surname_7314,835,Germany,Female,20.0,3,237998.07207746548,3,0,0,26471.100753178845,1
7315,57312007,Surname_7315,388,Spain,Male,28.0,1,189942.1271588795,1,1,1,96205.42837772635,0
7316,21136450,Surname_7316,725,France,Female,53.0,0,137537.94023288335,2,1,1,59391.14995044055,0
7317,94263436,Surname_7317,830,Spain,Male,39.0,3,134929.98157350783,4,1,0,116639.44857911962,1
7318,43183118,Surname_7318,612,France,Male,21.0,9,118950.02674406413,3,1,1,49554.0396424031,0
7319,35411507,Surname_7319,522,Spain,Female,31.0,1,70727.29136295003,2,1,0,80993.32774776648,1
7320,61080219,Surname_7320,545,Spain,Male,42.0,9,68629.47965780999,1,0,0,122885.4895421776,0
7321,47104572,Surname_7321,820,Spain,Female,43.0,9,55541.05469666762,4,1,0,113157.9088025112,0
7322,47452946,Surname_7322,571,Germany,Female,40.0,0,183832.91590605787,2,0,1,12880.20182466281,1
7323,59647135,Surname_7323,592,Germany,Female,56.0,5,183643.13031531288,3,0,0,144644.07653722374,1
7324,48926300,Surname_7324,583,Germany,Male,43.0,3,122437.30226092572,1,0,1,128378.09453357875,0
7325,29185084,Surname_7325,846,France,Male,56.0,8,178720.3280318212,2,0,1,35354.50748867514,0
7326,18393996,Surname_7326,582,Germany,Female,53.0,9,64955.11604927967,1,0,1,142116.7735746706,1
7327,47683905,Surname_7327,514,Spain,Female,59.0,4,61396.19102027291,4,1,1,29070.187313801547,0
7328,11063399,Surname_7328,679,Germany,Male,40.0,3,62041.49662295292,3,0,1,94254.33600321662,1
7329,65495232,Surname_7329,503,France,Female,39.0,1,178146.92079460673,2,0,0,135669.78432975744,1
7330,10323212,Surname_7330,596,Germany,Male,49.0,8,91175.56008323746,4,1,1,117658.66034814941,1
7331,52013567,Surname_7331,603,Spain,Male,34.0,8,212570.36873002083,3,1,0,110754.89156718113,0
7332,51654180,Surname_7332,377,France,Female,39.0,3,34682.66625230568,3,1,0,98547.58265876287,0
7333,62340856,Surname_7333,376,Germany,Male,24.0,1,228934.8217581162,4,0,1,44276.69436988539,0
7334,69249402,Surname_7334,359,Germany,Male,49.0,2,51174.1520218687,2,0,1,138497.20690839266,1
7335,88934358,Surname_7335,449,Germany,Male,57.0,4,241671.67456862816,2,0,0,36283.049020452425,0
7336,87149411,Surname_7336,394,Germany,Female,43.0,1,42232.1975932384,3,0,1,31654.390429552615,1
7337,68221919,Surname_7337,687,France,Male,56.0,4,177000.40802178788,2,0,1,84027.48204278748,1
7338,42681749,Surname_7338,762,Germany,Female,35.0,0,107932.70410908498,2,0,0,83625.02511567678,0
7339,86532170,Surname_7339,410,Germany,Male,19.0,3,86299.75591491074,3,0,0,99919.96587975768,1
7340,44489951,Surname_7340,767,France,Male,57.0,9,118869.4975394252,3,0,1,28396.619239078685,1
7341,87146347,Surname_7341,814,Germany,Male,52.0,7,144246.51819985706,2,1,1,123112.93107911258,1
7342,54627988,Surname_7342,592,France,Female,43.0,0,153042.3669408023,2,0,1,149298.7149842285,0
7343,22758719,Surname_7343,466,Germany,Female,56.0,9,56356.71294840871,2,0,0,28482.126487596983,0
7344,49384580,Surname_7344,557,France,Male,30.0,4,215537.6924108867,4,0,0,41964.690232934416,0
7345,87862507,Surname_7345,736,Spain,Male,47.0,6,158563.83781086237,4,0,1,111572.48260393924,0
7346,74510708,Surname_7346,377,Spain,Male,43.0,2,39879.04380536125,1,1,0,118925.79750343788,1
7347,19421335,Surname_7347,608,France,,24.0,2,88669.23801442892,2,0,0,32884.95686802621,1
7348,76270779,Surname_7348,360,France,Female,59.0,3,26697.965068520956,2,1,1,79529.4708905432,0
7349,92084035,Surname_7349,619,Spain,Male,44.0,0,84806.544393081,2,0,1,134144.15209738343,1
7350,30910038,Surname_7350,607,Germany,Male,31.0,4,22419.40020185959,2,0,0,129651.67573869272,1
7351,15304079,Surname_7351,437,Spain,Female,48.0,0,163780.28087214884,4,0,0,64992.121185879245,0
7352,32759979,Surname_7352,665,France,Male,19.0,6,24224.123110680703,2,0,1,31527.426999691637,0
7353,43837779,Surname_7353,771,Germany,Male,34.0,0,41472.22711550863,2,1,0,112196.69279902798,1
7354,87609573,Surname_7354,639,Germany,Female,36.0,5,6941.009084522914,3,1,1,54957.47243186475,1
7355,62189037,Surname_7355,539,Spain,Female,41.0,4,151228.30811286843,3,0,1,52238.8495486843,1
7356,19622964,Surname_7356,607,Germany,Male,33.0,9,191566.54579334453,2,1,0,40734.20316654646,0
7357,61261482,Surname_7357,444,Germany,Male,36.0,6,245355.89406707196,1,0,1,114639.64378738895,1
7358,72870119,Surname_7358,354,France,Female,22.0,5,47646.880899463365,2,0,0,40820.958221460925,0
7359,31194275,Surname_7359,485,Germany,Female,31.0,6,59312.26526402317,1,0,1,133716.3635664005,1
7360,87230992,Surname_7360,734,Germany,Female,57.0,3,29441.684439777877,1,1,1,65757.91666613711,1
7361,59730677,Surname_7361,383,Spain,Male,58.0,5,163166.42444680733,3,0,0,38253.998373902774,0
7362,36639175,Surname_7362,537,France,Female,58.0,5,159158.74592165352,3,0,0,15269.411875046888,1
7363,86522608,Surname_7363,430,France,Female,29.0,4,89347.02324867866,3,0,1,38976.65683915314,1
7364,12085932,Surname_7364,741,Spain,Male,18.0,8,136117.1567772078,2,0,1,58702.788166239676,0
7365,51269928,Surname_7365,540,France,Male,53.0,7,207879.26927283275,1,1,0,101263.76404090888,1
7366,48114587,Surname_7366,662,Spain,Male,27.0,3,8750.591779933842,1,1,1,82759.33914029427,1
7367,90353008,Surname_7367,846,Germany,Male,38.0,5,22629.686550856066,4,1,0,80947.02022896615,0
7368,74878175,Surname_7368,606,Spain,Male,56.0,6,133684.55528926215,1,0,0,101066.31464996246,0
7369,59944988,Surname_7369,672,Spain,Male,20.0,6,148265.78910789426,3,0,1,38055.28795041592,0
7370,62342153,Surname_7370,683,Germany,Female,20.0,9,195946.68427435143,1,1,0,134247.01237792044,0
7371,54413436,Surname_7371,815,Spain,Male,34.0,7,84728.57007843895,4,1,1,16624.20125758846,0
7372,16774081,Surname_7372,380,France,Male,21.0,9,196900.94776663466,2,0,0,126014.76888267852,1
7373,96559427,Surname_7373,359,France,Male,53.0,7,115047.85849695223,3,1,1,29001.579945642487,1
7374,41516893,Surname_7374,463,Spain,Female,29.0,7,43926.22483737727,2,1,1,44644.42771245536,1
7375,93392733,Surname_7375,684,Germany,Male,30.0,4,99623.88789069532,3,1,0,38404.09863920552,1
7376,50736724,Surname_7376,595,Spain,Female,52.0,6,159490.6794454957,2,1,1,69815.07009700839,0
7377,57269610,Surname_7377,698,Germany,Male,46.0,4,157076.70467990395,4,0,0,68733.81574246433,1
7378,20642917,Surname_7378,533,Spain,Female,53.0,8,6312.148369981729,2,1,1,117125.87092776473,1
7379,91463913,Surname_7379,454,Spain,Male,44.0,6,175338.31700708662,4,1,0,137732.41107763743,1
7380,63045089,Surname_7380,355,France,Male,46.0,4,141028.63080454327,1,0,0,32332.092103571485,0
7381,56575527,Surname_7381,800,Germany,Female,45.0,9,222077.76388520835,1,0,1,144635.62810925127,0
7382,23051504,Surname_7382,686,France,Male,46.0,9,240012.00348187203,3,0,0,125822.65738841842,1
7383,28481696,Surname_7383,786,France,Male,42.0,9,121240.23832323932,2,0,1,66488.86769708552,0
7384,58707355,Surname_7384,773,France,Male,50.0,3,210648.3325661333,2,1,0,81920.72397693171,1
7385,36337610,Surname_7385,417,Spain,Female,44.0,2,150116.29418147507,4,0,1,130083.0785053461,0
7386,28778703,Surname_7386,824,Germany,Female,58.0,1,218624.42293921966,1,0,0,110804.5741848992,1
7387,28584564,Surname_7387,386,Spain,Female,35.0,9,91830.90120549065,2,0,0,98361.0402015027,0
7388,45168676,Surname_7388,761,Spain,Male,24.0,8,150736.50711404125,1,0,1,54921.23372631204,1
7389,82395216,Surname_7389,572,France,Male,27.0,8,207602.74718025228,3,1,0,35172.293154606756,1
7390,61129986,Surname_7390,781,Germany,Male,22.0,1,104142.36638791674,2,0,0,134780.8949739191,0
7391,26924711,Surname_7391,608,Spain,Male,42.0,9,51701.12741126387,1,1,0,28252.235740443753,0
7392,18533727,Surname_7392,378,Germany,Female,27.0,5,143740.25095690505,1,0,1,93023.93691943497,1
7393,62747914,Surname_7393,609,Spain,Female,33.0,0,90819.10029854118,3,1,0,82846.93794020228,1
7394,19029796,Surname_7394,370,Spain,Female,48.0,0,95935.76831253053,4,1,1,90777.83574578419,1
7395,61108563,Surname_7395,629,France,,39.0,8,173599.29036855334,3,1,0,28039.543956906255,0
7396,32717696,Surname_7396,842,Spain,Male,37.0,8,104950.96848337867,3,1,0,99189.40266481444,1
7397,40097605,Surname_7397,713,Spain,Female,40.0,7,238799.0334057537,3,0,0,55803.98773650269,1
7398,35073115,Surname_7398,460,Germany,Female,38.0,7,194401.9353791925,2,1,1,136161.00768419373,0
7399,49414396,Surname_7399,573,Spain,Male,29.0,4,32917.68356482511,4,1,0,90576.44172594791,0
7400,95240213,Surname_7400,628,France,Male,47.0,4,125433.91839504828,4,0,0,123589.63578617558,0
7401,65872550,Surname_7401,633,France,Female,40.0,3,247722.02360374076,4,1,0,62887.295618596,0
7402,54167192,Surname_7402,485,Spain,Male,25.0,4,152138.74899412892,1,0,1,110332.46043839132,0
7403,92871583,Surname_7403,730,Spain,Female,55.0,4,197206.36133417801,4,0,0,44019.27376098117,0
7404,76188632,Surname_7404,613,Germany,Male,57.0,7,20130.857085875643,1,0,1,100692.83582785541,0
7405,81625839,Surname_7405,426,Germany,Male,27.0,3,216246.0383756289,3,0,0,91410.5565296695,0
7406,38130692,Surname_7406,601,France,Male,51.0,9,219640.3418381093,1,0,0,22034.733031070897,0
7407,15002202,Surname_7407,406,France,Female,47.0,8,12452.467606732243,3,0,1,110090.7286030486,0
7408,77290505,Surname_7408,612,Spain,Male,24.0,4,32067.035462630873,2,0,1,109168.64452925677,0
7409,26104500,Surname_7409,355,Spain,Male,19.0,0,178401.30635248328,3,0,0,28862.2159618344,0
7410,25653408,Surname_7410,476,Germany,Male,28.0,3,17275.067448332626,1,0,1,98313.07344623243,0
7411,13004929,Surname_7411,777,Germany,Female,46.0,3,234334.30634818305,1,0,1,26728.913330366155,1
7412,40052943,Surname_7412,479,Germany,Female,49.0,3,172340.17521842514,2,1,1,145310.75957409586,1
7413,91679985,Surname_7413,356,Spain,Male,24.0,4,206900.68252100324,3,1,0,14439.655560627258,1
7414,94772359,Surname_7414,721,Germany,Male,39.0,5,198926.21714365823,4,0,1,119335.50651653565,1
7415,28255595,Surname_7415,374,France,Male,20.0,1,208428.02837989762,1,0,1,75315.69558517015,1
7416,74980669,Surname_7416,789,Spain,Male,45.0,9,184107.61035296068,3,1,0,121683.46907717019,0
7417,48484637,Surname_7417,731,Spain,Female,48.0,5,226682.22990312625,4,1,1,110973.79690981546,0
7418,73855577,Surname_7418,461,Spain,Female,24.0,3,60443.22454304096,3,1,1,58572.35683057339,0
7419,93078307,Surname_7419,378,France,Female,57.0,3,39914.4217966966,2,1,1,132316.5958266327,1
7420,63897511,Surname_7420,828,France,Female,59.0,9,7324.278846347704,1,0,0,66725.45405636585,0
7421,94012756,Surname_7421,504,France,Female,33.0,3,15123.782691822269,3,1,0,60926.132555868586,0
7422,16296251,Surname_7422,711,Germany,Female,45.0,8,193001.38787388828,2,0,1,65749.26475794759,0
7423,85311407,Surname_7423,432,France,Female,34.0,4,223521.771485787,2,0,0,115375.91706333352,0
7424,89800162,Surname_7424,446,Spain,Male,48.0,5,21149.818808878867,3,1,1,27698.70216191381,0
7425,97678875,Surname_7425,452,Spain,Male,25.0,7,170566.35478406036,3,0,0,97619.13359275246,1
7426,91325965,Surname_7426,473,France,Female,25.0,4,82431.33365113556,3,1,0,142208.84284186558,0
7427,91161733,Surname_7427,753,Germany,Female,55.0,2,248662.41170739217,4,0,1,99865.26961163904,1
7428,81518300,Surname_7428,700,Spain,Female,20.0,4,13940.745816431621,2,0,0,110486.86199910742,0
7429,41046515,Surname_7429,522,Spain,Male,58.0,4,206025.68181956167,4,0,1,40022.91122366531,1
7430,24375204,Surname_7430,421,Spain,Male,57.0,9,104622.3482286819,3,1,0,78609.50914267205,0
7431,52088291,Surname_7431,558,Germany,Female,46.0,8,182549.41597770044,4,0,0,137869.14326822356,0
7432,10654084,Surname_7432,845,France,Female,53.0,2,149534.94162294033,4,1,1,22991.96637960217,1
7433,44159601,Surname_7433,766,Spain,Female,45.0,6,45727.15126936921,4,0,0,69918.85098100554,0
7434,41849914,Surname_7434,585,Germany,Male,37.0,2,122026.70945071206,3,1,0,33930.79422754371,1
7435,78620655,Surname_7435,781,Spain,Male,56.0,3,12422.12052550462,3,0,0,41023.49309516222,0
7436,66415786,Surname_7436,755,France,Female,29.0,8,184296.21968139714,3,0,1,121633.61934811328,0
7437,82595870,Surname_7437,399,France,Male,19.0,8,144584.14008286994,4,1,0,102031.48656328901,1
7438,85544236,Surname_7438,636,Germany,Female,24.0,3,29304.0842059335,2,1,0,127053.28102170571,0
7439,33314018,Surname_7439,418,Spain,Male,49.0,6,244111.1423681362,1,1,0,35448.35954581044,0
7440,41777903,Surname_7440,593,France,Male,54.0,2,240734.68364299645,2,1,1,48035.589932333605,1
7441,36705326,Surname_7441,638,Spain,Female,43.0,5,190247.34484509248,4,1,1,56365.58372043331,0
7442,58317246,Surname_7442,564,Spain,Male,23.0,4,155531.4549465993,4,0,1,126058.91884514346,1
7443,11357696,Surname_7443,689,France,Female,58.0,4,91715.60948803325,1,1,1,147396.2428863186,0
7444,89277177,Surname_7444,483,Germany,Male,18.0,5,56286.79165785866,2,1,1,18912.853863163637,0
7445,55183226,Surname_7445,376,France,Female,41.0,0,152809.96149201586,2,1,0,23529.971403861666,0
7446,71109251,Surname_7446,766,Spain,Female,49.0,7,137943.46016596135,4,1,0,24987.56246185505,0
7447,84443961,Surname_7447,416,France,Female,20.0,2,20085.88045984733,2,1,1,132493.99592046213,0
7448,16600492,Surname_7448,573,Germany,Female,19.0,5,132564.45648845745,3,0,1,46511.46511369077,0
7449,36805666,Surname_7449,411,Germany,Male,26.0,6,103582.39501732358,1,1,0,54574.6722831779,1
7450,23808926,Surname_7450,678,Germany,Female,46.0,9,247862.06076200088,2,0,1,107972.18814309905,0
7451,82102674,Surname_7451,738,Spain,Male,27.0,5,5392.293365032497,3,1,0,35450.830878333596,1
7452,91332103,Surname_7452,655,Germany,Female,40.0,9,2574.0743116638155,2,1,0,116426.4683444138,0
7453,41010406,Surname_7453,535,Germany,Female,48.0,7,24001.368499283388,2,1,1,122150.68902943248,1
7454,65073382,Surname_7454,501,France,Male,47.0,9,143533.41819837593,1,0,0,60314.75556071814,1
7455,28808443,Surname_7455,762,Spain,Female,55.0,7,108953.21929766549,4,0,0,31174.17170389508,0
7456,57867168,Surname_7456,399,Germany,Female,59.0,6,37113.19876240096,2,0,0,75874.87062410986,1
7457,11992348,Surname_7457,586,Germany,Male,32.0,7,108111.99098344723,4,0,1,74380.59150104545,1
7458,61840985,Surname_7458,392,Spain,Female,53.0,9,21267.417393764754,3,1,1,65878.57500104871,1
7459,38708926,Surname_7459,592,Germany,Male,48.0,4,174761.76210271468,4,0,1,110876.65780832981,1
7460,94699983,Surname_7460,608,France,Female,19.0,0,213943.05090005515,3,0,0,45766.19137850995,1
7461,24411743,Surname_7461,392,Spain,Female,32.0,3,248028.41989883818,1,0,1,148806.69518458485,0
7462,17448589,Surname_7462,573,France,Female,54.0,4,127691.42935708436,2,0,1,100224.59887800938,1
7463,37894398,Surname_7463,595,Spain,Male,44.0,1,221018.46526527806,1,0,1,123342.62438270521,1
7464,28280384,Surname_7464,817,Germany,Female,25.0,7,81687.70064435065,1,0,0,116136.46932398526,1
7465,56209342,Surname_7465,539,Spain,Male,37.0,9,184951.87096314476,3,0,1,23298.811523278946,1
7466,30809401,Surname_7466,372,Spain,Female,56.0,0,7888.368410053054,1,0,1,137188.6662968062,0
7467,34826747,Surname_7467,473,France,Female,54.0,9,199317.77219202142,1,0,1,17852.34862781869,0
7468,50564482,Surname_7468,824,Germany,,38.0,9,210098.01419927896,3,1,1,17807.992217413594,1
7469,50367571,Surname_7469,355,Spain,Female,35.0,1,138644.37706707837,1,0,0,24108.002349393963,1
7470,29280420,Surname_7470,833,France,Male,20.0,9,38780.18632199087,1,1,0,83105.33449150648,0
7471,24381975,Surname_7471,843,Germany,Male,24.0,7,37950.854461104136,1,1,1,110596.49092289234,0
7472,59600037,Surname_7472,411,Germany,Female,23.0,4,168186.1210786477,4,0,0,136135.40616521818,1
7473,97096744,Surname_7473,629,Germany,Male,47.0,1,165066.39265301585,2,1,1,14815.467328632003,0
7474,26989265,Surname_7474,409,Germany,Male,31.0,4,213514.6790691691,1,1,0,74505.76527459719,0
7475,84255026,Surname_7475,648,France,Male,30.0,4,239107.02442685934,4,0,0,18625.13571262564,1
7476,80274209,Surname_7476,650,France,Female,55.0,8,150645.88766118567,2,1,0,101737.26378995768,1
7477,84814823,Surname_7477,693,France,,54.0,2,134149.8605692558,4,0,1,127862.21049116713,0
7478,19106058,Surname_7478,456,Spain,Male,19.0,8,23135.390543360056,2,1,1,17641.020183018707,1
7479,28476054,Surname_7479,385,Spain,Male,55.0,8,149281.07327003556,1,0,1,136388.2701548366,1
7480,37960464,Surname_7480,433,Germany,Female,42.0,1,127192.46443705424,1,1,0,76896.42720902507,1
7481,72833343,Surname_7481,498,Spain,Male,18.0,9,194240.7627561817,4,1,0,103872.81621238118,1
7482,50033303,Surname_7482,460,France,Female,25.0,5,196655.37428762077,1,0,0,115272.3130574111,1
7483,38524386,Surname_7483,474,France,Female,24.0,3,71042.74057538772,4,0,1,146071.38942296064,1
7484,98633400,Surname_7484,593,France,,47.0,4,22012.610798411213,4,0,0,84638.63149564891,0
7485,39737813,Surname_7485,797,Germany,Male,31.0,6,81867.90913159125,2,0,1,129772.5029006047,1
7486,64547570,Surname_7486,566,Germany,Male,18.0,4,176656.62844167542,1,0,0,16067.409640163285,0
7487,39345323,Surname_7487,568,Germany,Male,35.0,9,33787.18530192959,4,0,1,17974.17862278675,1
7488,17181932,Surname_7488,368,France,Female,22.0,8,136328.31536348478,2,1,0,87446.74305977988,0
7489,30719022,Surname_7489,758,Germany,Female,46.0,1,104566.29638694374,1,1,1,98949.45533778086,0
7490,54100268,Surname_7490,788,Germany,Male,39.0,1,60505.23938547112,2,1,1,92311.41162356042,1
7491,99457186,Surname_7491,624,Spain,Male,33.0,1,88822.94853368113,2,0,0,92516.67504165544,1
7492,52543057,Surname_7492,688,France,Male,36.0,4,80071.10311377962,3,0,1,17319.408255405284,1
7493,49507706,Surname_7493,471,France,Female,41.0,4,174257.48914507707,1,0,0,149154.86273688616,0
7494,31338602,Surname_7494,546,Germany,Female,45.0,1,34231.59532806092,2,1,1,71747.45159892863,1
7495,56248959,Surname_7495,687,Germany,Female,57.0,8,212051.58671363312,2,1,1,148167.09880348772,0
7496,74070643,Surname_7496,682,Spain,Female,47.0,2,206433.16847886232,2,1,1,130076.25040659739,0
7497,56747249,Surname_7497,836,France,Female,40.0,6,83179.90597149568,2,0,0,128603.88823713806,1
7498,54245611,Surname_7498,692,France,Female,50.0,0,4435.494969526305,3,0,1,148413.23516494074,0
7499,12936640,Surname_7499,655,France,Male,25.0,9,144900.94564555679,4,1,0,101479.92120357949,1
7500,16358145,Surname_7500,595,France,Male,53.0,5,153618.63524770705,4,1,1,139388.0189092189,1
7501,63956659,Surname_7501,496,Spain,Female,54.0,4,103698.34329223474,4,1,0,98274.71172482101,0
7502,47434387,Surname_7502,771,Spain,Male,33.0,4,60070.38440178974,3,1,1,40446.47590574888,1
7503,58962877,Surname_7503,498,Germany,Female,28.0,1,76083.08407969153,2,1,0,122832.16395412112,0
7504,27960325,Surname_7504,517,France,Male,40.0,5,205279.24600955978,3,0,0,106725.5163917961,1
7505,34569725,Surname_7505,484,Germany,Male,29.0,5,160306.85601097616,4,0,0,54856.8467978708,1
7506,28911761,Surname_7506,635,Spain,Female,39.0,8,174254.35544381503,1,0,1,115018.08884362975,0
7507,17538399,Surname_7507,631,Spain,Female,35.0,1,151797.1218298065,3,0,0,81139.86248678644,0
7508,32604311,Surname_7508,710,France,Female,32.0,9,149661.20340613846,1,1,1,32284.465148088253,1
7509,32038918,Surname_7509,455,Spain,Female,53.0,6,100797.32633240482,2,1,1,144018.65250026443,0
7510,93741670,Surname_7510,539,Spain,Male,43.0,9,151307.67602191298,2,1,1,110495.96016704144,0
7511,22352168,Surname_7511,797,Germany,Female,55.0,2,151757.07265682696,1,1,1,99943.78828485699,0
7512,31719184,Surname_7512,596,Spain,Female,28.0,0,101010.12723686082,4,0,1,86345.4018172029,0
7513,21440482,Surname_7513,809,France,Female,50.0,3,92665.44730382059,3,1,0,97482.19603158187,1
7514,52054553,Surname_7514,755,Spain,Female,39.0,0,204086.0019729402,2,1,0,23019.397850600504,0
7515,49885938,Surname_7515,612,Germany,Female,23.0,2,59912.55995670161,4,1,0,64042.410113277445,0
7516,15010274,Surname_7516,674,France,Female,48.0,4,127317.58731633339,3,1,0,85980.11102695532,1
7517,27010619,Surname_7517,465,Spain,Female,40.0,0,217605.19166658228,1,0,0,102590.90385742874,1
7518,40308401,Surname_7518,378,Germany,Female,37.0,9,156724.26705279792,2,1,0,71618.3829086023,0
7519,94809979,Surname_7519,518,Spain,Male,55.0,7,46152.728398465486,4,1,0,58903.09822935175,1
7520,38239202,Surname_7520,733,France,Female,22.0,6,163337.15105206767,1,1,1,148713.61046685948,1
7521,14608459,Surname_7521,805,France,Male,45.0,8,41510.46720585008,4,0,0,118184.07288583375,1
7522,94683982,Surname_7522,716,France,Male,44.0,9,211243.3434491622,4,1,0,68046.35152363466,1
7523,73088979,Surname_7523,832,Germany,Male,26.0,8,102726.49385403693,4,0,1,29615.746702174056,0
7524,13217319,Surname_7524,550,Germany,Male,46.0,8,40704.92356030556,1,0,0,26185.505022866993,0
7525,24991503,Surname_7525,707,Spain,Female,46.0,1,196658.14825994623,4,0,1,67833.4399649312,0
7526,23559023,Surname_7526,796,Spain,Male,53.0,8,87338.58943747294,3,0,0,72051.9595792933,1
7527,32662616,Surname_7527,414,Germany,Female,39.0,7,30795.01615062838,3,0,1,86716.82599913514,0
7528,52643272,Surname_7528,597,France,Female,24.0,9,235941.3047918807,3,1,0,42199.75578353019,1
7529,14742064,Surname_7529,417,France,Male,23.0,5,75480.57653407652,1,0,1,85174.46005026136,0
7530,74580046,Surname_7530,473,France,Female,24.0,0,203728.0513000614,4,0,0,97760.61842610124,1
7531,64205375,Surname_7531,636,Spain,Male,33.0,9,19956.128514388383,2,1,0,52803.41097728739,1
7532,67428754,Surname_7532,505,France,Female,42.0,4,103764.60246363092,2,1,1,139653.7181365076,1
7533,27340271,Surname_7533,387,Spain,Male,56.0,3,59023.17963180315,2,0,1,84133.38463016745,1
7534,19685608,Surname_7534,576,Spain,Male,56.0,2,194512.71526230403,2,0,0,86354.22100449426,0
7535,95984745,Surname_7535,374,Spain,Male,53.0,6,77330.95505535831,4,0,0,31070.21436496575,1
7536,15877448,Surname_7536,641,Spain,Male,32.0,0,112511.41841012283,2,0,0,23770.869895128177,0
7537,66237808,Surname_7537,769,Spain,Female,32.0,4,108128.45118060651,4,0,1,133057.2036504271,1
7538,13007141,Surname_7538,845,France,Female,50.0,4,196475.01767274915,1,0,1,101990.0042869373,1
7539,54063921,Surname_7539,542,France,Male,45.0,6,76503.51594724767,3,0,1,110948.95243324459,0
7540,37412698,Surname_7540,803,France,Female,39.0,3,151673.3917720884,4,0,0,84449.10623277091,0
7541,57251405,Surname_7541,689,Germany,Male,35.0,3,140025.15670062462,4,1,0,110764.34181850975,0
7542,20400724,Surname_7542,734,Spain,Male,32.0,0,135264.88411502462,3,1,0,135930.4424633821,0
7543,92112444,Surname_7543,515,Spain,Female,45.0,0,171560.27026677126,3,0,1,73934.8698275194,1
7544,80265740,Surname_7544,633,France,Female,52.0,0,63573.95248464767,3,0,0,35682.23899487092,0
7545,59779136,Surname_7545,561,Germany,Female,40.0,6,156962.15034018128,4,0,0,73627.10292646104,1
7546,51988249,Surname_7546,485,Germany,Male,56.0,2,193785.58986496212,1,0,0,74464.15005359048,1
7547,97526167,Surname_7547,628,France,Male,41.0,2,98060.77880130502,4,1,1,105558.12952159466,1
7548,77359342,Surname_7548,455,Germany,Female,46.0,3,231473.46646903505,3,0,0,87132.35857800776,0
7549,60677679,Surname_7549,658,France,Female,45.0,3,187946.7378388641,4,0,1,26633.15290651273,1
7550,79085971,Surname_7550,676,Germany,Female,23.0,6,17695.44292514352,4,1,1,80899.29027887763,0
7551,86075230,Surname_7551,747,Spain,Female,18.0,9,178879.23036803005,4,1,1,130236.11944330737,1
7552,21741537,Surname_7552,664,Germany,Female,48.0,4,124621.41782135294,1,0,1,68842.73629318678,1
7553,94459262,Surname_7553,402,France,Male,34.0,1,43479.97766873393,1,0,1,128460.86020773526,1
7554,23356480,Surname_7554,544,France,Female,19.0,1,35636.032754422034,3,1,1,83523.90870958373,0
7555,30373826,Surname_7555,645,Spain,Male,56.0,2,55723.88481429158,4,0,1,18797.70521118294,1
7556,52614863,Surname_7556,816,Spain,Male,45.0,4,21254.499820367033,3,1,1,56380.24931465261,0
7557,54916209,Surname_7557,694,Spain,Male,29.0,9,236356.16189851257,1,1,1,51468.250798346686,1
7558,87110320,Surname_7558,350,Spain,Male,36.0,6,17353.93260467416,2,1,0,41240.794146156026,1
7559,16347004,Surname_7559,393,Spain,Male,23.0,9,126475.66984663483,3,0,0,45081.14782698018,1
7560,17326266,Surname_7560,792,Germany,Female,46.0,2,61794.69589755443,1,1,0,119267.65564761896,0
7561,15856447,Surname_7561,376,Spain,Male,46.0,8,164513.55163963806,2,0,1,110341.4967300695,0
7562,11198170,Surname_7562,624,France,Male,35.0,1,211005.30296031752,1,1,1,62872.448993767845,1
7563,68670473,Surname_7563,821,Germany,Male,42.0,8,180595.7712742544,4,1,0,27068.27211243177,0
7564,94171716,Surname_7564,698,France,Female,22.0,8,15078.176544772725,1,1,0,97868.69888469229,0
7565,13808824,Surname_7565,356,France,Male,31.0,3,127892.6533957073,1,1,1,102633.6179102761,1
7566,46608438,Surname_7566,819,Spain,Male,46.0,0,172073.6930640706,3,0,0,90468.6060914574,1
7567,68646099,Surname_7567,507,France,,46.0,5,227164.9403094201,3,1,0,61041.745304607786,1
7568,94386191,Surname_7568,780,Germany,Male,25.0,8,7602.56071164242,4,0,1,30887.000695869985,0
7569,69724755,Surname_7569,783,Spain,Female,27.0,3,26274.680950712336,4,0,1,118860.37039539509,1
7570,89915260,Surname_7570,583,Germany,Female,36.0,5,172017.94737307384,4,1,1,16587.761715043627,1
7571,35867595,Surname_7571,484,Spain,Male,49.0,5,95741.2261711613,2,1,1,93014.48520224694,0
7572,19869954,Surname_7572,376,Spain,,19.0,2,221420.74513294114,4,1,1,50087.53814778687,1
7573,97320297,Surname_7573,595,Germany,Male,58.0,2,178486.84295532957,2,0,0,44998.11870669847,0
7574,88412988,Surname_7574,760,Spain,Male,59.0,8,133187.28737346857,4,0,0,25701.575186649723,1
7575,29727027,Surname_7575,352,Spain,Male,46.0,1,46488.09659888653,4,1,1,85383.74293916645,0
7576,51800488,Surname_7576,461,Spain,Female,42.0,0,109297.78242588509,1,0,0,141793.96493747708,0
7577,91931739,Surname_7577,368,Germany,Female,47.0,8,234072.2230498647,2,1,0,73487.79298235536,1
7578,67419677,Surname_7578,632,France,,27.0,4,21936.71848437248,4,1,1,30040.687443224648,1
7579,77188439,Surname_7579,408,Spain,Female,25.0,5,155659.2409302597,3,0,0,42879.33579688698,1
7580,35574075,Surname_7580,793,Germany,Female,30.0,8,11834.425201893817,3,0,0,106497.85420690912,1
7581,68520244,Surname_7581,770,Spain,Male,43.0,9,215413.7990324246,3,0,0,112023.33857835813,1
7582,21721025,Surname_7582,571,Germany,Female,55.0,9,1945.5591764017122,1,0,1,142326.91694824173,1
7583,77092056,Surname_7583,532,Spain,Male,40.0,8,103858.50030051713,2,0,1,70909.11656128892,0
7584,14582995,Surname_7584,683,Spain,Female,53.0,0,181141.42542539,2,1,0,117868.48515661921,1
7585,49343744,Surname_7585,756,Spain,Male,55.0,2,62352.96650133154,3,1,1,29345.631858842557,1
7586,12839155,Surname_7586,528,Germany,Male,33.0,2,206607.81788278048,3,1,0,48192.96808815638,1
7587,13350498,Surname_7587,795,Spain,Male,25.0,1,26975.133005527063,3,1,0,37063.503921116404,1
7588,65470414,Surname_7588,366,Germany,Male,27.0,7,6353.951369868022,2,0,0,34723.134140314825,1
7589,67570415,Surname_7589,750,Germany,Male,54.0,8,47958.12347146125,4,1,0,136235.80585780763,1
7590,84323705,Surname_7590,727,France,Male,35.0,3,118582.00730506696,1,0,1,24770.354664114166,1
7591,89676089,Surname_7591,731,Spain,Female,18.0,5,181746.7217043124,4,0,1,45527.76542729167,0
7592,10226798,Surname_7592,464,Spain,Female,35.0,5,248953.1751830942,1,0,0,78335.9213813032,1
7593,32271724,Surname_7593,585,Germany,Male,55.0,5,222951.3831032844,2,1,1,27048.020778721806,0
7594,67173236,Surname_7594,586,France,Female,21.0,9,204855.9768389475,1,0,0,31430.691666372382,0
7595,62803996,Surname_7595,425,France,Female,47.0,3,47686.71241357425,1,0,1,143043.69594532382,1
7596,23867436,Surname_7596,647,France,Female,34.0,9,202109.62702352085,2,1,0,142761.09256311247,0
7597,84740525,Surname_7597,521,France,Female,52.0,9,71235.05788817264,4,0,1,148174.43888411758,0
7598,15011551,Surname_7598,474,Germany,Female,52.0,7,74438.77789755487,2,1,1,78560.40782112895,0
7599,64487494,Surname_7599,680,Germany,Female,48.0,1,155600.31749287478,1,0,0,52144.92014553389,0
7600,82214414,Surname_7600,428,France,Male,36.0,0,193562.4660984619,2,0,0,13419.253714765715,0
7601,79572158,Surname_7601,728,France,Female,31.0,4,95085.34005537278,1,1,0,131919.9230563625,0
7602,41834904,Surname_7602,677,Germany,Male,45.0,6,59971.852824231646,2,0,0,85248.98746292567,0
7603,40904049,Surname_7603,588,Germany,Male,46.0,1,91919.51793853304,4,1,1,22731.366671914227,1
7604,35709856,Surname_7604,595,France,Male,24.0,5,28376.34425643096,4,0,0,97941.15422760241,1
7605,67782920,Surname_7605,504,Spain,Male,40.0,5,120809.59421868503,2,1,1,79456.34320536126,1
7606,78878807,Surname_7606,773,France,Female,28.0,4,97015.17352011302,3,1,0,30856.650727355016,0
7607,25522101,Surname_7607,698,France,Male,26.0,2,220492.24557653788,4,0,1,96125.26386859117,0
7608,69816512,Surname_7608,402,France,Female,52.0,0,158192.3557435438,3,0,1,25116.73859531572,0
7609,34614884,Surname_7609,694,Germany,Male,51.0,9,126387.46616036157,3,0,1,92908.839257227,1
7610,59051137,Surname_7610,804,Spain,Male,41.0,9,128329.53510556392,3,1,0,106854.22638007945,0
7611,45684111,Surname_7611,650,Spain,Male,36.0,7,145969.43283098805,4,0,0,100238.25274872153,1
7612,49730670,Surname_7612,458,France,Female,56.0,0,12982.394191356107,2,0,1,36803.83375624049,0
7613,55167717,Surname_7613,441,France,Female,21.0,7,220433.80976700372,1,1,0,144958.6274064707,1
7614,79555148,Surname_7614,724,France,Male,51.0,1,17793.523603983034,2,1,0,50651.56354707127,1
7615,55347531,Surname_7615,813,France,Male,34.0,3,16841.639782085942,1,0,0,132222.15453061985,1
7616,77677732,Surname_7616,840,Spain,Female,31.0,9,80618.26494086697,3,0,0,36872.308630175954,0
7617,27969076,Surname_7617,689,Germany,Female,32.0,2,38249.867916603755,2,1,1,29839.236385282227,1
7618,22196677,Surname_7618,689,Spain,,41.0,4,45755.62538497632,3,0,1,52838.230522059916,1
7619,15590418,Surname_7619,629,Germany,Female,19.0,1,122700.61879117231,3,1,0,103860.23932460375,1
7620,66591430,Surname_7620,846,Germany,Female,28.0,7,244896.286834998,1,0,1,33556.242588770445,0
7621,30642047,Surname_7621,824,Germany,Female,18.0,0,137043.51788591582,1,1,1,65890.84301007359,1
7622,72725929,Surname_7622,647,Spain,Female,43.0,2,23852.586795448773,1,1,0,67851.63593903168,0
7623,46559474,Surname_7623,818,Germany,Female,39.0,6,61236.512140494306,2,0,0,54783.65254622937,1
7624,61406964,Surname_7624,604,Germany,Male,51.0,5,34821.11878686775,2,1,1,44848.79417979859,0
7625,53955152,Surname_7625,604,Spain,Male,18.0,1,8363.6924281342,4,0,1,10352.856471772448,0
7626,27789623,Surname_7626,731,Spain,Male,30.0,2,6809.702792575367,4,1,1,112303.4947679216,1
7627,30650400,Surname_7627,843,Spain,Female,47.0,8,243684.988007317,3,1,1,24579.000582537614,0
7628,26588069,Surname_7628,751,Spain,Male,25.0,6,197121.67722396622,1,1,1,96275.61939873622,1
7629,67095801,Surname_7629,732,France,Female,32.0,4,78206.41804511649,3,0,1,56717.18566897989,1
7630,52493467,Surname_7630,715,Spain,Female,42.0,0,36858.27809941794,2,0,1,108857.09281461823,0
7631,73022295,Surname_7631,422,France,Male,34.0,9,121375.18681110116,1,1,0,72752.84593202968,0
7632,48516017,Surname_7632,617,Germany,Male,57.0,2,99688.55619521969,3,1,0,113932.4449233433,0
7633,11142213,Surname_7633,755,Germany,Female,38.0,7,210452.5363075094,1,1,0,90271.67829240297,1
7634,24102436,Surname_7634,753,Germany,Male,18.0,0,132191.0988120623,4,1,0,77073.09649927415,0
7635,99217650,Surname_7635,752,Germany,Male,57.0,4,136511.5854033361,2,0,1,66381.45514565153,1
7636,25159935,Surname_7636,818,Germany,Male,27.0,8,79043.09751834696,4,1,0,129136.1699520301,0
7637,54399680,Surname_7637,525,Spain,Male,39.0,4,171744.91267140454,2,1,0,136584.5371525792,0
7638,79045071,Surname_7638,752,Spain,Male,26.0,7,55216.666635855225,4,1,0,121140.71897431913,0
7639,20899303,Surname_7639,671,Germany,Male,22.0,3,150477.95765707592,3,0,1,100042.75968687529,1
7640,60020107,Surname_7640,457,Spain,Male,23.0,2,185630.13111715278,2,1,0,88253.76562281552,1
7641,67392770,Surname_7641,697,Germany,Female,23.0,1,226282.471575513,1,1,1,76872.28900320214,0
7642,95027304,Surname_7642,716,France,Male,58.0,0,60484.621494663406,2,1,0,117156.23498598476,1
7643,79591862,Surname_7643,653,Germany,Female,36.0,9,211472.99097208076,2,0,0,46624.64020945325,0
7644,60219660,Surname_7644,743,Spain,Male,33.0,3,98887.81599809945,2,1,1,35833.9862155218,1
7645,15791534,Surname_7645,698,France,Female,59.0,4,149211.67217894585,1,1,0,88086.2346078868,1
7646,65197664,Surname_7646,703,Spain,Male,29.0,6,168087.78887010558,4,0,0,57322.13583360482,0
7647,12376721,Surname_7647,612,France,Male,38.0,3,147306.3547986177,4,1,0,12111.322951739556,1
7648,97957823,Surname_7648,622,Spain,Male,35.0,5,56967.13464270486,4,1,0,127635.2325584397,1
7649,33191371,Surname_7649,583,Germany,Female,40.0,5,18405.63716459584,2,1,0,73841.54395543232,1
7650,18602153,Surname_7650,385,Germany,,40.0,8,89500.58679217487,4,0,0,117289.54578408043,1
7651,61027154,Surname_7651,683,France,Female,44.0,0,187942.56493828175,3,0,1,72168.46951399893,1
7652,33124252,Surname_7652,500,Spain,Male,24.0,4,216870.73163440547,2,0,0,44196.462133318695,1
7653,40855485,Surname_7653,824,Spain,Male,22.0,9,162170.47368647132,2,1,0,40235.672508655145,1
7654,37206954,Surname_7654,397,Germany,Female,53.0,4,101194.453932386,1,0,0,69313.9004128522,1
7655,42195476,Surname_7655,629,France,Male,33.0,4,47124.11830635449,2,1,1,109449.91642938236,1
7656,58487894,Surname_7656,545,France,Female,27.0,6,20883.890194926786,1,1,1,20310.264298116897,0
7657,86774182,Surname_7657,453,France,Female,28.0,4,56725.018962645285,4,1,0,86276.36933193072,0
7658,70128246,Surname_7658,660,Germany,Female,26.0,7,239780.73342792547,3,0,0,135692.0831369043,0
7659,86741944,Surname_7659,529,France,Male,23.0,1,183691.31496799676,2,0,0,81896.54696599442,0
7660,28138301,Surname_7660,665,Spain,Female,43.0,0,131749.38886511544,2,0,0,133605.8128042713,1
7661,82914398,Surname_7661,359,Germany,Male,41.0,7,225569.68583979513,1,0,1,127091.17782627705,0
7662,85552665,Surname_7662,509,Spain,Male,31.0,7,109646.60757020714,4,0,0,105900.45390576869,1
7663,16451512,Surname_7663,721,Spain,Female,39.0,2,227760.1494692089,4,0,1,34497.38805876217,1
7664,29610359,Surname_7664,503,France,Female,31.0,9,168672.56059461363,1,0,1,69206.08492168642,1
7665,64456776,Surname_7665,769,France,Male,56.0,9,159204.27415587986,1,1,0,110115.94963506678,0
7666,91942765,Surname_7666,676,Germany,Female,48.0,6,243873.48335486956,1,0,0,100012.90268136768,1
7667,96166500,Surname_7667,846,Germany,Female,32.0,5,211462.37200929094,3,0,0,75141.09011899521,0
7668,30838922,Surname_7668,716,France,Female,46.0,2,10090.577448984894,3,1,1,92424.51640368612,0
7669,99198953,Surname_7669,777,Spain,Female,29.0,1,62133.049045808824,4,1,0,138974.1934855702,0
7670,99978196,Surname_7670,561,France,Female,25.0,8,72950.48852703001,2,1,0,40921.12499578185,0
7671,27222188,Surname_7671,816,Germany,Male,38.0,8,54028.66693023698,3,0,0,134368.76689584018,0
7672,17987064,Surname_7672,535,Spain,Male,36.0,4,210025.87436611662,4,1,0,24705.563645246053,1
7673,55934911,Surname_7673,529,France,Male,38.0,2,172121.86699775397,4,0,1,34603.43176947908,1
7674,50491623,Surname_7674,790,France,Female,30.0,5,242425.20287453933,3,0,1,56093.301540516295,1
7675,25913247,Surname_7675,831,Germany,,44.0,4,18162.58681163621,3,0,0,34658.9781734012,0
7676,12078375,Surname_7676,450,Germany,Male,46.0,7,63834.275690118346,2,0,1,146782.55702911937,0
7677,81476172,Surname_7677,757,France,Female,25.0,5,133047.80228621402,4,1,0,104761.15060272686,0
7678,95334929,Surname_7678,657,France,Female,25.0,8,180855.73972675877,2,0,0,95574.12675143332,0
7679,25879156,Surname_7679,359,Germany,Female,47.0,9,61012.34627773136,4,1,0,107996.81175155776,1
7680,82186334,Surname_7680,677,France,Female,26.0,6,142646.82999237822,2,0,0,33172.09121433216,0
7681,89305525,Surname_7681,695,Spain,Female,53.0,2,155124.65460803645,4,1,1,76247.91671843703,0
7682,74238059,Surname_7682,351,Germany,Male,21.0,4,111538.32138547461,3,0,0,125842.78740651942,0
7683,53862734,Surname_7683,447,France,Female,38.0,5,154298.77472350566,1,0,0,64630.75660384873,0
7684,49911293,Surname_7684,679,France,Male,39.0,0,196660.82644989475,1,0,0,143633.6370157562,1
7685,10189938,Surname_7685,618,Germany,Male,37.0,9,145980.6310516469,3,0,0,95523.72802713256,1
7686,86920497,Surname_7686,381,Spain,Male,20.0,2,210905.89441699136,2,1,0,56467.079322607824,0
7687,34744066,Surname_7687,387,France,Female,58.0,4,199485.48015446664,2,1,1,60009.42856838667,0
7688,85295909,Surname_7688,647,France,Male,56.0,0,40150.463511007314,3,0,1,82757.1069673782,0
7689,40196834,Surname_7689,735,Spain,Female,20.0,4,247261.27531371108,4,0,1,93372.90046761768,1
7690,60177852,Surname_7690,782,Spain,Male,28.0,4,128994.79238678122,4,0,0,104709.39247922652,1
7691,69665886,Surname_7691,758,Germany,Female,30.0,4,207156.65731916024,4,1,0,83894.7694751803,0
7692,64268824,Surname_7692,805,Spain,Male,40.0,8,246154.93456045334,4,1,1,28107.331313112263,0
7693,91821395,Surname_7693,650,France,Male,30.0,3,230731.98353222973,1,0,0,92166.49581054109,1
7694,28793255,Surname_7694,450,France,Female,18.0,1,194962.10116028745,3,0,0,52257.120638768276,1
7695,26070037,Surname_7695,383,France,Male,23.0,2,70086.57996107964,4,1,1,43465.094752551115,0
7696,55708231,Surname_7696,538,France,Female,55.0,7,186938.7736237064,1,0,0,78129.35111678633,0
7697,11282475,Surname_7697,607,Germany,Male,29.0,4,38284.30385339906,1,1,1,55353.22144944046,0
7698,31785956,Surname_7698,742,France,Female,34.0,5,221600.09215344005,1,0,1,115906.71468610146,0
7699,97070770,Surname_7699,653,Germany,Male,43.0,7,93574.03614807913,1,1,0,14614.439319622023,1
7700,41782462,Surname_7700,717,Germany,Male,23.0,3,45204.164689860496,2,0,1,45809.568517356645,0
7701,70601578,Surname_7701,502,Spain,Male,52.0,7,169838.50263784238,4,1,1,113444.09509998263,0
7702,35345454,Surname_7702,701,Germany,,42.0,5,86175.49494942137,4,1,0,46202.140089694454,0
7703,57553862,Surname_7703,527,Spain,Female,25.0,7,134445.6275808722,2,0,0,16629.636468416324,0
7704,96875963,Surname_7704,378,Spain,Male,57.0,6,153513.8436131099,3,1,0,81759.57717377471,0
7705,74094798,Surname_7705,619,Germany,Male,27.0,0,200894.45115571108,1,1,1,67440.99622971159,1
7706,23455876,Surname_7706,723,Germany,,46.0,8,8297.264667963267,4,1,1,69742.0843623319,1
7707,93835918,Surname_7707,685,France,Male,27.0,3,183646.23457645086,1,0,1,30053.164558873574,0
7708,26840980,Surname_7708,578,Spain,Male,39.0,1,242916.1070511104,4,0,1,85769.09443544429,1
7709,64863876,Surname_7709,752,Spain,Female,22.0,9,84575.96241773355,4,0,0,132723.34356867033,0
7710,13871707,Surname_7710,808,Germany,Male,37.0,6,38661.15894122415,1,1,1,121473.88182492684,1
7711,86924486,Surname_7711,469,Germany,Male,46.0,2,65240.46021174795,2,1,0,130945.25425856444,0
7712,77279921,Surname_7712,447,France,Male,33.0,7,180079.48414947063,3,0,0,49099.99150598085,0
7713,38927089,Surname_7713,414,Germany,Female,48.0,9,248458.09339510067,3,0,1,52267.40950689141,0
7714,50534448,Surname_7714,776,Germany,Male,32.0,0,109388.98629519076,2,0,0,87489.07861609805,0
7715,60769503,Surname_7715,413,Spain,Female,43.0,6,217913.2708905416,1,1,0,50567.05258839153,0
7716,38778966,Surname_7716,586,France,Male,46.0,5,243319.9938027665,2,0,0,93008.37830536954,1
7717,87063965,Surname_7717,735,Germany,Female,42.0,9,205368.1534237188,4,1,1,134076.4715936678,0
7718,37594853,Surname_7718,491,Germany,Male,58.0,0,118551.07869982692,3,1,0,48995.68272419873,0
7719,93230123,Surname_7719,427,Germany,Female,18.0,0,292.03694182347584,4,1,1,47865.221906662424,1
7720,57483417,Surname_7720,809,Germany,Male,39.0,7,11975.530611895769,3,1,0,10166.118503659345,0
7721,17051977,Surname_7721,444,Spain,Female,54.0,5,163049.76845365463,3,1,0,37025.90609988585,1
7722,87025968,Surname_7722,739,Germany,Female,20.0,1,205612.17911872495,4,0,0,107189.99777916662,0
7723,27474187,Surname_7723,486,Germany,Male,22.0,3,157214.24305720304,4,1,0,54743.942780435515,1
7724,28713623,Surname_7724,518,Spain,Female,53.0,9,174001.3797039338,1,1,0,76497.11657214204,0
7725,54730644,Surname_7725,435,Spain,Male,47.0,0,29767.726729037964,2,0,1,54859.023154278504,0
7726,17341195,Surname_7726,480,France,Male,50.0,4,232606.52282829082,4,1,1,111039.48207288439,1
7727,70866174,Surname_7727,575,Spain,Female,42.0,4,41280.01119644012,1,1,0,74292.21421007496,1
7728,46423750,Surname_7728,839,Germany,Female,37.0,5,208166.44062397614,1,1,1,95361.5659976031,1
7729,82158942,Surname_7729,612,Spain,Female,31.0,8,123403.35294927096,2,1,0,61127.624917876965,0
7730,95914955,Surname_7730,757,France,Female,24.0,1,98820.37761411825,3,1,1,82591.30535176655,1
7731,30734771,Surname_7731,729,Spain,Female,50.0,7,82808.52730410668,1,0,1,44233.47738330159,1
7732,99555880,Surname_7732,522,France,Male,31.0,9,134211.78110543528,2,0,1,45070.62106122644,0
7733,23708554,Surname_7733,446,Germany,Female,35.0,3,21954.95495999403,2,0,1,86070.5758434118,1
7734,42584589,Surname_7734,694,Spain,Male,52.0,9,30104.064146690922,4,1,0,147088.46019944255,0
7735,62535856,Surname_7735,517,Spain,Male,24.0,5,248562.2476831765,3,0,1,11184.079351072683,1
7736,11204275,Surname_7736,482,Germany,Female,47.0,6,204056.7975154805,4,1,1,135539.01649657404,1
7737,43819113,Surname_7737,369,Germany,Male,39.0,2,69536.63987728242,1,1,1,127506.47326918432,1
7738,72343756,Surname_7738,679,Germany,,33.0,7,237625.16417159076,2,1,1,123905.28841562131,0
7739,23695977,Surname_7739,461,Spain,Male,40.0,6,179112.84613569846,4,1,0,13847.26034562799,1
7740,26347429,Surname_7740,488,Spain,Male,35.0,2,155586.25168578027,1,1,1,124046.75506047839,1
7741,48485163,Surname_7741,489,France,Female,55.0,1,95724.48022679392,3,0,1,109047.17896472571,1
7742,98422310,Surname_7742,702,Spain,Male,51.0,8,48214.55981431394,1,0,1,92272.44189732635,0
7743,88076626,Surname_7743,801,Spain,Female,39.0,0,205227.83533007922,3,1,0,68558.95259912833,0
7744,77995032,Surname_7744,781,Spain,Male,50.0,1,39342.553186100246,2,1,1,141983.44299525657,0
7745,62757182,Surname_7745,431,France,Male,21.0,5,128431.69162748058,2,1,1,147739.67039473722,0
7746,51614561,Surname_7746,698,Spain,Female,37.0,4,114324.37619997343,1,0,0,55663.94592628927,1
7747,66134611,Surname_7747,824,Germany,Male,57.0,5,240170.93424820257,4,1,1,117895.14977369738,0
7748,39434867,Surname_7748,577,Spain,Female,30.0,9,97432.76366087761,3,0,0,53631.60596258813,0
7749,16817933,Surname_7749,594,Spain,Male,24.0,3,76712.55812966659,2,0,0,54301.95992219246,0
7750,49019851,Surname_7750,824,France,Male,55.0,2,144272.6762085254,2,1,0,99990.3064644113,1
7751,63716492,Surname_7751,644,Germany,Female,35.0,5,171526.50221927403,1,0,0,51284.74870539758,0
7752,68915220,Surname_7752,615,France,Male,37.0,6,201778.85311413306,3,0,1,65698.42083133693,0
7753,22605381,Surname_7753,654,France,Male,58.0,1,11377.535186659348,3,0,1,79297.30086280494,0
7754,96491486,Surname_7754,683,France,,24.0,6,234612.03006767388,3,0,0,145775.90519251945,0
7755,80658095,Surname_7755,625,Spain,Male,48.0,0,42565.88322689922,4,0,0,16920.771106216645,0
7756,98054194,Surname_7756,378,Spain,Male,30.0,5,110169.08890477348,4,0,1,134128.40933200865,0
7757,78347720,Surname_7757,718,Germany,,36.0,3,194233.8597804096,1,1,0,138548.90557098464,0
7758,12245467,Surname_7758,620,Spain,Female,18.0,9,211365.39334643178,4,0,0,29834.848247607708,0
7759,11590644,Surname_7759,714,France,Male,46.0,1,128477.65576435557,3,1,0,26073.953550261744,0
7760,61147765,Surname_7760,827,France,Male,47.0,9,105111.5131459879,1,1,1,139520.325676996,1
7761,89987715,Surname_7761,720,France,Female,23.0,7,199532.12392327606,2,1,0,31110.808260419028,0
7762,47145417,Surname_7762,629,Germany,Male,47.0,5,214704.3769604249,2,0,0,140164.80046058743,0
7763,92280483,Surname_7763,399,Spain,Male,43.0,1,146651.07759270706,1,1,1,115001.1725984891,0
7764,63895182,Surname_7764,813,France,,22.0,6,8816.467661200366,3,1,0,41203.83915785214,1
7765,38316608,Surname_7765,713,Germany,Female,47.0,8,33819.64064252976,2,0,1,44566.52694656434,1
7766,59734147,Surname_7766,544,Germany,Male,29.0,0,148415.2406049487,1,0,1,96705.34587827306,0
7767,47041953,Surname_7767,693,Germany,Female,42.0,5,201126.07147912562,2,1,1,42075.09302987124,0
7768,89174685,Surname_7768,371,Spain,Male,30.0,0,171219.07938896294,1,1,1,26536.892871131902,0
7769,63453969,Surname_7769,516,France,Female,30.0,8,238640.3215558494,3,1,1,136810.8286545165,1
7770,43104666,Surname_7770,654,Spain,Male,27.0,6,103565.75026128412,4,1,1,147519.71607439657,0
7771,22662944,Surname_7771,533,Germany,Male,25.0,4,117035.26776971285,4,0,1,61897.57298957501,0
7772,29368795,Surname_7772,732,Spain,Female,38.0,5,22288.99965269304,2,0,1,46202.28537266072,1
7773,78638552,Surname_7773,684,Spain,Male,44.0,4,132632.46077535045,2,0,0,135047.9201541318,0
7774,44858519,Surname_7774,404,Spain,Female,35.0,9,96686.26182993792,3,0,0,124498.0463750883,0
7775,45714635,Surname_7775,658,France,Female,36.0,2,134758.12081137474,4,1,0,45787.373181300216,0
7776,21006728,Surname_7776,573,France,Female,24.0,0,103898.30121601939,2,0,1,97112.9920511903,1
7777,11651051,Surname_7777,445,Germany,Female,58.0,0,83429.96770991232,3,0,0,125337.009187974,1
7778,94739680,Surname_7778,436,Germany,Female,30.0,2,232232.38275007467,4,0,0,57947.890505575626,1
7779,54792331,Surname_7779,618,Spain,Female,37.0,1,71389.27581133417,3,1,1,59741.41791361063,0
7780,51940449,Surname_7780,563,France,Female,38.0,3,104788.13233517481,1,1,1,72867.83248093835,0
7781,87422528,Surname_7781,494,Spain,Female,25.0,3,18014.480817289957,2,1,1,135166.8561962523,0
7782,47853499,Surname_7782,634,France,Female,21.0,5,28713.38258660286,2,0,1,132091.77742831662,0
7783,85411517,Surname_7783,616,France,Female,24.0,7,234963.493197831,1,1,0,123751.53022273874,1
7784,76950605,Surname_7784,783,France,Male,59.0,1,219097.10794778462,3,0,0,102839.82798344993,1
7785,77635567,Surname_7785,811,France,Male,37.0,9,207921.9267354595,1,1,1,113860.90111615103,0
7786,34605115,Surname_7786,550,Spain,Male,54.0,4,16396.166220542964,4,0,0,96676.20761060798,0
7787,46659385,Surname_7787,716,France,Male,46.0,4,135919.044134568,4,1,1,75494.84724211888,0
7788,41078088,Surname_7788,783,Spain,Male,28.0,7,95246.66672164628,2,0,0,144471.3738180634,1
7789,42952615,Surname_7789,382,Germany,Male,48.0,1,1101.9588137420876,1,0,1,14758.594746300547,1
7790,28433155,Surname_7790,571,Germany,Male,43.0,1,171305.96155609153,4,0,0,18485.089870187963,0
7791,50418391,Surname_7791,692,France,Male,21.0,7,201769.03543776833,3,1,0,42970.62809170744,1
7792,83334748,Surname_7792,835,Spain,Female,44.0,5,134970.68749007297,3,1,1,11592.934164271352,0
7793,86000504,Surname_7793,512,France,Male,20.0,5,61954.83641266103,1,0,0,31535.905662960093,1
7794,58900143,Surname_7794,495,France,Male,34.0,4,234075.96038430557,4,0,0,72874.16859769533,0
7795,56180029,Surname_7795,731,France,Female,26.0,4,83810.91106354808,3,0,1,138369.41755797842,1
7796,62946939,Surname_7796,616,Spain,Female,56.0,5,7870.774210855774,2,1,0,83244.22939546037,0
7797,17872371,Surname_7797,560,Spain,Female,32.0,3,111174.74503745866,2,1,1,138027.8124751835,1
7798,45159186,Surname_7798,414,France,Male,24.0,8,56263.74179490601,1,1,0,21650.897127110176,0
7799,24864464,Surname_7799,457,Germany,Male,54.0,5,111700.17349281427,3,0,0,21968.425757717516,1
7800,46078291,Surname_7800,433,Spain,Female,46.0,7,211841.7055515916,4,0,1,118384.0044111912,1
7801,39628059,Surname_7801,666,Spain,Male,53.0,7,55025.04289872112,4,0,0,132019.59559527106,0
7802,46023799,Surname_7802,594,Germany,Female,34.0,7,214542.96183878003,4,1,1,34675.32987065203,0
7803,57431908,Surname_7803,690,Germany,,27.0,6,39590.189504879636,1,1,1,127256.46530015976,1
7804,43717180,Surname_7804,831,Spain,Female,33.0,3,105857.32753541335,2,0,0,18560.62302751889,1
7805,59379518,Surname_7805,398,Germany,Male,26.0,0,30454.78724619574,2,1,1,144193.20979248613,0
7806,40163171,Surname_7806,425,Germany,Female,51.0,6,105360.49378823428,1,0,0,144543.5225056315,1
7807,74541209,Surname_7807,440,France,Female,31.0,6,69832.124209882,3,1,1,98468.18946288583,0
7808,73184037,Surname_7808,622,France,Male,58.0,6,178798.18732683227,3,1,1,28593.939148813446,1
7809,42802314,Surname_7809,831,Germany,Female,38.0,6,200697.5397368561,3,1,0,55980.35431632032,1
7810,33963320,Surname_7810,608,Spain,Male,31.0,3,208592.68906734392,2,1,0,93516.21153418811,0
7811,84767153,Surname_7811,381,Germany,Male,21.0,7,210712.50023915677,2,0,0,96633.26446018797,0
7812,84262556,Surname_7812,716,Spain,Female,41.0,4,189800.46478123506,3,1,1,44181.25376773196,0
7813,81854402,Surname_7813,528,France,Male,58.0,6,26213.2500381739,4,0,1,138114.3719758721,0
7814,34595392,Surname_7814,540,France,Male,21.0,2,62531.141698779655,1,0,0,99729.11423100313,1
7815,82801563,Surname_7815,835,Germany,Female,53.0,4,57807.06601173779,4,1,1,124111.4674823848,1
7816,15976815,Surname_7816,357,Germany,Female,41.0,3,57108.99419864385,1,0,0,21449.803306265363,0
7817,44578614,Surname_7817,578,Spain,Male,46.0,8,24665.126525977023,4,1,0,110507.88465391094,0
7818,70926070,Surname_7818,794,France,Female,20.0,7,110676.67831679029,4,0,1,90529.04871282203,1
7819,95111773,Surname_7819,491,France,,21.0,1,176617.76428486133,3,1,0,71801.62866280306,1
7820,12131645,Surname_7820,565,Germany,Male,29.0,4,128010.69269988478,4,1,1,68757.67926678585,1
7821,91060779,Surname_7821,466,Germany,Female,21.0,6,197498.30306785082,3,0,0,143840.71242116357,1
7822,69393640,Surname_7822,363,Spain,Female,38.0,3,104007.18351771876,2,1,1,142392.78424726296,0
7823,61814967,Surname_7823,597,Spain,Male,39.0,9,240168.85100098568,3,0,1,13884.654769102668,0
7824,54914009,Surname_7824,808,France,Male,50.0,7,23651.13447377129,4,1,0,74359.94872465896,0
7825,26785194,Surname_7825,435,Spain,Female,36.0,5,178390.34770274407,4,0,1,131538.29102915034,0
7826,95572248,Surname_7826,680,France,Male,33.0,0,52510.63701371034,2,0,1,92548.81466664179,1
7827,64569725,Surname_7827,568,Germany,Female,59.0,9,78642.8005831285,3,1,1,85955.61457140684,0
7828,41020450,Surname_7828,544,Spain,Female,50.0,6,131698.67289825215,2,1,0,67703.5577569986,0
7829,92189154,Surname_7829,610,Spain,Female,39.0,2,162947.64155231885,4,0,0,46496.53736757314,1
7830,42617141,Surname_7830,799,Germany,Female,19.0,5,120343.66141006984,1,0,1,99565.19144999547,0
7831,48394768,Surname_7831,382,Spain,Female,24.0,8,180167.61065092654,1,0,0,51177.589867465205,1
7832,75647356,Surname_7832,721,France,Female,53.0,0,171944.8920413613,4,1,0,105930.33910980617,1
7833,66161985,Surname_7833,795,Spain,Male,49.0,5,162400.31303667784,3,1,0,99620.03142183603,0
7834,91042978,Surname_7834,522,Germany,Female,50.0,7,105196.20058016446,2,0,0,121057.36144729736,1
7835,18666717,Surname_7835,488,France,Male,29.0,9,1467.4219706262147,1,1,0,12949.8907593599,1
7836,20823817,Surname_7836,354,Germany,Male,21.0,5,124738.5570805603,4,1,1,92071.89269514575,0
7837,99526241,Surname_7837,433,Germany,,49.0,3,30367.152586464443,4,0,0,122394.32012643784,0
7838,74394605,Surname_7838,587,France,Male,23.0,1,125087.62962564034,4,1,0,55853.10261515302,1
7839,45934156,Surname_7839,518,Germany,Female,40.0,5,242023.4949165344,1,1,1,111608.07317705348,1
7840,51280570,Surname_7840,787,France,Female,53.0,4,171651.10880466807,1,0,0,65367.594271905335,1
7841,23561647,Surname_7841,369,Spain,Male,21.0,8,70231.0214629003,1,1,1,84138.37514643956,0
7842,40366144,Surname_7842,647,Spain,Female,28.0,6,162414.01709461567,4,0,1,49535.7329089375,1
7843,91576228,Surname_7843,733,Spain,Female,18.0,0,151168.09014243324,3,0,0,83125.65462428574,1
7844,54491225,Surname_7844,577,France,Female,37.0,9,124887.89053162355,4,0,0,44980.083157624,1
7845,84896390,Surname_7845,510,Germany,Male,23.0,6,130705.51751507778,4,0,1,42554.476274801855,0
7846,66339154,Surname_7846,598,Spain,Male,19.0,9,87164.57250772913,1,1,0,95420.04160625271,0
7847,68899295,Surname_7847,816,Spain,Male,51.0,8,142755.21948343792,3,1,0,110745.34105028573,0
7848,82604150,Surname_7848,467,Spain,Female,20.0,4,146570.09530015968,3,1,0,75132.48580714711,1
7849,46645710,Surname_7849,473,France,Male,44.0,3,214544.51345469555,4,1,1,103137.41111298262,0
7850,98904362,Surname_7850,670,Spain,Female,43.0,2,53593.01506622202,2,0,0,87635.57612493036,0
7851,97991398,Surname_7851,497,France,Female,52.0,7,66350.50279213881,2,0,1,100019.2394999982,0
7852,24307679,Surname_7852,405,Spain,Male,59.0,7,107869.54239719393,2,1,1,64872.24897079957,1
7853,76586762,Surname_7853,418,Germany,Female,52.0,9,91168.52181002371,4,0,1,80901.06605552112,0
7854,72941062,Surname_7854,444,France,Female,28.0,8,163452.63650724138,4,0,1,86160.24742469638,0
7855,71226326,Surname_7855,485,Spain,Male,37.0,6,199881.2133920274,1,1,1,64115.16996094215,1
7856,53921803,Surname_7856,727,Spain,Male,43.0,1,90806.02266257782,4,1,0,20403.726729450835,0
7857,30964109,Surname_7857,421,France,Female,22.0,3,240419.95648707624,1,0,0,147572.4821201715,0
7858,15365043,Surname_7858,790,Germany,Male,30.0,9,67911.28044916589,1,1,1,138560.72221471544,1
7859,86046270,Surname_7859,660,Germany,Female,55.0,8,18094.421490695706,3,1,1,44468.557295131955,0
7860,46238577,Surname_7860,624,France,Male,27.0,0,130279.19048621367,2,0,0,124302.64120037307,0
7861,58506580,Surname_7861,616,Spain,Female,49.0,9,214634.98091601973,4,1,0,113228.29394724494,0
7862,23006213,Surname_7862,386,Spain,Female,52.0,2,102788.07552161743,4,0,1,50699.99102140917,0
7863,64153190,Surname_7863,778,Germany,Male,28.0,0,4314.937594736334,2,0,1,108391.26309347691,1
7864,85938754,Surname_7864,843,France,Male,51.0,0,33360.24636782076,4,0,1,98505.3873941944,1
7865,11223247,Surname_7865,555,France,Female,48.0,5,186389.15297898688,2,0,1,14095.983084048987,0
7866,78312459,Surname_7866,520,France,Female,34.0,9,114094.47200556692,3,0,0,49326.997908857535,0
7867,21514983,Surname_7867,364,France,Female,23.0,8,52062.18248673175,1,1,0,42982.11811846226,0
7868,63816925,Surname_7868,696,Spain,Female,57.0,5,146150.6144500422,1,0,0,136199.02813270353,0
7869,29733458,Surname_7869,820,Germany,Female,30.0,9,165829.38704832896,4,1,1,53249.33664812525,0
7870,91109390,Surname_7870,605,Germany,Female,31.0,4,22937.052390136105,4,0,0,104217.09822811048,0
7871,52682157,Surname_7871,717,Germany,Female,44.0,1,237823.17933038488,2,1,1,137234.21082331773,0
7872,59021083,Surname_7872,385,France,Male,54.0,7,113908.58556120234,2,1,1,149306.81540830515,0
7873,52725949,Surname_7873,694,France,Male,54.0,3,13010.495592238074,2,1,1,139841.82344775298,1
7874,38175703,Surname_7874,480,Germany,Male,18.0,6,157726.70214188535,1,1,1,31934.49884755347,1
7875,75638787,Surname_7875,801,Germany,Male,41.0,9,165899.33758217297,3,0,1,79629.37882777677,0
7876,72043347,Surname_7876,736,Germany,Female,26.0,8,33252.938845251934,2,0,0,128706.0517273955,1
7877,57194641,Surname_7877,829,Spain,Male,33.0,7,12396.886768466537,3,1,1,102509.56421584862,0
7878,98657479,Surname_7878,611,France,Male,43.0,9,53733.518065824355,3,1,1,91348.66427260291,1
7879,75752675,Surname_7879,648,France,Female,22.0,7,161029.51203801425,2,1,0,123314.1622041564,0
7880,34911144,Surname_7880,430,France,,58.0,3,187938.86332714662,3,0,0,82899.61280069764,1
7881,32617715,Surname_7881,777,Germany,Female,48.0,8,8190.820498125112,2,0,1,137171.94749698736,0
7882,94251820,Surname_7882,754,Germany,Male,41.0,8,100786.5656422698,3,1,0,143688.198734157,0
7883,27746753,Surname_7883,667,France,Male,54.0,6,181580.40070100097,3,0,0,91122.55965365432,0
7884,93184544,Surname_7884,462,Spain,Female,36.0,4,58551.49450002989,2,1,1,37550.04825531252,0
7885,77617515,Surname_7885,585,Germany,Male,45.0,5,156634.21376682667,4,0,1,124490.80119777708,1
7886,23360453,Surname_7886,670,France,,35.0,0,65661.67481845645,1,0,1,98156.82605535521,1
7887,48183032,Surname_7887,465,Spain,Female,54.0,3,246231.01080854193,3,1,0,50716.77681265701,1
7888,33788580,Surname_7888,447,Spain,Female,57.0,3,179461.97951338065,4,0,1,114341.26575746418,1
7889,96014595,Surname_7889,842,France,Female,46.0,5,192500.4314856994,2,1,1,100778.37641334806,1
7890,85505343,Surname_7890,516,France,Male,50.0,6,100785.56288506993,1,1,1,12023.0864659492,0
7891,78875088,Surname_7891,630,Spain,Male,40.0,4,71875.57913672416,2,0,1,140830.03660743954,0
7892,64780752,Surname_7892,545,Spain,Female,30.0,0,231615.4245878239,1,1,1,91126.65942078817,0
7893,71680315,Surname_7893,681,France,Male,44.0,1,7074.1623980074,4,1,0,60458.16210834165,0
7894,38292746,Surname_7894,588,Germany,Male,52.0,6,34367.538103905,4,0,1,29996.367543285578,1
7895,98376174,Surname_7895,827,Spain,Male,44.0,6,49125.51159812828,3,0,1,87907.25511055424,1
7896,40432795,Surname_7896,416,Spain,Female,33.0,4,150030.66550452824,4,1,0,106465.37513605118,1
7897,10529698,Surname_7897,569,France,Female,24.0,9,12354.58772473036,1,0,1,127010.35779752239,0
7898,67755116,Surname_7898,720,Germany,Female,37.0,0,211592.00321136566,3,0,0,101677.54817186297,0
7899,82190969,Surname_7899,708,France,Female,30.0,5,59458.534873937875,4,0,1,96158.71414075402,0
7900,98101362,Surname_7900,618,France,Male,21.0,1,43162.29260529642,1,0,1,140933.1510909907,1
7901,15555171,Surname_7901,548,Germany,Male,34.0,1,80934.9571909482,4,0,0,61484.28520446645,0
7902,93183454,Surname_7902,714,Germany,Female,56.0,3,217490.1699774463,3,0,1,48612.83666539877,0
7903,61559598,Surname_7903,462,France,Female,48.0,2,157538.24096431455,4,0,1,132362.57968818885,1
7904,46317772,Surname_7904,795,Spain,Male,36.0,9,185544.23549533237,3,0,1,126933.63020654755,0
7905,18787359,Surname_7905,834,Germany,Male,32.0,7,92006.69331674566,3,0,1,34429.78140650883,1
7906,31335955,Surname_7906,773,Spain,Female,28.0,4,63159.83463133754,2,1,0,89814.20174983659,0
7907,34071846,Surname_7907,583,Germany,Male,55.0,6,123133.77091961278,1,1,0,49059.531756608754,1
7908,56281464,Surname_7908,435,Spain,Male,35.0,9,98295.0465470117,3,0,1,149834.17730957188,0
7909,50969637,Surname_7909,739,France,Female,42.0,7,40092.80213383149,4,1,1,126271.49186882979,0
7910,81737034,Surname_7910,390,France,Male,20.0,0,194262.29504461738,2,0,0,140197.24789781304,1
7911,54774816,Surname_7911,693,Germany,Male,28.0,9,235500.91537059116,4,1,0,76871.56293001413,0
7912,40299141,Surname_7912,660,Spain,Female,18.0,1,186304.82669751992,1,1,0,139727.04874091945,1
7913,36867595,Surname_7913,381,Spain,Male,33.0,5,97368.878713581,2,0,0,135987.38764169888,1
7914,50497146,Surname_7914,727,Spain,,31.0,3,1672.2467489701244,2,1,0,120541.10078964914,1
7915,99678117,Surname_7915,519,Germany,Female,39.0,5,172448.94422453185,4,0,1,34593.85833862543,0
7916,75305390,Surname_7916,810,Germany,Female,42.0,8,48545.907998499424,3,1,1,17582.877472953016,0
7917,75151316,Surname_7917,783,France,Female,58.0,7,113249.73085789355,2,1,1,83171.28652888747,0
7918,53850433,Surname_7918,811,Spain,Male,50.0,8,202789.74150062108,3,0,0,101717.52287969473,1
7919,78347399,Surname_7919,836,Spain,Female,27.0,8,41697.074739355,1,1,0,128286.17483478517,0
7920,90310669,Surname_7920,389,France,Female,42.0,5,163122.10483589597,1,1,1,137749.7495539432,1
7921,42470716,Surname_7921,767,France,Male,20.0,4,209969.25456290887,3,1,0,20361.84869092267,1
7922,22013356,Surname_7922,634,Germany,Male,26.0,8,166925.8234597234,1,0,0,76767.87664752961,0
7923,84628742,Surname_7923,359,France,Female,55.0,1,11822.86058881346,4,1,1,80966.35233988908,0
7924,37124324,Surname_7924,560,Germany,Male,19.0,0,51660.534598035876,4,0,0,50534.35514576198,0
7925,78236048,Surname_7925,523,Spain,Female,28.0,4,249996.1790395668,3,0,0,80931.40080986185,0
7926,16046732,Surname_7926,706,Spain,Male,30.0,3,211981.42118119367,3,1,0,51870.911770039376,1
7927,40210484,Surname_7927,673,France,Female,48.0,2,181236.1884137521,2,1,0,51506.76228826913,0
7928,51699039,Surname_7928,620,Spain,Female,28.0,9,30013.632374807363,4,1,0,11293.531620566155,1
7929,99755127,Surname_7929,599,Spain,Male,56.0,5,19991.151150660302,2,1,0,57823.0654195055,0
7930,72424545,Surname_7930,448,Spain,Female,24.0,9,244738.0691579128,3,1,1,54028.8502192937,1
7931,35543961,Surname_7931,648,Spain,Male,56.0,5,163991.57289909606,1,1,0,65220.03713823078,0
7932,81281491,Surname_7932,775,Spain,,58.0,8,131588.16399521002,3,0,0,91056.74719100147,1
7933,68868802,Surname_7933,694,Spain,Male,43.0,5,34108.0519686047,2,1,1,23755.06656721896,1
7934,32958132,Surname_7934,761,Germany,Female,40.0,0,27957.47121015854,2,1,0,55789.96720140936,0
7935,51538470,Surname_7935,742,Germany,Male,53.0,7,159366.45793429718,1,0,0,38483.19645112853,1
7936,23085879,Surname_7936,676,Germany,Female,19.0,7,124797.61414611604,4,0,1,47420.97640848559,0
7937,29485986,Surname_7937,430,Spain,Male,30.0,4,202349.72180256993,2,1,1,122841.72152753247,1
7938,55873311,Surname_7938,840,Germany,Female,52.0,2,16610.119705847275,2,1,1,141716.9985475953,0
7939,29657285,Surname_7939,415,Spain,Female,35.0,5,228031.79066093898,2,0,0,12773.754135230432,0
7940,90856952,Surname_7940,584,France,Male,27.0,6,174430.35555872263,1,1,0,149941.30537873995,0
7941,71885172,Surname_7941,784,France,Male,51.0,9,28007.399418304158,2,1,1,83304.79526400212,0
7942,30474592,Surname_7942,814,Germany,Female,27.0,6,197895.31380365454,4,0,0,93765.38352549548,0
7943,28234493,Surname_7943,385,Germany,Female,51.0,5,175601.29504707234,1,1,1,24684.119882177874,0
7944,61689516,Surname_7944,824,France,Female,59.0,5,87067.60711785505,1,0,0,138057.56509078905,0
7945,57172689,Surname_7945,826,Germany,Female,32.0,7,208287.1536774842,3,0,1,21429.69608933988,0
7946,62769095,Surname_7946,488,Spain,Male,26.0,8,21952.266289822663,3,1,1,82888.95503284005,0
7947,72741104,Surname_7947,655,Germany,Male,46.0,4,11672.414243918765,4,0,1,128600.63737808615,0
7948,65655081,Surname_7948,549,France,Female,18.0,9,75262.02376972024,1,0,1,91599.10390489336,1
7949,57786202,Surname_7949,353,Germany,Female,26.0,0,140333.4197852156,4,0,0,19854.01311804392,1
7950,40657104,Surname_7950,730,Germany,Female,50.0,2,17024.09898015178,4,0,0,13506.178279694632,1
7951,85039164,Surname_7951,571,France,Female,49.0,7,151539.2734424032,1,1,0,105140.3489999276,1
7952,36578797,Surname_7952,780,France,Male,37.0,9,9680.717279179797,2,0,1,16928.566662931848,1
7953,57496890,Surname_7953,794,France,Male,44.0,7,87594.31256487987,3,0,0,27440.399639128682,0
7954,58078606,Surname_7954,352,Germany,Female,52.0,1,135886.7590567882,4,1,1,68988.06839345032,0
7955,42308264,Surname_7955,570,Spain,Male,41.0,5,229164.0115668021,4,1,1,29272.04832860472,1
7956,41864914,Surname_7956,661,Spain,Female,48.0,4,174757.87007904964,3,1,1,56411.77785216723,1
7957,13549210,Surname_7957,490,Germany,,37.0,7,110620.63482755292,4,1,1,115299.2869423572,1
7958,84115559,Surname_7958,744,Spain,Male,43.0,9,49429.50883601274,4,1,1,117645.18762876197,1
7959,28198978,Surname_7959,380,France,Female,45.0,7,45136.78921671851,4,0,0,117991.98945505804,0
7960,58199325,Surname_7960,575,Germany,Female,58.0,0,162642.77539518158,4,0,0,133818.48043084025,1
7961,78252634,Surname_7961,633,Spain,Female,59.0,5,146685.73030623535,1,1,1,72731.16660564423,1
7962,64533850,Surname_7962,819,France,Male,53.0,1,89293.74094144454,1,1,1,60471.046643193506,0
7963,65456006,Surname_7963,726,Germany,Male,37.0,5,157031.58591361356,3,1,0,34495.14694832638,1
7964,83375692,Surname_7964,683,Germany,Female,26.0,5,26177.43820172519,1,0,1,30967.55581623651,1
7965,12237208,Surname_7965,584,France,Female,49.0,9,247321.4576077169,4,1,1,121986.72761851385,1
7966,79239084,Surname_7966,781,France,Male,42.0,0,179183.90824335028,3,0,1,70116.38897636908,0
7967,67491695,Surname_7967,591,Germany,Male,44.0,3,180632.38741251876,2,1,0,39378.73936353203,1
7968,31499625,Surname_7968,826,Germany,Male,22.0,3,236655.59766868738,1,1,0,114443.72578963843,0
7969,42723966,Surname_7969,616,France,Male,58.0,7,41324.51338080906,4,0,0,23558.46801646071,1
7970,99551038,Surname_7970,456,Germany,Female,20.0,1,22252.098490139037,2,1,0,69007.97950730428,0
7971,94027241,Surname_7971,622,Spain,Male,27.0,9,184821.61175518713,4,1,0,142908.57488424866,1
7972,94931154,Surname_7972,667,Spain,Male,31.0,6,205094.90263372462,4,1,0,34975.06433170406,0
7973,79290586,Surname_7973,763,France,Male,21.0,9,17924.135156313165,3,0,1,122280.16587079817,0
7974,65466083,Surname_7974,423,Germany,,36.0,4,98110.76256745568,2,0,0,100016.44599708648,1
7975,87697444,Surname_7975,823,France,Female,53.0,7,168816.9120510477,2,0,1,145162.46609329164,0
7976,21527884,Surname_7976,696,France,Male,36.0,5,44156.49293648841,4,0,1,84939.32319256128,1
7977,43102464,Surname_7977,500,Spain,Female,38.0,8,174754.39740016515,3,1,0,28462.59388783644,1
7978,74544898,Surname_7978,601,Germany,Male,58.0,6,84912.00733506992,4,0,0,14197.234623007978,1
7979,97573653,Surname_7979,673,Germany,Female,34.0,6,186639.04052204275,4,0,0,45765.21933002334,1
7980,90358705,Surname_7980,524,Spain,Female,34.0,5,154981.04000359075,1,0,1,25264.098981348638,1
7981,16885892,Surname_7981,547,Spain,Male,39.0,0,183341.6762324134,4,1,0,43824.498391455236,0
7982,28233319,Surname_7982,435,Germany,Female,21.0,4,79710.86537182287,1,1,0,46370.7424035341,0
7983,80030899,Surname_7983,431,Spain,Male,36.0,2,184359.24324488803,2,0,0,87162.86111761039,0
7984,17068729,Surname_7984,524,Spain,Male,30.0,3,224109.1814496963,3,0,1,148358.00202378744,1
7985,34446922,Surname_7985,461,Germany,Female,57.0,3,26135.224976456928,1,1,1,10274.094787010457,0
7986,34951549,Surname_7986,532,Germany,Male,44.0,4,147834.04290829742,2,0,1,36822.9464607492,1
7987,51794868,Surname_7987,525,Germany,Female,21.0,9,78329.40432241866,2,0,1,92520.016956741,0
7988,86389843,Surname_7988,577,France,Female,18.0,2,10247.405521238152,4,0,0,21151.621809388256,1
7989,37203421,Surname_7989,455,France,Female,25.0,0,80256.29012168307,1,1,0,119717.84791691716,0
7990,64824542,Surname_7990,831,Germany,Male,27.0,0,194837.22963128125,1,1,1,137280.53441240487,1
7991,94301901,Surname_7991,521,France,Female,41.0,5,229134.48193364497,2,1,0,89846.68544457685,1
7992,52640619,Surname_7992,361,Spain,Male,45.0,4,215413.31160791108,4,1,0,41860.42217049794,1
7993,12968169,Surname_7993,699,Germany,Female,40.0,9,5807.127929139705,4,1,1,85165.68652449748,1
7994,76026095,Surname_7994,402,Spain,Female,45.0,6,33746.96330695215,4,1,1,112161.1286414803,1
7995,95591150,Surname_7995,606,Germany,Female,43.0,0,223440.4201602704,2,0,0,43606.08254494781,0
7996,83209485,Surname_7996,528,France,Male,26.0,1,233739.67143327597,2,0,0,124558.56333989449,0
7997,16164889,Surname_7997,521,Germany,Male,34.0,5,199077.3419438282,4,0,0,40967.70034020773,1
7998,70262934,Surname_7998,384,France,Male,29.0,9,57439.46625894791,4,1,1,91212.01357367742,1
7999,79136049,Surname_7999,446,France,Male,41.0,8,143098.52553222582,4,1,1,145823.53091498592,0
8000,72681646,Surname_8000,449,Spain,Male,53.0,4,20877.218918030183,3,1,0,39155.50431657261,1
8001,15953523,Surname_8001,836,Spain,Female,39.0,1,73592.30999957,2,1,0,46229.969796995494,1
8002,61104090,Surname_8002,656,France,Male,45.0,3,220808.85075068194,4,0,0,103076.03046928773,1
8003,33810165,Surname_8003,567,Spain,Male,21.0,3,33301.8597010214,2,1,1,142376.22720378454,0
8004,62034297,Surname_8004,794,Germany,Male,31.0,1,80803.47380520315,3,0,1,112339.40357673068,0
8005,46457611,Surname_8005,394,Spain,Female,24.0,8,188996.82038010206,2,0,1,103912.26246210968,0
8006,34131713,Surname_8006,646,Germany,Male,18.0,7,141590.9594340212,2,1,0,100496.67533596157,0
8007,46565573,Surname_8007,841,Germany,Female,54.0,4,16699.92163260614,3,0,0,109448.77538723362,0
8008,74765465,Surname_8008,652,France,Male,57.0,4,155042.95314483903,2,1,1,50916.16794663561,0
8009,33478192,Surname_8009,568,Germany,Male,54.0,9,62596.63195084339,4,1,1,100792.81858896787,0
8010,55712455,Surname_8010,786,France,Female,29.0,5,93523.27704697564,1,0,0,113724.50924063966,1
8011,97554015,Surname_8011,407,Germany,Female,38.0,2,195435.85614630528,1,1,1,97887.61990509355,0
8012,40979113,Surname_8012,782,France,Female,18.0,8,245208.02320290572,1,1,0,86802.29028045422,1
8013,47655417,Surname_8013,497,Germany,Male,39.0,7,15975.597009491277,1,0,1,60945.576836075765,1
8014,83951375,Surname_8014,443,Spain,Female,27.0,6,173339.89359673942,2,0,0,37309.81485451513,0
8015,72902154,Surname_8015,737,Germany,Male,22.0,6,84737.67815845751,3,1,1,106419.83921180404,0
8016,45273445,Surname_8016,678,France,Male,52.0,4,188282.01434782418,4,0,1,48161.97330416701,0
8017,48075784,Surname_8017,654,Germany,Female,28.0,0,205119.0830415455,3,0,0,120906.69808698566,1
8018,19233378,Surname_8018,761,France,Male,18.0,0,76938.16726408873,1,0,1,105882.61156551648,0
8019,56952149,Surname_8019,734,Spain,Male,45.0,7,43135.32666583733,3,1,0,131619.14757621108,1
8020,17689417,Surname_8020,464,France,Female,55.0,7,115081.47467310126,3,1,1,69373.81903522875,1
8021,53957996,Surname_8021,463,France,Male,25.0,1,10489.243842912194,2,0,1,96536.77481134044,0
8022,74344283,Surname_8022,665,Spain,Female,21.0,9,104246.52706043072,1,1,0,65735.85630612602,0
8023,62115626,Surname_8023,508,Germany,Male,56.0,6,176216.18393061074,3,0,0,143174.87635851567,0
8024,68739750,Surname_8024,769,France,Male,18.0,8,154046.50196315473,1,0,0,60058.38668650324,1
8025,86505945,Surname_8025,729,Germany,Female,44.0,7,58689.65454505789,3,0,1,12174.99208423795,1
8026,68888641,Surname_8026,659,France,Male,28.0,2,52755.4740072157,2,0,0,85570.26253857861,1
8027,90550132,Surname_8027,643,Germany,Female,31.0,2,22420.563433568685,2,0,1,66330.40669539355,0
8028,44144673,Surname_8028,584,Germany,Female,41.0,3,155.68410182312255,3,0,0,90260.971264835,0
8029,10156771,Surname_8029,714,Germany,Male,45.0,6,87404.34043174406,1,0,1,15936.472958319788,1
8030,67769195,Surname_8030,782,France,Female,34.0,3,134945.68567841983,1,0,1,70107.96272885057,1
8031,58202266,Surname_8031,659,Spain,Female,48.0,4,183186.10983630462,1,1,1,31289.18571716659,1
8032,65619791,Surname_8032,723,France,Female,40.0,2,30482.0355515929,2,0,1,89407.94683507524,0
8033,39126960,Surname_8033,581,Spain,Male,55.0,3,143665.65422403847,2,0,0,27464.01361096747,0
8034,93536158,Surname_8034,614,Germany,Male,54.0,6,48528.10575022651,3,0,0,110956.09365947991,0
8035,91796789,Surname_8035,679,Spain,Female,53.0,7,77389.17896051581,4,0,0,133243.10972954068,0
8036,52779534,Surname_8036,573,Spain,Male,55.0,7,148697.8743986553,1,1,1,53495.38519073705,0
8037,76298728,Surname_8037,459,Spain,Female,34.0,9,163526.9491523679,1,1,1,102538.84562883872,0
8038,27616200,Surname_8038,677,France,Male,41.0,4,218752.90166902178,3,0,1,108526.77759324916,0
8039,29980891,Surname_8039,422,Spain,,37.0,9,47730.641402536465,3,0,1,99111.20563704833,0
8040,43918686,Surname_8040,659,Germany,Male,51.0,5,228515.97814689885,2,0,0,48920.68421695532,0
8041,99164202,Surname_8041,592,Spain,Female,53.0,3,70828.59121617272,4,1,1,67249.49143532295,1
8042,39902978,Surname_8042,755,Germany,Female,37.0,2,175380.52772375187,1,1,0,99788.73255167948,1
8043,42935407,Surname_8043,692,Spain,Male,57.0,3,169418.19288157384,1,1,1,10880.601379080475,1
8044,98234580,Surname_8044,560,Spain,Male,27.0,8,214750.4345478084,3,1,0,140012.87181729462,1
8045,83473171,Surname_8045,837,Spain,Male,20.0,2,195184.1789028233,2,1,0,35029.13524612898,0
8046,80058448,Surname_8046,693,Germany,Female,50.0,9,14029.609219764372,2,0,0,120046.81372757956,1
8047,88518014,Surname_8047,366,Germany,Male,43.0,5,33388.61184014608,3,1,0,56344.461374828614,1
8048,97715969,Surname_8048,389,Spain,Male,43.0,4,6914.010559568751,1,0,0,11856.6831081719,0
8049,91222205,Surname_8049,769,France,Male,39.0,6,224918.46816160547,1,0,0,143385.36176422646,1
8050,96152749,Surname_8050,457,Spain,Female,21.0,6,87929.63455020597,2,1,0,45278.71917694601,1
8051,34180624,Surname_8051,771,Spain,Male,43.0,8,232377.88648093588,1,1,1,73628.39560118638,1
8052,38511009,Surname_8052,365,Germany,Male,41.0,8,5662.320780217167,1,1,1,43867.13541274973,0
8053,83852743,Surname_8053,494,Spain,Male,18.0,5,238721.48658595292,4,0,0,134365.9988891856,0
8054,89924927,Surname_8054,407,Germany,Female,27.0,2,72082.18328868157,2,0,1,64919.8719490143,1
8055,66422876,Surname_8055,497,France,Female,44.0,2,113143.07696964899,2,0,1,79811.94559003242,1
8056,58383054,Surname_8056,744,Germany,Female,46.0,0,157272.07158038893,4,0,0,29444.471914987716,1
8057,18529402,Surname_8057,388,Spain,Male,42.0,5,87785.65759829288,1,1,0,70233.81762669372,0
8058,89091423,Surname_8058,697,Germany,Female,27.0,8,193403.5404327757,1,1,1,130786.96929527896,1
8059,15423598,Surname_8059,772,Spain,Male,57.0,5,4570.944812819389,4,1,0,24996.28369653789,1
8060,75948576,Surname_8060,422,Germany,Female,49.0,3,13018.100111807318,1,1,1,57150.90997261323,1
8061,61906880,Surname_8061,706,France,Female,34.0,1,37655.63006840656,4,1,0,31088.21999774789,0
8062,48584820,Surname_8062,431,Germany,Female,39.0,1,234612.78518583794,4,1,0,89500.8609950641,1
8063,53047921,Surname_8063,624,Germany,Female,42.0,2,119172.70490987846,2,0,1,56609.12986938876,1
8064,76446386,Surname_8064,376,France,Male,43.0,1,209356.98057220713,3,0,1,106378.64798925818,1
8065,69542670,Surname_8065,840,Spain,Female,31.0,5,113277.04028592873,1,1,0,55314.88074975128,0
8066,68323189,Surname_8066,423,Spain,Female,34.0,5,86799.06614177888,2,0,0,99764.83009030033,1
8067,52183584,Surname_8067,447,France,Male,31.0,3,122047.15493197582,1,1,0,121518.61002138421,1
8068,83120735,Surname_8068,645,France,Female,46.0,9,199294.4444051623,2,1,1,73763.71006927689,0
8069,16294305,Surname_8069,700,Spain,Male,25.0,4,235764.92043508857,3,0,1,117365.16497397717,1
8070,82088580,Surname_8070,720,France,Male,42.0,1,171552.8902178631,4,0,0,50542.10285502669,0
8071,10791660,Surname_8071,564,Germany,Female,59.0,8,92297.29085357339,1,0,0,139944.05082126224,1
8072,74682744,Surname_8072,549,Spain,Female,55.0,8,106645.44017743308,3,0,0,44058.81694446784,1
8073,24321028,Surname_8073,769,Spain,Male,57.0,0,204155.73620207948,1,0,1,76534.33795537845,0
8074,18058095,Surname_8074,600,Germany,Male,39.0,9,140879.0605447321,1,0,0,137445.29169776302,0
8075,99350040,Surname_8075,680,Spain,Female,50.0,2,17071.337391548062,3,1,0,92906.32051850542,0
8076,17642048,Surname_8076,837,Spain,Female,21.0,9,8995.458326994194,1,0,0,76477.4484745664,1
8077,42609443,Surname_8077,409,Germany,Male,54.0,2,199533.38704954283,3,0,0,74191.56748872926,1
8078,60519711,Surname_8078,712,France,Female,38.0,6,150609.25849691054,2,0,1,99838.07612379051,0
8079,39148212,Surname_8079,567,Germany,Female,39.0,7,206637.12456028088,3,1,1,78831.72513443149,1
8080,64343887,Surname_8080,351,Germany,Male,35.0,1,239000.4486492233,1,0,0,73703.4312250666,0
8081,91064864,Surname_8081,590,Germany,Female,22.0,5,41979.10501753435,2,0,0,19173.48936314361,0
8082,74253154,Surname_8082,591,Germany,Male,47.0,6,147132.31103598844,4,0,0,121204.3964705052,1
8083,59114794,Surname_8083,762,Spain,Male,33.0,2,95373.03626671937,2,0,0,112111.2509058362,0
8084,19408915,Surname_8084,444,Spain,Male,38.0,1,232162.24033125167,4,1,1,102625.7641193275,1
8085,69021444,Surname_8085,500,Germany,Male,47.0,6,169135.11684112484,4,1,0,34951.701866748845,0
8086,15554057,Surname_8086,500,France,,54.0,3,222512.59824723558,4,0,0,102841.31661341984,0
8087,67224090,Surname_8087,395,France,Female,28.0,5,197845.6533766483,2,1,0,103966.6224456973,1
8088,14747157,Surname_8088,487,France,Female,37.0,1,105102.38213662588,2,1,1,80241.1490868766,0
8089,56635718,Surname_8089,793,Spain,Male,34.0,9,19366.104272518252,3,0,1,79165.40320913077,0
8090,22293404,Surname_8090,570,Spain,Female,31.0,3,214702.392316511,2,0,1,140614.46585648268,1
8091,38941013,Surname_8091,800,Spain,Male,49.0,3,17091.248158943003,2,1,1,124959.9505488684,0
8092,44890515,Surname_8092,639,France,Male,21.0,2,46257.30818264262,3,1,0,76523.14802979016,1
8093,38859841,Surname_8093,540,Germany,Male,51.0,3,225963.46335031439,3,1,1,82969.0304879259,1
8094,21818176,Surname_8094,402,Spain,Male,24.0,7,2652.08028387548,1,1,0,59677.55946327018,1
8095,12619501,Surname_8095,375,Spain,Female,28.0,3,98465.20631856818,2,1,0,57341.023789875166,0
8096,77587871,Surname_8096,550,Germany,Female,48.0,5,55369.85207204095,2,0,1,141866.3259656016,1
8097,99973947,Surname_8097,800,Spain,Female,32.0,0,51215.02086592433,3,1,1,146364.18146813262,1
8098,81976207,Surname_8098,697,Germany,Female,24.0,8,12477.961304109802,4,0,1,69084.28286661411,0
8099,99889738,Surname_8099,688,Germany,Female,21.0,1,127349.81619918448,2,1,1,107471.30601937871,0
8100,40779804,Surname_8100,356,France,Female,23.0,4,127472.97544448386,3,0,0,44748.514188287336,0
8101,32518658,Surname_8101,469,Germany,Male,45.0,8,119009.27712384965,4,1,0,146210.53685276888,1
8102,88824326,Surname_8102,722,Germany,Male,52.0,0,218431.79188271004,2,1,0,129711.43909667908,1
8103,14713478,Surname_8103,597,Germany,Female,23.0,3,35555.497315017616,3,1,1,146761.91972672593,1
8104,16846982,Surname_8104,513,France,Male,28.0,3,239393.89169103993,3,0,1,70129.93619514207,1
8105,42822056,Surname_8105,708,France,Female,41.0,9,187672.62130595738,4,0,0,79240.70394025455,0
8106,38845117,Surname_8106,643,France,Female,34.0,4,215647.375743312,3,1,0,130051.44880424334,1
8107,44961433,Surname_8107,836,Germany,Male,50.0,4,132777.34562484815,2,1,1,42029.39062057297,1
8108,77054123,Surname_8108,646,Spain,Female,36.0,3,111302.04806930257,4,0,1,15086.273053926812,1
8109,13732673,Surname_8109,509,Spain,Male,44.0,1,99528.62831526452,2,1,1,48197.89142002032,1
8110,99375894,Surname_8110,802,Germany,Male,23.0,7,75578.72117693984,4,0,0,51432.58565290185,0
8111,37609076,Surname_8111,498,France,,32.0,5,53624.34863773135,3,1,0,14504.186180295746,0
8112,28737865,Surname_8112,392,France,Female,23.0,5,5434.3845143480785,1,0,1,43404.894718900185,1
8113,10894893,Surname_8113,396,France,Male,54.0,3,120823.32062788475,4,1,1,124628.52305473309,1
8114,69310381,Surname_8114,666,France,Female,56.0,6,44232.51074690146,4,0,1,35832.609172319666,0
8115,93458060,Surname_8115,815,Spain,Male,55.0,1,170602.77738620024,3,0,1,41326.411864687936,0
8116,39305533,Surname_8116,407,France,Female,48.0,3,36044.271494308,2,0,1,136275.16679863998,0
8117,34682945,Surname_8117,785,Germany,Male,23.0,7,247424.5201510633,4,1,0,136767.33355036384,0
8118,49566868,Surname_8118,379,Spain,Male,54.0,3,48498.22594238856,4,1,0,132615.91526200288,0
8119,35156680,Surname_8119,565,France,Female,42.0,1,112176.66425112307,3,0,1,110716.39221463232,0
8120,44799976,Surname_8120,658,Germany,Female,37.0,9,203724.9820083739,4,1,1,63022.73657797926,0
8121,27990537,Surname_8121,496,France,Female,40.0,6,132390.9083189562,3,0,0,90351.01862563161,0
8122,90803155,Surname_8122,571,Spain,Male,22.0,2,246188.69387573766,2,0,1,63309.836878359056,1
8123,18926640,Surname_8123,831,France,Female,35.0,2,121260.92010588036,3,1,1,43171.90965398894,1
8124,41444883,Surname_8124,751,Germany,Female,37.0,9,171205.45514856683,3,0,1,126570.3874308302,1
8125,81730133,Surname_8125,472,Germany,Male,39.0,8,128324.55696791575,2,1,0,134041.2964949106,0
8126,29595826,Surname_8126,515,France,Male,39.0,7,28597.906826012655,3,1,1,139404.84673364373,0
8127,63816453,Surname_8127,397,France,Female,21.0,7,165718.82238355564,2,1,0,115615.92591412674,1
8128,17924730,Surname_8128,657,France,Female,27.0,5,162424.77619151177,3,1,1,108300.06763611436,0
8129,26219611,Surname_8129,774,France,Male,36.0,9,62706.59235075063,1,1,0,50887.34653365454,1
8130,45813365,Surname_8130,813,Spain,Male,57.0,4,73419.19637138574,4,0,1,60560.606007880815,0
8131,19957295,Surname_8131,468,France,Female,27.0,7,74551.07836684318,1,1,0,69713.61157443734,1
8132,10791491,Surname_8132,632,Spain,Female,56.0,9,185303.647366511,2,1,1,115433.82950825992,1
8133,64928786,Surname_8133,586,Spain,Male,40.0,6,238428.53349670995,1,1,1,107375.48357561101,1
8134,50550759,Surname_8134,697,Spain,Female,33.0,9,167693.0374238525,2,0,0,34685.743204070124,1
8135,82121322,Surname_8135,397,France,Female,49.0,9,56668.84785240442,1,0,0,62726.02780723799,1
8136,81206317,Surname_8136,641,France,Female,45.0,9,122100.41284783147,1,0,0,129383.17179430045,1
8137,17572328,Surname_8137,464,France,Male,59.0,9,151484.57941793837,1,0,0,54992.15506586303,1
8138,10614228,Surname_8138,447,France,Male,20.0,6,137630.6913254644,3,0,0,124781.06392662557,1
8139,94656747,Surname_8139,494,France,Female,30.0,6,214414.77693857715,2,1,0,111824.1248260101,1
8140,76738814,Surname_8140,812,Spain,Female,42.0,1,54138.32328878992,4,0,0,83938.65452523038,1
8141,51521095,Surname_8141,636,Spain,Male,31.0,7,130495.74005709589,3,1,1,77591.83075400036,1
8142,67542009,Surname_8142,686,Germany,Male,56.0,7,170251.27632206902,2,0,1,78085.26095371021,1
8143,29884411,Surname_8143,401,France,Female,30.0,9,172899.30206012644,1,0,0,89206.54012736639,1
8144,92449260,Surname_8144,426,France,Male,20.0,8,140353.1147600356,1,0,0,76686.3913362546,1
8145,69852092,Surname_8145,665,Germany,Female,42.0,5,130098.76432450557,1,1,0,145499.72585862412,1
8146,62896598,Surname_8146,634,France,Male,48.0,4,143254.67768250647,4,1,0,38233.052295800546,0
8147,93959439,Surname_8147,438,France,Male,45.0,5,152604.43332534825,4,0,1,19050.530389769294,1
8148,63625234,Surname_8148,658,Spain,Male,46.0,2,170405.4375255896,2,0,0,50324.87296418802,0
8149,38240439,Surname_8149,681,France,,56.0,5,18497.34661315122,4,1,0,62326.93355701731,1
8150,33157045,Surname_8150,723,Germany,Male,47.0,0,31891.368272053856,2,0,1,146830.9490758946,0
8151,70321071,Surname_8151,390,Spain,Male,51.0,2,64687.06839319083,3,1,0,103202.73704247132,0
8152,77701784,Surname_8152,442,France,Female,43.0,4,212853.44883291415,4,0,1,25876.21024796858,1
8153,73104167,Surname_8153,688,France,Female,31.0,4,119212.4458460343,1,1,0,130862.79549651724,1
8154,70340615,Surname_8154,571,Germany,Female,50.0,9,14621.170190920408,3,1,0,67723.67568007203,1
8155,56767858,Surname_8155,838,France,Male,26.0,3,43631.18286675427,4,1,1,11848.661275126882,1
8156,90884081,Surname_8156,703,Germany,Female,49.0,3,121435.88400134046,4,0,0,45253.282732662374,1
8157,52092003,Surname_8157,804,France,Female,56.0,0,222222.37435312642,3,1,1,58187.44958100446,1
8158,47653327,Surname_8158,360,France,Female,24.0,6,140360.94560860956,4,0,0,102875.6315530922,1
8159,43706155,Surname_8159,794,France,Male,59.0,0,92507.33060516478,4,1,0,40830.34969624051,1
8160,35834481,Surname_8160,774,France,Male,42.0,6,48410.30149011316,3,1,0,142493.60835991465,1
8161,80283432,Surname_8161,797,France,Male,56.0,4,74257.20143555023,4,1,1,69455.75381095347,1
8162,61557530,Surname_8162,481,Spain,Female,57.0,9,237051.02076310315,4,1,1,24893.49294297236,1
8163,75214137,Surname_8163,508,France,Male,41.0,3,20832.02947409754,1,0,1,63126.85624315611,1
8164,71981525,Surname_8164,655,Germany,,34.0,2,193880.86549377587,4,0,0,14926.65860598645,1
8165,46988987,Surname_8165,592,Spain,Female,39.0,1,116753.79774319574,4,1,0,30532.01468963446,1
8166,80715501,Surname_8166,525,Germany,Male,25.0,3,131726.83042920346,4,1,1,143720.48576455328,1
8167,61564262,Surname_8167,670,Spain,Male,51.0,8,195489.8343244005,3,1,1,113016.09483208995,1
8168,26198540,Surname_8168,842,Germany,Male,59.0,3,228732.67060347422,1,0,1,62251.81079313682,1
8169,29739111,Surname_8169,522,Germany,Male,52.0,4,210780.81418903143,1,0,0,140485.1493934634,0
8170,78890527,Surname_8170,494,Spain,Male,55.0,6,6978.514435275002,4,0,0,113934.96742753354,0
8171,79396669,Surname_8171,415,Germany,Female,54.0,5,181233.3159070325,4,0,0,55183.03060110429,0
8172,18025355,Surname_8172,406,Germany,Female,26.0,6,141282.90732559995,1,1,0,34312.33231203491,1
8173,90310346,Surname_8173,640,Germany,Female,20.0,0,38809.136633430106,2,0,1,25281.196415157545,1
8174,88521545,Surname_8174,411,France,Male,53.0,9,70021.72488887087,1,1,1,120942.83535039952,1
8175,58834905,Surname_8175,490,Germany,Female,52.0,3,201802.2522904865,4,1,1,87775.1779350933,0
8176,22615503,Surname_8176,649,France,,19.0,1,221256.69208752122,2,1,1,147331.76491160865,1
8177,16027922,Surname_8177,418,Spain,Female,28.0,7,198750.57571605523,1,1,1,93373.02156939068,1
8178,19661124,Surname_8178,697,France,,33.0,1,231897.11849309894,4,0,1,41411.48384512728,1
8179,81326515,Surname_8179,712,France,Male,41.0,4,187426.21176165927,2,1,0,55085.75911479765,0
8180,35229254,Surname_8180,781,France,Female,41.0,9,142058.27880623908,2,0,1,114061.2533122025,0
8181,53782883,Surname_8181,482,Germany,Male,55.0,6,89379.39199928122,2,0,0,33312.65921490265,0
8182,67257720,Surname_8182,801,Germany,Female,43.0,1,69804.01712624992,1,0,0,38762.58246080515,0
8183,41568376,Surname_8183,610,Spain,Female,36.0,9,41446.07030930669,1,1,1,91865.23330821455,0
8184,34479678,Surname_8184,458,Germany,Male,40.0,1,168833.62378329303,1,1,1,76400.40735937722,0
8185,25363791,Surname_8185,417,France,Male,53.0,2,112172.42337165367,1,0,0,11533.726615386215,1
8186,55548439,Surname_8186,818,Germany,Female,44.0,6,22703.220731784048,4,0,1,13181.41792157596,0
8187,12861247,Surname_8187,373,Germany,Female,30.0,8,39548.26258461949,1,1,0,52542.97614695031,0
8188,17540643,Surname_8188,747,France,Female,23.0,2,22334.66977467208,4,0,0,118501.20164741192,0
8189,34438441,Surname_8189,631,Germany,,30.0,5,77224.13138918238,1,0,0,74019.20614309545,1
8190,53207784,Surname_8190,687,France,Female,42.0,5,143391.96117108446,2,0,1,144589.36732114194,1
8191,94856631,Surname_8191,664,Germany,Male,28.0,0,219820.21598261158,2,0,0,137320.18468725996,1
8192,11358179,Surname_8192,785,Spain,Female,48.0,5,162815.76010110066,2,0,0,48203.27282583989,1
8193,33504384,Surname_8193,644,France,Female,40.0,5,11663.555601273856,1,0,0,129573.023973088,1
8194,93994618,Surname_8194,644,Spain,Female,49.0,8,16336.344877585867,1,0,1,87795.376218677,1
8195,75119110,Surname_8195,503,France,Female,23.0,6,160073.57775971762,1,0,1,128707.43085574426,0
8196,76287832,Surname_8196,484,Spain,Female,45.0,6,49278.243231330845,1,1,0,95423.17313692131,0
8197,30985132,Surname_8197,663,Spain,Male,31.0,5,249748.85963597576,3,0,1,92826.1116826897,0
8198,70269413,Surname_8198,364,Spain,Male,32.0,7,37144.363951034626,3,0,1,130915.75700204079,1
8199,75462139,Surname_8199,533,Germany,Male,25.0,9,158779.14608456005,2,0,0,39469.52169701448,0
8200,50310458,Surname_8200,722,France,Male,23.0,9,214188.12691356178,3,1,0,30126.445255329076,0
8201,87414305,Surname_8201,613,Germany,Female,51.0,1,181298.18672242793,2,1,0,13850.166852251377,1
8202,47025991,Surname_8202,608,Spain,Male,20.0,3,39790.06064879276,1,0,0,99723.63393981116,0
8203,88072042,Surname_8203,822,Spain,Male,26.0,6,236013.01953151997,3,1,0,109198.29003671522,1
8204,90277424,Surname_8204,808,Germany,Female,35.0,6,102925.84530104687,4,1,0,38131.827167926574,0
8205,79759361,Surname_8205,451,France,Male,40.0,7,148384.37201918082,2,1,0,85009.95102016823,1
8206,36560690,Surname_8206,696,Spain,Male,18.0,1,238375.5244413978,1,0,1,131701.2363003098,0
8207,70689540,Surname_8207,765,France,Female,39.0,1,203823.52303850933,2,1,1,43370.53332841469,0
8208,63312882,Surname_8208,654,France,Female,52.0,4,125944.0043864913,4,1,0,19898.867506623224,0
8209,27634561,Surname_8209,775,Germany,Female,23.0,3,21698.972178821274,4,0,1,45848.13001019716,0
8210,62662463,Surname_8210,565,Germany,Male,20.0,3,113234.52042809982,1,0,0,79686.7412174053,0
8211,19402468,Surname_8211,532,Spain,Male,33.0,4,159368.8470727806,4,1,1,31900.95523006884,1
8212,97734422,Surname_8212,545,Spain,Male,39.0,2,21291.856594735313,2,1,0,63987.22492240807,0
8213,55489357,Surname_8213,734,Spain,Male,31.0,2,174381.929233453,3,1,0,15104.815639572282,0
8214,31937254,Surname_8214,693,Germany,Male,48.0,1,67308.27733617503,3,1,0,98389.44941851888,0
8215,70042716,Surname_8215,602,France,Female,57.0,2,210395.25655537564,4,1,1,89006.60073786684,0
8216,97839656,Surname_8216,734,France,Male,58.0,6,80895.29595203287,4,1,1,102163.72734022648,1
8217,99513568,Surname_8217,821,France,Female,20.0,7,122542.13045670214,4,0,1,106142.90072978858,0
8218,44873742,Surname_8218,613,Germany,Female,48.0,9,163006.0217514417,3,1,1,136639.80132006697,0
8219,58506374,Surname_8219,790,Spain,Male,48.0,9,165514.73962774288,1,0,0,46983.669633295554,1
8220,46725323,Surname_8220,447,Germany,Female,27.0,0,97777.95928062602,2,0,1,88874.2286246627,1
8221,34925033,Surname_8221,687,France,Female,19.0,5,83407.2726502027,2,0,0,54386.348261269,1
8222,36970427,Surname_8222,679,Spain,Male,43.0,9,49082.142673958464,3,1,0,71084.60241569887,0
8223,90725348,Surname_8223,538,France,Male,38.0,3,239518.83122756588,1,1,0,84947.86684633969,1
8224,81476904,Surname_8224,436,France,Female,22.0,1,40452.27924752029,4,0,0,26229.85651479994,1
8225,24846646,Surname_8225,415,Germany,Female,35.0,2,26669.131705759908,2,0,1,97415.259658097,1
8226,69079982,Surname_8226,754,Spain,Male,31.0,1,91035.19955439359,3,1,0,136553.5845949364,1
8227,99064677,Surname_8227,773,France,Male,44.0,7,134108.7065221885,2,0,0,48492.70053952858,1
8228,96388982,Surname_8228,753,France,Female,40.0,0,23380.779267902828,3,0,0,57183.337776951405,0
8229,23788021,Surname_8229,519,France,Male,26.0,9,112960.80923435862,4,1,0,13795.750204757987,0
8230,47529344,Surname_8230,751,France,Female,20.0,4,105953.3062458568,1,1,0,47894.3108470016,1
8231,65482406,Surname_8231,673,Spain,Female,19.0,5,139486.42309231331,3,0,0,133569.3223138898,1
8232,80159890,Surname_8232,653,France,Female,59.0,1,174347.14015601805,2,0,1,110109.1024255561,0
8233,11657385,Surname_8233,438,Spain,Male,20.0,2,21188.72996260651,4,0,0,75038.10149411438,0
8234,88729931,Surname_8234,557,Spain,Male,38.0,0,122464.50335604983,4,1,1,108645.80519367465,1
8235,72473237,Surname_8235,591,France,Female,57.0,1,221742.02131861346,1,0,0,112624.55879837755,0
8236,16060422,Surname_8236,369,Spain,Male,51.0,7,153758.93897867278,2,1,1,130467.30100852766,0
8237,77157101,Surname_8237,605,Spain,Male,18.0,3,218948.8690011517,2,1,1,41957.43580321378,0
8238,32535038,Surname_8238,787,Germany,Female,56.0,9,135775.542195792,4,1,1,37668.91258831882,1
8239,60291240,Surname_8239,422,Spain,Female,51.0,9,132694.87279033993,4,0,1,133846.6327688011,1
8240,76571305,Surname_8240,559,Germany,,29.0,6,58439.411238842775,4,0,1,125959.36291737693,0
8241,61733956,Surname_8241,634,Spain,Female,38.0,0,85520.9124234905,4,0,1,38611.177669120334,1
8242,62177895,Surname_8242,661,France,Male,29.0,6,212180.41576637002,2,1,0,62812.20897632992,1
8243,28340255,Surname_8243,580,France,Female,29.0,2,107094.52033408046,3,0,1,93480.197182686,1
8244,67954695,Surname_8244,611,France,Male,50.0,5,183712.73578113457,2,0,0,128926.25006667267,1
8245,60133996,Surname_8245,741,Germany,Male,56.0,4,172566.21976176495,2,0,1,81977.21054934894,0
8246,53762168,Surname_8246,755,Spain,Female,57.0,5,78397.25551905402,4,0,1,128481.87885354077,0
8247,51767524,Surname_8247,397,France,Male,53.0,7,194621.4523197634,2,1,1,71197.61223584175,1
8248,51617180,Surname_8248,479,Spain,Male,26.0,4,69631.21002021599,1,1,0,96610.41693458927,1
8249,60612705,Surname_8249,667,France,Female,41.0,8,70090.6859901263,2,1,1,35721.04802099825,0
8250,17984528,Surname_8250,458,Spain,Male,24.0,7,70075.27381822992,4,0,0,120328.70144445027,1
8251,53256056,Surname_8251,352,France,Male,33.0,1,117107.13897236594,2,1,1,81957.43613239485,0
8252,22425147,Surname_8252,739,France,Female,29.0,2,74813.80748554911,4,0,1,38882.09328504748,1
8253,73101258,Surname_8253,646,Germany,Male,36.0,1,116207.26534533832,4,1,0,64210.98145582128,0
8254,25633289,Surname_8254,585,France,Male,51.0,9,175101.17803680446,1,0,1,30834.53368669426,1
8255,55238985,Surname_8255,565,France,Male,29.0,2,230264.1092727055,3,0,0,71559.06965552342,1
8256,40879833,Surname_8256,460,Spain,Female,56.0,3,90378.75184649586,3,0,1,64506.84968520728,1
8257,18757821,Surname_8257,765,Germany,Male,35.0,0,242456.36471275773,4,1,0,43811.89270121827,1
8258,97394603,Surname_8258,461,Spain,Male,19.0,5,8615.27503069065,1,0,0,135909.43913761288,0
8259,59414992,Surname_8259,848,Spain,Male,25.0,7,67314.34147390092,3,1,1,28014.43354615247,0
8260,14559831,Surname_8260,459,Germany,Female,32.0,1,143829.91635346963,2,0,0,121958.47986930884,0
8261,88289935,Surname_8261,561,France,Male,26.0,0,159813.17947995517,4,1,0,148671.79984822538,0
8262,15161254,Surname_8262,433,France,Male,47.0,8,155952.91972294153,2,0,1,136826.5665423136,1
8263,73900098,Surname_8263,638,Germany,Female,48.0,6,106786.18856642736,1,0,0,141580.18869610963,1
8264,71939838,Surname_8264,826,Germany,Male,59.0,6,148547.1528308286,2,0,0,83134.23734200212,0
8265,28816018,Surname_8265,577,Spain,,49.0,2,231012.93190835064,3,1,0,110824.26907847078,0
8266,61383208,Surname_8266,355,France,Male,23.0,7,174490.47793579727,4,0,0,74508.68891290191,0
8267,25183254,Surname_8267,697,Spain,Female,25.0,9,138125.09678700526,4,0,0,17127.219217578713,1
8268,81204569,Surname_8268,688,Germany,Female,57.0,5,224357.06078594452,3,1,0,19422.438132550058,1
8269,85771129,Surname_8269,597,Spain,Male,27.0,9,87278.75169105011,3,1,1,70605.5398314071,1
8270,25044232,Surname_8270,633,Spain,Male,42.0,8,20063.81147521244,1,0,1,130547.13352346481,1
8271,52464537,Surname_8271,843,Spain,Male,54.0,9,214592.67947719406,1,0,0,56849.62949368342,1
8272,89817573,Surname_8272,764,Germany,Male,51.0,1,234141.25447965128,3,1,0,126287.86334272445,0
8273,68916039,Surname_8273,773,Spain,Female,53.0,2,9360.703114138003,1,1,1,89591.79150496027,0
8274,20352716,Surname_8274,678,Spain,Male,27.0,1,163781.71452453602,4,1,1,149445.15030728473,0
8275,88160530,Surname_8275,514,Germany,,25.0,1,234454.22979587846,1,1,0,138457.1581180328,0
8276,20315374,Surname_8276,356,France,Female,47.0,0,45733.216577034465,2,0,1,63563.50477721284,0
8277,47043979,Surname_8277,668,Spain,Male,50.0,5,172419.5471784866,4,1,1,82385.61976295011,1
8278,60700490,Surname_8278,718,France,Female,43.0,8,206027.6134094089,1,1,1,52299.952369335355,1
8279,22546831,Surname_8279,821,Spain,Male,45.0,0,133485.0828626637,3,0,0,102175.15832514467,1
8280,28788022,Surname_8280,399,Spain,Female,26.0,4,75437.889636349,4,0,1,54518.933480507156,1
8281,51570916,Surname_8281,524,France,Male,19.0,2,243285.5064066783,1,1,0,74978.3098814479,0
8282,12988161,Surname_8282,377,France,Female,43.0,6,46824.416911715874,1,1,1,131766.52063385138,0
8283,88554464,Surname_8283,785,Germany,Female,39.0,1,37643.4357092936,3,1,1,132306.10794641107,1
8284,82252845,Surname_8284,694,France,Female,20.0,6,65358.59723340773,1,1,0,48616.14482688356,1
8285,28431564,Surname_8285,460,Spain,Female,22.0,4,242968.60136891672,4,1,0,35520.91284100876,0
8286,60021420,Surname_8286,727,Spain,Female,35.0,4,216966.50187372905,3,0,1,19525.177003096465,0
8287,32795902,Surname_8287,746,Germany,Male,21.0,3,7648.53938354687,2,0,0,95896.52498426134,1
8288,83822725,Surname_8288,554,France,Male,57.0,1,89723.47728231417,4,0,1,86851.40501214865,1
8289,64999623,Surname_8289,571,Spain,Male,35.0,2,8163.50028287971,1,0,1,51543.457970587326,0
8290,63342758,Surname_8290,795,Germany,Female,43.0,5,171439.10320261767,3,1,0,54322.85222731591,0
8291,43657920,Surname_8291,537,Spain,Male,33.0,8,89922.07706745742,4,1,0,128841.6666518951,0
8292,25811494,Surname_8292,779,Spain,Male,38.0,5,58921.136673399546,2,0,0,52098.46812913202,1
8293,38508283,Surname_8293,382,Spain,Male,22.0,7,58256.91798875526,4,0,1,11133.258523174864,0
8294,96836165,Surname_8294,713,Spain,Male,36.0,8,6927.418266718693,1,0,1,27136.2859086563,0
8295,34115040,Surname_8295,410,Spain,Male,25.0,1,61600.68220982734,1,0,0,49594.628032852896,0
8296,76760355,Surname_8296,454,Germany,Female,47.0,4,209418.81792455888,3,1,1,98868.08050631585,0
8297,66109764,Surname_8297,528,France,Female,35.0,8,103758.69926182085,1,0,1,10474.62085498666,0
8298,47800420,Surname_8298,373,Germany,Female,39.0,1,206502.1718109743,4,0,1,91182.37194555928,0
8299,60811753,Surname_8299,460,Spain,Female,54.0,8,160805.3156348589,2,0,0,27126.708024209474,1
8300,29189669,Surname_8300,449,France,Female,48.0,2,241585.93142692573,1,0,1,123783.1415290582,1
8301,40779969,Surname_8301,802,France,Male,42.0,6,116034.16272881562,2,0,1,43291.19590517813,0
8302,15921024,Surname_8302,483,Spain,Female,41.0,9,2958.037061380564,2,1,0,71162.80863220419,0
8303,19377069,Surname_8303,371,France,Female,41.0,5,16645.81816287253,4,0,0,125282.21073904616,0
8304,74122174,Surname_8304,534,Spain,Male,54.0,9,111606.32883983468,2,0,1,20927.06525249679,1
8305,38195646,Surname_8305,800,Spain,Male,43.0,6,240719.88709975942,2,0,0,15778.85049962959,1
8306,80592229,Surname_8306,388,Germany,Male,42.0,1,194039.12617675672,3,0,0,36975.418175978055,0
8307,93691554,Surname_8307,376,Spain,Male,19.0,8,7523.509873921169,1,1,0,140626.7154437519,1
8308,34455440,Surname_8308,720,Spain,Female,56.0,9,183558.82106762854,1,1,0,34516.55492618637,0
8309,94799757,Surname_8309,446,Spain,Female,58.0,1,118733.41325724768,2,1,1,69055.08827796378,1
8310,28861848,Surname_8310,448,Germany,Male,46.0,2,162232.98362355205,1,1,1,82142.07875634861,0
8311,62817234,Surname_8311,757,France,Female,40.0,1,159865.28305680846,3,0,1,121875.06953293305,1
8312,15916340,Surname_8312,695,Germany,Female,57.0,6,111285.11572772138,2,0,0,98857.25508508903,0
8313,23939357,Surname_8313,494,France,Female,18.0,8,84091.95182896826,2,0,1,77315.44034653092,0
8314,31263767,Surname_8314,720,Germany,Male,47.0,0,100993.21627064858,3,0,1,138988.515103768,0
8315,34331133,Surname_8315,412,Spain,Male,37.0,7,163156.77538313507,3,0,0,60972.75065556698,1
8316,78285187,Surname_8316,583,Spain,Male,20.0,0,151079.38405938938,4,0,1,37235.01453588979,1
8317,20394987,Surname_8317,676,Spain,Female,51.0,7,9253.834844091896,3,1,0,138299.8600659168,0
8318,85909464,Surname_8318,763,France,Male,22.0,3,221244.84621045043,1,0,0,135527.8490071175,1
8319,70765846,Surname_8319,446,France,Male,18.0,7,49411.45121426629,4,1,0,69723.62050691096,1
8320,63793217,Surname_8320,497,Spain,,26.0,3,10415.133987735386,4,0,0,60355.614170442146,1
8321,75081550,Surname_8321,483,Germany,Female,55.0,1,52163.708672460285,3,0,1,63118.03228512359,0
8322,35323496,Surname_8322,426,France,Female,40.0,7,207995.72652496977,4,0,0,131217.6196231144,0
8323,71475570,Surname_8323,711,Spain,Male,56.0,3,25071.52930069384,3,1,1,97007.55343852472,1
8324,22533155,Surname_8324,587,Germany,,39.0,7,223539.67161455014,4,1,1,62227.2143967438,1
8325,90843320,Surname_8325,555,Spain,Female,42.0,6,26409.445565690166,4,0,0,16577.03250327946,0
8326,97054722,Surname_8326,421,Germany,Female,37.0,5,36662.126526059794,2,0,0,127850.35076587493,0
8327,23814394,Surname_8327,740,France,Female,45.0,7,58203.933813733456,3,0,1,127977.68594218059,0
8328,58679719,Surname_8328,364,France,Female,21.0,3,196160.221938311,1,0,1,118455.28025293293,1
8329,59612196,Surname_8329,673,Spain,Male,50.0,2,164062.8945402994,2,1,0,53175.39178412079,0
8330,49354146,Surname_8330,370,France,Female,26.0,8,166532.2037656328,4,1,0,67317.91916722005,0
8331,97657695,Surname_8331,488,Germany,Male,44.0,1,176836.33535052158,4,0,0,95567.67934141743,1
8332,91213901,Surname_8332,382,Germany,Female,57.0,0,43904.13390254141,3,1,0,39590.381212219465,1
8333,21925548,Surname_8333,628,Germany,Female,45.0,6,172069.7596138343,1,0,0,85624.01269077937,1
8334,96095673,Surname_8334,519,Germany,Female,35.0,5,49140.498865689806,4,1,0,77188.02837272895,0
8335,10305889,Surname_8335,728,Germany,Male,27.0,4,62777.68309688775,3,1,1,52122.711736977326,0
8336,72896505,Surname_8336,660,Spain,Female,30.0,5,214535.79236784086,2,1,1,115933.9190085043,1
8337,83402312,Surname_8337,777,France,Female,47.0,0,19306.860837690565,2,1,1,58037.05406785665,1
8338,20215283,Surname_8338,800,France,Female,36.0,0,240248.8667950089,1,0,1,19913.138350919515,1
8339,43319652,Surname_8339,749,Germany,Male,20.0,5,228753.11774369064,4,1,1,26254.240097345777,1
8340,25665568,Surname_8340,733,Germany,Male,33.0,3,186238.23969266386,4,0,0,102944.79413040349,0
8341,98753977,Surname_8341,652,Spain,Female,54.0,9,97950.20230509888,1,1,0,15099.22888897467,1
8342,51179847,Surname_8342,559,France,Female,33.0,7,50093.184661386375,3,0,0,26572.43247533884,1
8343,17995577,Surname_8343,754,Spain,Female,32.0,2,188755.67668221283,2,0,0,19721.375974131894,1
8344,31499494,Surname_8344,774,Spain,Male,21.0,6,176720.36345768662,1,1,0,43865.57648241715,0
8345,65791009,Surname_8345,356,Germany,Male,54.0,0,48234.697493353575,1,0,1,104805.48532723142,1
8346,79363525,Surname_8346,827,Germany,Female,26.0,8,218607.76647357995,4,0,0,40648.30269324586,1
8347,12734165,Surname_8347,629,Spain,Male,41.0,5,153159.4145363081,2,0,0,14983.805552538442,0
8348,27023504,Surname_8348,412,France,Female,39.0,0,240580.5183925187,2,1,1,103230.29497202809,1
8349,60466905,Surname_8349,575,Germany,Female,32.0,8,182141.11520673687,4,1,1,57583.725932978145,0
8350,54037851,Surname_8350,622,France,,27.0,5,124751.45773187818,3,1,0,126709.88357368862,1
8351,45348875,Surname_8351,492,Spain,Female,40.0,3,204265.03369947622,1,1,1,102075.15453061486,0
8352,43196483,Surname_8352,447,France,Male,38.0,6,127275.48042967329,3,1,1,30680.348847933015,1
8353,36199548,Surname_8353,377,Germany,Male,24.0,2,128439.73875147663,2,0,1,99342.72237589656,1
8354,19232562,Surname_8354,487,France,Male,22.0,3,120691.87853638403,1,1,1,135430.5125193116,1
8355,99582796,Surname_8355,376,Germany,Male,51.0,0,158291.9322049871,1,0,0,69413.47658631313,1
8356,75886203,Surname_8356,663,Spain,Male,27.0,4,169682.63049868596,3,0,0,113368.43880764033,0
8357,63618447,Surname_8357,700,Germany,Female,46.0,5,212690.0317522941,3,0,1,138252.35189780133,0
8358,64835470,Surname_8358,676,France,Male,32.0,5,192248.2674947289,2,1,0,37985.38277246643,0
8359,65990005,Surname_8359,743,Spain,Female,59.0,0,135883.17884749308,3,1,0,110640.9593025737,0
8360,24676797,Surname_8360,730,Spain,Female,48.0,3,131886.9986548586,2,0,0,103709.48991550584,0
8361,80756030,Surname_8361,535,Spain,Female,55.0,0,194653.9887384785,1,0,0,120694.99848537568,1
8362,94769670,Surname_8362,779,France,Male,24.0,9,95365.4216213475,4,1,0,28968.036246871383,1
8363,73637308,Surname_8363,453,Germany,Female,33.0,1,87908.39664490035,3,0,1,56662.584709995506,1
8364,38082377,Surname_8364,630,Germany,Male,38.0,5,136390.62145660928,2,0,1,104211.16077442555,1
8365,99458568,Surname_8365,387,Spain,,48.0,0,230049.5751573428,2,1,1,21490.06424741511,1
8366,48475414,Surname_8366,829,Germany,Female,49.0,3,52730.08996871001,3,0,0,138247.61723285506,0
8367,58373157,Surname_8367,713,France,Male,28.0,0,172257.1165170571,1,0,1,22269.087762014977,0
8368,10901864,Surname_8368,817,Germany,Male,40.0,7,63488.63388682996,1,1,1,65972.46981217174,1
8369,46856092,Surname_8369,573,Germany,Male,40.0,5,42240.839487222984,2,0,0,112401.77873829755,0
8370,59628459,Surname_8370,559,Germany,Female,49.0,1,205198.4980565492,4,0,1,103658.63422820134,1
8371,24534950,Surname_8371,774,France,Male,55.0,6,212429.04114089912,3,0,1,129072.12246528364,0
8372,62971601,Surname_8372,412,Germany,Female,29.0,4,127074.11400492524,2,1,1,119627.33025880503,0
8373,77414289,Surname_8373,823,Spain,Male,24.0,3,33424.94531251727,3,1,0,44413.98267526268,1
8374,58816549,Surname_8374,490,France,Female,27.0,8,242771.06911878882,3,0,0,63278.816715086665,1
8375,35227258,Surname_8375,780,Germany,Male,42.0,1,19591.942353422182,1,0,0,99323.39332711411,0
8376,90156708,Surname_8376,592,Germany,Male,34.0,7,80885.06042589822,1,0,1,144192.9023512308,0
8377,98241804,Surname_8377,408,Spain,Female,33.0,0,43151.62703791764,2,0,1,110724.7659432542,1
8378,61177824,Surname_8378,761,Spain,Female,33.0,7,54251.06729275689,4,0,0,11133.481275770926,0
8379,89852465,Surname_8379,427,Germany,Female,56.0,5,95561.84349064023,4,0,0,74613.80034116725,1
8380,94971654,Surname_8380,351,Germany,Female,29.0,2,199568.42165936332,2,1,0,65244.12885004688,0
8381,98780658,Surname_8381,586,Germany,Male,33.0,5,183787.30824963216,2,1,1,55970.51742029805,1
8382,11565508,Surname_8382,565,Germany,Male,41.0,7,214996.87008632947,1,0,1,52984.63845772408,0
8383,81555492,Surname_8383,776,Spain,Male,20.0,9,98249.13111939051,3,1,1,25695.67211170785,0
8384,23087617,Surname_8384,536,France,Female,56.0,1,176940.0317360441,3,1,1,71847.99560074456,1
8385,34561608,Surname_8385,412,Spain,Male,52.0,0,69236.38245762192,1,1,1,49151.824926123634,1
8386,46856544,Surname_8386,493,Germany,Male,36.0,0,132496.69660562594,4,0,0,22005.680548306053,0
8387,24659182,Surname_8387,550,Spain,Male,21.0,3,101137.73860104852,4,1,1,39924.09128701742,1
8388,74366322,Surname_8388,556,Germany,Female,59.0,7,76278.64431769335,1,0,0,146878.72700157354,0
8389,67316203,Surname_8389,418,Germany,Female,19.0,8,42867.18959838287,3,1,0,93261.61707993771,1
8390,64816280,Surname_8390,361,Spain,Female,27.0,0,24307.44438043611,4,1,1,52125.45836978496,1
8391,20301267,Surname_8391,702,Spain,Female,27.0,3,211816.6101654743,4,1,1,142583.7986469722,1
8392,99896865,Surname_8392,494,Germany,Female,45.0,3,33536.19602452213,4,0,0,140242.43508622263,1
8393,12492333,Surname_8393,567,Germany,Male,36.0,5,9174.502664871909,2,1,1,132314.8688542369,1
8394,42916021,Surname_8394,773,Spain,Female,23.0,1,72822.04248492503,3,1,1,137124.85658810425,0
8395,36598694,Surname_8395,544,France,Male,30.0,7,206184.82564748966,2,0,1,145791.74197748626,0
8396,86723901,Surname_8396,618,Germany,Male,20.0,3,221912.5703601391,4,0,1,79253.81941353242,1
8397,29663622,Surname_8397,828,France,Male,19.0,3,105738.10538969519,3,0,0,134457.18165309035,0
8398,18405090,Surname_8398,755,Germany,Female,35.0,4,1124.8045792706662,4,1,0,16104.643423797554,1
8399,67146561,Surname_8399,631,Germany,Male,56.0,9,132297.069344695,2,0,0,21508.57737602006,1
8400,32585700,Surname_8400,640,France,Female,18.0,1,1670.7892311341177,4,0,1,128391.65729281651,0
8401,20808920,Surname_8401,469,Spain,Female,41.0,1,94011.61244512885,4,1,0,51208.00217621817,0
8402,52282327,Surname_8402,771,Spain,Female,25.0,4,115096.37044088267,2,1,0,71244.64900250759,1
8403,97885394,Surname_8403,668,Spain,Female,18.0,4,31886.328925041813,2,0,0,134599.3011787757,0
8404,54354323,Surname_8404,425,Germany,,59.0,1,247336.51803353644,2,0,0,11081.283563344517,1
8405,65252371,Surname_8405,407,France,Male,50.0,0,9232.940908772747,2,0,1,55414.9115987672,1
8406,39258107,Surname_8406,490,France,Female,27.0,4,160433.44741444662,4,1,0,43663.03506916431,1
8407,26832647,Surname_8407,444,Germany,Female,43.0,8,205574.06812860753,1,0,0,43413.97325972974,1
8408,16065769,Surname_8408,381,Spain,Male,44.0,6,149101.07459876843,3,1,1,27668.27921467388,0
8409,65111453,Surname_8409,724,Spain,Female,54.0,2,36201.291997051245,4,1,1,90087.92547868968,0
8410,95371775,Surname_8410,757,France,Female,34.0,4,137793.45324362713,2,1,1,42254.25588044035,0
8411,26206632,Surname_8411,680,Germany,Male,32.0,0,99886.2594327288,4,1,0,18777.38329559977,0
8412,75874520,Surname_8412,772,France,Female,43.0,0,236409.6188497243,3,0,0,21498.291525128676,1
8413,89283572,Surname_8413,420,Germany,Female,48.0,2,34959.434573040155,4,1,0,119163.58263532184,1
8414,62981177,Surname_8414,638,France,Female,52.0,0,133497.51714184834,2,1,1,11658.079379736118,0
8415,40786354,Surname_8415,650,Germany,Female,30.0,3,117174.56593191711,2,0,0,124791.00167063616,0
8416,33963456,Surname_8416,842,Spain,Male,36.0,6,248665.39725573247,1,0,0,18955.652228477396,1
8417,38149005,Surname_8417,547,Spain,Female,53.0,6,72938.25345194529,2,1,1,62581.41192576616,1
8418,95799172,Surname_8418,489,France,Female,20.0,4,152129.83143451676,3,0,0,140298.55402112025,1
8419,10326715,Surname_8419,725,Germany,Female,59.0,5,12253.153924564163,4,1,0,112280.41840707485,0
8420,44848453,Surname_8420,419,Spain,Male,34.0,8,177447.76280560682,3,0,1,13855.599251262027,0
8421,83531575,Surname_8421,696,Germany,Female,22.0,5,232908.3352996646,2,1,0,147359.62292936214,1
8422,70048554,Surname_8422,475,Spain,Female,50.0,2,74268.36008030674,3,0,1,15670.031986058437,0
8423,33826625,Surname_8423,414,Spain,Male,35.0,6,180967.4563702094,1,1,1,138710.5722015767,0
8424,74088756,Surname_8424,577,Germany,Male,44.0,1,191966.88610947813,4,0,0,40836.98716198394,0
8425,89903018,Surname_8425,692,Germany,Male,18.0,3,145145.55314008714,1,1,1,92696.25725440374,1
8426,29009572,Surname_8426,464,France,Male,21.0,4,78398.52237214826,4,1,1,59808.89486965864,0
8427,76907881,Surname_8427,491,Germany,Male,42.0,2,217315.73607895113,4,1,0,40080.62531531818,0
8428,72566406,Surname_8428,399,Germany,Female,58.0,1,209101.11173985386,2,1,0,104848.19629166096,1
8429,47706894,Surname_8429,775,Spain,Female,19.0,8,152369.04950320438,1,0,1,49112.56336268096,1
8430,47257811,Surname_8430,401,Spain,Female,57.0,4,58297.16711204624,4,0,1,121088.16105776625,1
8431,64083281,Surname_8431,369,France,Male,30.0,6,187666.5220392968,2,0,0,28489.404705166864,1
8432,52696223,Surname_8432,483,Germany,Male,51.0,7,196953.3291721589,1,0,0,143267.41753738857,0
8433,52850336,Surname_8433,465,France,Female,26.0,6,152370.37781230794,4,0,1,144793.17745994375,0
8434,61228573,Surname_8434,508,France,Male,52.0,2,227792.2496592219,1,1,0,58496.54451447193,0
8435,84932531,Surname_8435,421,Germany,Male,47.0,1,11404.418790878362,2,0,0,31216.2609545025,1
8436,94039890,Surname_8436,547,Germany,Male,44.0,5,215726.23543773423,2,0,1,90114.3712368369,0
8437,23855908,Surname_8437,639,France,Female,38.0,8,182414.98224517074,2,1,1,85167.94822703536,0
8438,53483142,Surname_8438,660,Germany,Male,42.0,7,192897.46183970966,3,0,1,95588.23867137279,1
8439,85848590,Surname_8439,556,France,Male,54.0,1,16063.592560378704,3,1,1,56071.80907812947,0
8440,27393097,Surname_8440,661,France,Male,26.0,7,154573.90494219374,2,0,0,19295.77791324135,1
8441,37431991,Surname_8441,550,France,Female,57.0,8,75712.85536551262,2,1,0,70610.95374767629,1
8442,50010105,Surname_8442,577,Spain,Female,52.0,7,138268.70779400118,1,0,1,121534.8576607883,0
8443,42046687,Surname_8443,804,France,Male,51.0,6,96290.36278202427,2,1,1,63080.09770657601,0
8444,31035500,Surname_8444,640,Germany,Male,39.0,8,193650.1904574838,2,0,0,118704.58055516623,1
8445,24737720,Surname_8445,614,Germany,Male,28.0,2,39683.79089697721,3,0,1,44829.492441156806,0
8446,23190939,Surname_8446,701,Germany,Female,24.0,3,248054.76817028815,2,1,0,46443.59589721976,1
8447,49816895,Surname_8447,760,France,Male,19.0,3,134182.07779208987,4,1,0,82877.62889286705,1
8448,83969913,Surname_8448,844,France,Female,42.0,0,6672.264015530282,1,1,1,11248.872920293927,1
8449,60778224,Surname_8449,405,Germany,Male,18.0,0,189559.90492634085,1,0,0,141090.0922853292,0
8450,46870666,Surname_8450,767,Spain,Female,57.0,3,144549.44958637937,2,0,1,23492.329183415124,1
8451,77307212,Surname_8451,468,France,Male,31.0,5,83684.24497007046,2,0,1,60962.127518308655,1
8452,98190721,Surname_8452,492,France,Male,31.0,8,203296.31137929994,2,0,0,39686.845681454615,1
8453,33847849,Surname_8453,634,France,Female,37.0,9,53545.12315233129,4,1,0,118607.33943000782,1
8454,61152612,Surname_8454,505,Spain,Female,42.0,3,191721.5403035121,4,1,1,68965.96647953047,1
8455,59641619,Surname_8455,695,Spain,Male,47.0,2,101114.03082599191,4,0,1,26700.395709539254,0
8456,75112139,Surname_8456,787,France,Female,55.0,4,225813.3023672417,4,1,0,55744.76706309572,0
8457,32241981,Surname_8457,583,Spain,Male,48.0,0,223332.43466461645,3,0,0,70414.64120595582,1
8458,48056593,Surname_8458,849,Germany,Male,28.0,1,123651.74464883833,3,0,1,135575.99897311366,0
8459,52572268,Surname_8459,394,France,Female,23.0,9,140169.1956561187,4,1,1,65196.77205112049,1
8460,55001200,Surname_8460,530,Spain,Female,27.0,8,81646.99462775735,4,0,0,68498.59278163657,1
8461,66059227,Surname_8461,536,France,Female,43.0,1,118790.5068335974,4,0,1,72983.97817465116,1
8462,13908384,Surname_8462,456,France,Female,49.0,9,4308.598927705576,4,0,0,114433.47307006399,1
8463,14478733,Surname_8463,784,France,Male,22.0,0,245007.0813467137,4,0,1,82412.13719829716,0
8464,15337867,Surname_8464,496,France,Male,32.0,2,432.84415230265824,4,0,0,49600.12419578396,1
8465,24582278,Surname_8465,722,Spain,Female,54.0,7,131868.4084632098,2,0,1,143975.4722277524,1
8466,98421261,Surname_8466,844,Germany,Male,30.0,5,169266.7494365758,1,1,1,136051.39737311564,1
8467,64088698,Surname_8467,737,Spain,Male,37.0,4,48661.88674404165,1,0,0,25382.748115006485,1
8468,10886049,Surname_8468,428,Germany,Female,33.0,6,26754.1109383867,2,1,0,35018.62450926676,1
8469,97425216,Surname_8469,834,France,Male,42.0,6,34024.23864051146,3,1,0,62177.90591604453,0
8470,73223045,Surname_8470,609,France,Male,53.0,1,85289.93315341852,4,0,1,44654.24437937204,1
8471,50629176,Surname_8471,680,France,Female,59.0,2,198717.99091767846,2,1,1,28030.07186711253,1
8472,87257271,Surname_8472,719,Spain,Male,31.0,3,217097.44585244104,3,1,0,25141.688775958635,1
8473,94051147,Surname_8473,537,Germany,Male,49.0,7,7024.176820115496,2,1,1,138616.65157742822,1
8474,83818384,Surname_8474,570,France,Male,30.0,3,39510.32798565601,2,0,1,50170.631619225715,0
8475,39719136,Surname_8475,815,Germany,Female,19.0,5,17058.076076882782,2,0,0,132628.2919091846,1
8476,98384815,Surname_8476,448,Germany,Female,28.0,6,134273.2102645799,1,1,0,82578.73939667792,1
8477,54353551,Surname_8477,542,Germany,Female,35.0,2,199228.24436522115,1,0,1,35672.00243947987,0
8478,29736155,Surname_8478,634,Spain,Female,53.0,3,217259.26647477128,1,1,0,140212.89125896606,1
8479,81264565,Surname_8479,522,Germany,Female,37.0,1,62636.02023892745,4,0,0,130453.33593529022,0
8480,51915694,Surname_8480,546,Germany,Female,49.0,7,32729.084083147813,1,0,1,63640.27321247411,0
8481,56776474,Surname_8481,476,Spain,Male,19.0,9,123126.68627732234,3,1,0,102869.05417212337,1
8482,14415936,Surname_8482,470,Germany,Male,49.0,1,106814.8878467523,3,0,0,143043.58803339425,0
8483,22803249,Surname_8483,540,Spain,Female,36.0,5,166880.5943562001,2,1,0,119499.25960970629,1
8484,34836823,Surname_8484,621,France,Female,29.0,5,247934.11715149085,1,0,1,75622.12929906606,0
8485,40706285,Surname_8485,825,France,,57.0,8,142648.10415156238,3,0,0,62540.93950824967,1
8486,71679490,Surname_8486,451,Germany,Female,38.0,4,14604.579726057054,2,0,1,72765.83679992953,0
8487,59797287,Surname_8487,696,France,Female,38.0,2,237787.02880531395,2,1,0,99113.37104591019,0
8488,30022629,Surname_8488,420,Spain,Female,48.0,9,30191.514904797295,2,0,0,28324.86132922831,0
8489,17959471,Surname_8489,803,France,Male,52.0,1,227592.6627950478,1,0,0,48107.228045563046,1
8490,20862780,Surname_8490,515,Germany,Male,22.0,0,136601.50839163896,3,1,1,85740.1750906828,0
8491,48167952,Surname_8491,735,Spain,Male,50.0,1,145546.1552084231,1,0,0,134006.72013544344,1
8492,99038766,Surname_8492,368,France,Male,47.0,3,194613.31812733327,2,1,1,133894.84561997472,0
8493,30765435,Surname_8493,411,Germany,Female,43.0,1,74285.37681657243,1,0,0,88776.1779916808,0
8494,97847210,Surname_8494,747,Spain,Male,58.0,0,147428.85360257726,3,1,1,70678.61421177672,0
8495,27447593,Surname_8495,564,Germany,,22.0,0,161393.4619185727,2,0,0,66341.23063336588,1
8496,49598718,Surname_8496,365,France,Male,26.0,7,236843.1292225142,3,1,0,94640.18712106446,1
8497,58695577,Surname_8497,686,Germany,Male,19.0,1,114088.39500793994,2,0,0,115278.04366326073,0
8498,48144394,Surname_8498,405,Spain,Male,47.0,7,211115.93495986084,2,0,1,39163.012625656935,1
8499,27313045,Surname_8499,639,France,Male,20.0,4,91282.85810442027,1,0,0,121202.3937002739,0
8500,34743664,Surname_8500,717,Spain,Male,45.0,1,46923.596644099394,4,0,1,77435.23908310417,0
8501,50048132,Surname_8501,606,Spain,Male,29.0,1,231564.90379718645,3,1,0,132714.7241815952,0
8502,54963148,Surname_8502,586,Spain,Male,42.0,6,37166.82916737113,3,0,1,22417.232418147716,1
8503,75299299,Surname_8503,502,Spain,Male,21.0,3,74535.00168214124,1,0,0,64727.095479465184,0
8504,90887984,Surname_8504,691,Germany,Female,42.0,6,8757.80328806655,3,0,0,27707.327585638093,0
8505,16415994,Surname_8505,379,Spain,Male,58.0,2,152945.72621227134,4,0,1,81071.95049785316,1
8506,69024206,Surname_8506,706,Spain,Female,20.0,5,7781.894504936271,2,1,1,14539.192875958302,1
8507,81936173,Surname_8507,676,Germany,Female,31.0,1,186689.84982132787,1,1,0,86650.89593119567,0
8508,12672235,Surname_8508,459,Germany,Male,47.0,2,101580.97112481207,4,0,1,146868.46327546376,0
8509,13893799,Surname_8509,382,Spain,Female,41.0,9,119866.60128871318,4,1,1,120859.62384977646,0
8510,93120409,Surname_8510,411,Spain,Female,19.0,0,169356.62668006803,1,0,0,113851.13654248253,1
8511,17303552,Surname_8511,645,Germany,Female,19.0,8,69925.04624840479,2,0,0,15383.744410315763,1
8512,41825307,Surname_8512,823,Germany,Male,44.0,4,728.7603597928571,4,0,1,95087.51710607758,0
8513,22822712,Surname_8513,711,Germany,Male,43.0,5,138897.87364260698,2,0,1,131468.0476299923,1
8514,33105691,Surname_8514,665,France,Female,35.0,9,178772.41183656387,2,1,0,121527.62845029755,0
8515,25367658,Surname_8515,545,Germany,Female,57.0,6,160934.20486215723,3,0,0,43392.94734429855,0
8516,13147000,Surname_8516,480,France,Female,41.0,1,123028.98267831547,2,0,0,66057.61538918357,0
8517,43951748,Surname_8517,447,Spain,Male,37.0,1,75174.52857484741,4,0,1,52003.14616425171,0
8518,18796560,Surname_8518,426,Spain,Female,46.0,1,114470.10459569104,4,0,1,142040.71668530878,0
8519,83791333,Surname_8519,779,Germany,Male,58.0,2,149625.0154941491,3,0,1,62557.82433771728,0
8520,36736817,Surname_8520,434,France,,37.0,4,144400.5585845544,4,0,1,81704.79420338768,1
8521,98502607,Surname_8521,387,Spain,Female,20.0,5,38781.501800433856,2,0,0,17619.604877815225,1
8522,44555100,Surname_8522,661,France,Female,21.0,0,123311.34931505492,3,1,0,121981.13311253139,0
8523,85841433,Surname_8523,431,Spain,Male,33.0,1,156877.93623954544,2,0,1,79341.4329561134,1
8524,93725982,Surname_8524,745,France,Female,22.0,5,114292.43386873236,2,0,1,130409.58074064221,0
8525,68224474,Surname_8525,732,Germany,Female,23.0,1,1451.8243670480767,1,1,0,106782.28911381144,1
8526,99532626,Surname_8526,671,Germany,Male,49.0,7,199727.28645413034,3,0,1,109215.1093823247,1
8527,76274956,Surname_8527,726,Spain,Female,52.0,1,120006.30376059127,2,1,0,125903.0231944556,1
8528,47227329,Surname_8528,454,France,Female,28.0,7,206037.9798076215,1,1,1,80696.01007693405,0
8529,82817276,Surname_8529,817,France,Male,38.0,6,125424.89516837371,1,0,0,62225.33008787851,1
8530,25059647,Surname_8530,373,Germany,Male,23.0,8,10672.161407457637,1,0,1,81313.52053653367,0
8531,42960655,Surname_8531,581,Spain,Male,46.0,3,91119.53912946413,2,0,0,11537.208951011888,1
8532,94124457,Surname_8532,783,Germany,Female,31.0,7,148518.61163369048,2,0,1,103301.57404906795,1
8533,79012783,Surname_8533,694,Germany,Female,39.0,6,183105.69448825173,1,1,0,149360.00555453435,0
8534,71623534,Surname_8534,698,Spain,Male,22.0,2,227234.07797428116,4,1,1,102243.6198929414,1
8535,80485193,Surname_8535,565,Germany,Male,20.0,1,235690.60625069818,4,1,0,101256.91212352431,0
8536,32187546,Surname_8536,379,Spain,Female,57.0,8,96404.68901720164,1,1,1,106655.18616933939,0
8537,98327304,Surname_8537,438,France,Male,47.0,1,90936.8441476007,2,0,1,20666.12065239917,1
8538,66078276,Surname_8538,551,Germany,Male,47.0,4,233389.66668314242,3,0,1,36988.626705027156,1
8539,16496425,Surname_8539,835,Germany,Male,26.0,5,211901.16193528872,1,1,1,52884.37252216695,1
8540,84907781,Surname_8540,401,Spain,Male,48.0,3,125283.00130493278,2,0,1,43423.99199851242,0
8541,30538317,Surname_8541,681,Spain,Female,29.0,6,230942.57281189083,4,1,0,52109.760860509814,1
8542,27823710,Surname_8542,402,France,Female,30.0,3,75925.06032220674,3,0,1,50854.04525508886,0
8543,55241625,Surname_8543,502,France,Male,45.0,9,219835.57784345068,2,1,0,133313.33725653688,0
8544,80588573,Surname_8544,409,Germany,Female,38.0,4,249835.8973270053,1,0,1,108927.37176768742,1
8545,43687103,Surname_8545,474,Spain,Male,32.0,0,169802.64538441817,4,1,1,123212.99254081016,0
8546,57247913,Surname_8546,783,Germany,Female,27.0,3,172566.75855530737,3,0,1,27788.226081160643,0
8547,60361061,Surname_8547,409,Germany,Male,45.0,3,44743.58119034882,1,0,0,92932.50397943448,0
8548,25689336,Surname_8548,465,Germany,Male,31.0,8,182673.98795799064,3,0,0,135114.09036298512,1
8549,60989488,Surname_8549,514,Spain,Female,42.0,2,48817.90007121742,4,1,1,134396.7145116116,0
8550,96714731,Surname_8550,406,France,Male,33.0,3,211243.72503322962,3,0,1,26793.274055749072,0
8551,92881527,Surname_8551,784,France,Male,58.0,6,198946.63937961278,1,0,1,128630.38923494739,0
8552,53865405,Surname_8552,500,Germany,Male,26.0,2,961.0541381531723,3,0,0,73076.25900957343,0
8553,34610890,Surname_8553,703,France,Male,57.0,4,71802.9060056823,4,0,0,51238.7879681085,0
8554,84787305,Surname_8554,599,Germany,Female,35.0,5,23060.058865254807,4,0,1,81443.28578628834,0
8555,14458872,Surname_8555,438,Spain,Male,45.0,7,184178.84843821713,2,0,0,79668.16087384909,1
8556,21201983,Surname_8556,521,Spain,Male,30.0,7,128720.44717527098,2,0,1,74611.8584307649,0
8557,21894108,Surname_8557,491,Spain,Female,33.0,7,183840.10988556928,2,0,1,22166.23822824139,1
8558,46745487,Surname_8558,811,Spain,Male,44.0,9,193007.15053898343,1,1,0,93467.33013001773,0
8559,27890388,Surname_8559,377,Spain,Male,58.0,8,59134.56255452193,1,1,0,53071.18355190545,0
8560,41446161,Surname_8560,724,Spain,Male,34.0,8,232934.6260527655,1,0,0,65614.5698433299,0
8561,79582669,Surname_8561,579,Spain,Male,48.0,7,112271.8642341877,3,1,0,88806.60399324108,0
8562,43327836,Surname_8562,846,Germany,Female,54.0,2,232690.41611032147,3,0,0,21460.33779684731,1
8563,57728728,Surname_8563,452,Germany,Male,27.0,2,75163.93947136965,4,1,0,68715.24122114983,0
8564,58888985,Surname_8564,684,France,Female,32.0,8,133664.80962088,2,1,1,87047.94405604136,0
8565,45510616,Surname_8565,626,Spain,Female,48.0,0,4419.82157514853,3,1,0,66220.39674670584,1
8566,31968018,Surname_8566,440,Germany,Male,23.0,9,48583.19455122226,1,0,0,106238.99997647176,1
8567,11425402,Surname_8567,778,Spain,Female,44.0,6,209383.58146319646,4,0,0,98449.98935106948,0
8568,63271673,Surname_8568,847,Spain,Male,28.0,2,134628.16875403607,4,0,1,86467.86346727253,1
8569,15589622,Surname_8569,693,Germany,Female,44.0,2,11955.72456958416,3,0,0,77902.44946011355,0
8570,45389095,Surname_8570,456,Germany,Female,42.0,5,57473.0288800889,2,0,0,64557.42128029106,1
8571,87900598,Surname_8571,466,Spain,Female,22.0,1,86191.48756976314,3,0,1,57639.69119423956,0
8572,94162292,Surname_8572,735,Germany,Male,42.0,2,136960.8136084064,2,1,0,119774.77820009958,0
8573,40129767,Surname_8573,480,Spain,Female,25.0,3,188522.519090649,4,0,1,147493.1842213064,1
8574,34728264,Surname_8574,585,France,Male,31.0,3,18334.97941097065,4,0,0,31520.46203052912,1
8575,85211743,Surname_8575,761,France,Female,44.0,8,817.1794961193967,2,1,0,57176.11641456848,0
8576,41271511,Surname_8576,453,Germany,Male,31.0,2,50489.4568555507,4,1,1,57607.149446540694,1
8577,52598946,Surname_8577,810,France,Male,28.0,0,244353.4048058828,2,1,1,133983.13889296522,1
8578,82413953,Surname_8578,842,Germany,Female,24.0,0,90716.8373658938,3,0,1,144018.70960744162,0
8579,28763871,Surname_8579,722,France,Male,23.0,7,210097.29099345696,1,0,0,47647.42539079708,0
8580,94116856,Surname_8580,510,Spain,Male,27.0,5,226826.7557733993,2,1,0,82978.0780982501,1
8581,42902904,Surname_8581,815,Germany,Male,59.0,6,159171.88902279982,4,0,0,63507.18684176523,1
8582,89973962,Surname_8582,736,France,Male,37.0,4,249711.15223588597,3,1,1,54269.07806977622,0
8583,95871659,Surname_8583,386,Germany,Male,45.0,0,61599.80226793935,4,0,0,103772.95697107521,1
8584,18893766,Surname_8584,551,Spain,Female,37.0,7,57647.502185128986,4,1,1,97475.4360502547,0
8585,47663467,Surname_8585,641,Spain,Female,29.0,3,212920.37661500135,3,1,0,149794.237782701,0
8586,39062292,Surname_8586,675,Spain,Female,28.0,0,56833.882342281875,4,1,0,10922.59030674817,0
8587,69932442,Surname_8587,775,Germany,Female,55.0,2,177638.995128984,2,1,0,36291.458161933224,1
8588,22548649,Surname_8588,728,Spain,Female,41.0,3,52126.840120358065,4,0,1,64953.79454953188,1
8589,21983576,Surname_8589,449,France,Male,20.0,1,190498.32304552154,3,1,0,77287.49227438039,1
8590,68193482,Surname_8590,553,Spain,Female,27.0,7,99126.20605270813,1,0,1,102934.85252320225,0
8591,17886327,Surname_8591,568,France,Female,33.0,1,35409.62135079376,3,1,1,32460.551556301503,0
8592,86022768,Surname_8592,425,Germany,Female,27.0,9,242455.15663753645,1,0,0,43413.4176660109,0
8593,47729396,Surname_8593,777,France,Female,24.0,5,126451.94589390763,3,0,1,100601.82591996789,1
8594,54218236,Surname_8594,795,Germany,Male,24.0,4,22171.76676590185,1,0,0,104838.7815996571,1
8595,71749132,Surname_8595,810,France,Female,20.0,7,123167.97764015141,2,0,0,63694.1930720129,1
8596,96622215,Surname_8596,572,Germany,Female,29.0,3,190530.50357854462,1,0,1,53468.542924129695,1
8597,39016736,Surname_8597,429,Spain,Female,42.0,2,137520.0210587888,3,0,0,22109.552881283947,1
8598,82165785,Surname_8598,415,Germany,Male,34.0,4,209642.27970877927,2,0,1,125157.99796118119,1
8599,19501663,Surname_8599,748,Germany,Female,26.0,9,244840.23943897267,4,1,1,63948.824120988036,1
8600,80259315,Surname_8600,479,France,Female,25.0,6,86745.71288267232,2,1,1,17496.122106977615,0
8601,20707028,Surname_8601,520,Spain,Female,54.0,7,41333.60906188363,1,0,0,55139.56671672855,1
8602,64637689,Surname_8602,672,France,Male,51.0,0,225774.76703693668,1,0,0,31449.673644663122,1
8603,69222808,Surname_8603,712,France,Female,22.0,2,163523.48932827121,1,0,1,26794.309728252283,0
8604,19897370,Surname_8604,387,Spain,,53.0,5,198955.4095499534,3,0,1,66839.18605698054,1
8605,96145956,Surname_8605,575,France,Male,26.0,6,2986.8739552397774,3,0,0,94445.2670922798,1
8606,66803514,Surname_8606,586,France,,27.0,2,60260.15782201996,4,0,1,133271.23262929224,0
8607,79405052,Surname_8607,737,France,Male,48.0,2,143676.07714436352,4,0,0,28433.015502426388,1
8608,20787447,Surname_8608,677,France,Male,30.0,9,126720.09556134298,4,0,0,127105.64899652763,1
8609,97190351,Surname_8609,580,Spain,Male,56.0,1,104630.02222813436,3,1,0,29394.758486710143,1
8610,39725599,Surname_8610,831,France,Male,35.0,3,52975.77008307047,4,1,0,107783.82210292258,1
8611,77051693,Surname_8611,571,Germany,Female,30.0,2,199540.31100109575,4,1,0,54153.62280686295,0
8612,86273779,Surname_8612,787,France,Female,55.0,4,20155.178973649712,1,1,0,29542.77151560425,0
8613,76698669,Surname_8613,522,Germany,Male,43.0,0,74040.55007683388,1,1,1,34931.77259476129,1
8614,46329039,Surname_8614,570,Spain,Male,58.0,0,12548.069778919147,3,0,1,13661.423459184702,1
8615,14277621,Surname_8615,463,France,Male,50.0,8,19182.996835552523,1,0,1,49685.30011603177,1
8616,95839581,Surname_8616,366,Spain,Female,48.0,5,211347.92697464128,2,0,1,39615.80838478422,0
8617,14365801,Surname_8617,415,Germany,Male,56.0,2,91293.81868126501,3,1,1,93507.74028323172,1
8618,15536451,Surname_8618,683,Spain,Male,40.0,2,13898.453050857685,3,0,1,21855.933317326435,0
8619,53957347,Surname_8619,646,Germany,Male,21.0,9,132925.59989509394,1,1,0,94361.12225439324,0
8620,32392218,Surname_8620,571,Spain,Female,33.0,7,181297.42904168455,1,0,0,10844.290370627474,1
8621,34435905,Surname_8621,507,Spain,Male,37.0,2,148856.72228922817,3,0,0,91441.14431219058,0
8622,64101002,Surname_8622,648,France,Male,39.0,0,123731.25458024004,4,0,1,102049.00552759066,1
8623,57057943,Surname_8623,466,Spain,Male,29.0,1,167779.58435562134,1,0,0,15596.89122701349,1
8624,44096061,Surname_8624,657,Germany,Male,43.0,1,236758.59583598256,2,1,1,107589.62011800225,0
8625,84707207,Surname_8625,477,Germany,Male,51.0,2,210199.5223901309,3,0,0,56833.48854720442,1
8626,56394789,Surname_8626,433,Spain,Male,23.0,5,50057.3205155615,2,1,1,64311.78530746865,1
8627,50321145,Surname_8627,675,Germany,Male,40.0,5,217307.53059054265,2,1,1,80743.37259420418,0
8628,75063561,Surname_8628,679,Germany,Female,52.0,2,95757.78274378894,4,1,0,74795.35726062313,1
8629,58091780,Surname_8629,677,Germany,,22.0,1,79574.82505860693,4,0,0,110767.42445472245,1
8630,28185083,Surname_8630,367,Spain,Male,57.0,8,94018.83336749251,2,0,1,47266.113047027015,1
8631,23849424,Surname_8631,699,Spain,Male,49.0,8,197811.84207905555,3,1,1,70501.0479482263,0
8632,50881512,Surname_8632,791,Spain,Female,38.0,0,19298.710377107036,2,1,0,29672.089659135112,0
8633,52718437,Surname_8633,680,France,Female,20.0,7,107509.52369513187,2,1,0,107022.71997359922,1
8634,69930501,Surname_8634,392,Spain,Female,29.0,5,189212.29064514823,4,1,0,104710.64877289953,1
8635,15322222,Surname_8635,471,Spain,Female,20.0,0,93126.08111817286,3,0,0,12211.082036244874,0
8636,51023854,Surname_8636,544,Germany,Male,35.0,7,245642.3043559746,4,0,0,50493.83794460519,1
8637,95868636,Surname_8637,481,France,Male,43.0,5,66497.82758727635,2,0,0,43711.13729539554,0
8638,62214085,Surname_8638,689,Germany,Male,20.0,1,221192.08065145643,2,1,0,121501.63998549039,0
8639,90650871,Surname_8639,804,France,Female,37.0,3,222872.15022530293,1,1,1,92662.79326928218,0
8640,93902724,Surname_8640,716,Germany,Male,31.0,5,243136.37025924225,1,0,0,100002.32435560551,0
8641,90287685,Surname_8641,678,Spain,Female,38.0,5,61243.43511176336,4,0,0,52689.78293617481,1
8642,52308723,Surname_8642,646,France,Female,27.0,7,73213.32821977147,2,0,1,32412.492170675083,1
8643,49997648,Surname_8643,795,Germany,Female,54.0,4,111351.79213114518,3,0,1,147136.5915747807,0
8644,64373514,Surname_8644,552,Spain,,33.0,3,209140.79847944024,2,1,0,65451.286843040725,0
8645,29433116,Surname_8645,680,Spain,Female,23.0,4,83283.12310857767,1,0,0,138964.5963801305,1
8646,46775621,Surname_8646,514,France,Male,18.0,1,216279.5714536513,2,1,0,101689.4749379504,0
8647,47904736,Surname_8647,608,Spain,Male,34.0,8,165535.06920232266,4,1,1,141611.8654477645,0
8648,51672540,Surname_8648,606,Spain,Male,54.0,9,200570.4000301072,1,1,0,58159.13815824284,1
8649,81006020,Surname_8649,451,France,Female,18.0,5,104694.35828808874,3,0,0,84272.43108350228,0
8650,46040356,Surname_8650,703,Spain,Male,55.0,3,40929.34424101521,2,1,0,26485.82050744086,1
8651,44765874,Surname_8651,595,Germany,Male,35.0,3,142800.40173186298,2,0,1,97754.7989608572,0
8652,95471970,Surname_8652,421,Germany,Male,35.0,3,124005.66735691282,2,1,1,64736.324685077365,1
8653,29487283,Surname_8653,793,France,,53.0,7,33738.779450056936,1,0,0,48808.54152889237,0
8654,89018349,Surname_8654,666,Germany,Male,22.0,1,231060.13709980305,3,0,0,14809.214458838484,0
8655,83607460,Surname_8655,364,Spain,Female,44.0,8,147171.53138700945,4,0,1,85219.62415516957,0
8656,60890593,Surname_8656,848,France,Female,40.0,6,216820.31542175845,2,1,1,85658.41789156014,0
8657,62096723,Surname_8657,766,Spain,Female,41.0,9,119929.47681606062,4,0,0,90204.41582010777,0
8658,48014744,Surname_8658,706,France,Female,35.0,9,145300.65754397633,3,0,0,111335.19684251006,0
8659,48603876,Surname_8659,453,Germany,Male,59.0,0,205671.29599865846,3,0,0,29955.019293931466,1
8660,74699025,Surname_8660,731,Germany,Female,26.0,9,201976.19862962162,1,0,0,45373.90199379163,0
8661,76035081,Surname_8661,733,France,Male,19.0,8,116023.31832093709,2,1,1,48707.671580983726,0
8662,89215473,Surname_8662,694,Spain,Male,34.0,6,14720.202916670089,2,1,1,145859.0641605325,1
8663,44718590,Surname_8663,374,Spain,Male,38.0,5,138617.62348659046,3,0,0,45751.48224978164,0
8664,28955486,Surname_8664,482,France,Female,52.0,3,221876.87325877193,4,1,1,29138.591060682462,0
8665,58328195,Surname_8665,601,France,,25.0,8,123700.77465685981,3,1,0,52904.875260621324,1
8666,11399796,Surname_8666,789,France,Female,48.0,4,202873.89321699124,1,0,1,89617.23607558015,0
8667,58030709,Surname_8667,505,Spain,Male,57.0,2,17063.3812567528,4,1,1,63473.774212768025,1
8668,80063908,Surname_8668,399,France,Male,54.0,6,74362.71120169439,3,0,1,147567.2848941164,1
8669,39310901,Surname_8669,658,Spain,Female,42.0,1,34921.10772759044,3,1,0,132127.2376033642,1
8670,98004719,Surname_8670,653,Germany,Male,19.0,8,12309.40633938099,1,0,1,57579.71122631469,0
8671,38522037,Surname_8671,764,France,Male,58.0,3,197010.93387619432,1,0,1,30259.580390267798,0
8672,31272493,Surname_8672,450,Germany,Female,34.0,8,172133.33187134517,2,0,1,13194.998544864167,0
8673,43063078,Surname_8673,447,France,Male,36.0,0,128492.51430484813,4,1,0,106261.67653750534,0
8674,54566389,Surname_8674,540,Germany,Female,32.0,9,123645.74487248337,4,0,1,94104.58801075048,0
8675,14870842,Surname_8675,826,Germany,Male,21.0,5,134168.55142503115,1,0,1,78658.35875141167,1
8676,43917530,Surname_8676,447,Spain,Female,48.0,8,33818.30526068039,3,1,0,23198.11139583416,0
8677,51500638,Surname_8677,596,Germany,Male,20.0,2,248893.64786651926,4,0,0,62989.2113407943,0
8678,50134337,Surname_8678,563,Spain,Male,36.0,3,192383.11308895893,4,0,1,28249.0834493838,0
8679,12566433,Surname_8679,591,Germany,Female,51.0,3,112634.29482392811,2,0,0,134617.45169141027,1
8680,15393832,Surname_8680,787,France,Female,19.0,1,183029.15731192197,4,0,1,86065.75619092943,0
8681,93776918,Surname_8681,593,Spain,Male,58.0,8,181700.21896190185,1,0,0,130969.9111306084,0
8682,40896365,Surname_8682,833,France,Male,18.0,0,77021.2715521581,3,1,0,16093.636966104325,0
8683,60183857,Surname_8683,408,Germany,Male,34.0,6,54428.257976561006,3,0,1,44081.05446548795,1
8684,91646914,Surname_8684,549,Spain,Female,26.0,6,133609.16112396558,3,1,0,44864.46936235136,0
8685,59635533,Surname_8685,600,Spain,Male,55.0,4,9906.79989905896,4,1,0,149535.13146634318,1
8686,12411655,Surname_8686,363,France,Male,20.0,3,238563.56865705986,4,1,1,101821.19411317584,1
8687,32986758,Surname_8687,458,Spain,Female,33.0,4,146922.38544769023,4,0,1,92439.60929341537,0
8688,65395233,Surname_8688,743,Spain,Female,59.0,6,143709.9435809938,2,0,1,19039.657944687155,0
8689,35675348,Surname_8689,468,Germany,Male,29.0,4,200026.34167310785,1,0,1,101895.84014825989,1
8690,61559953,Surname_8690,652,Germany,Male,22.0,8,183939.00093938908,1,0,1,48487.46148517207,1
8691,17152618,Surname_8691,644,France,Female,20.0,5,44694.019089873276,3,1,1,29434.975033099097,0
8692,91945103,Surname_8692,836,Germany,Female,25.0,7,9930.546416171554,4,1,0,87121.66774300276,1
8693,77140932,Surname_8693,455,France,Female,35.0,2,246261.39659427368,2,0,1,116745.79000080026,0
8694,89053811,Surname_8694,701,France,Female,34.0,9,233684.68768258314,1,1,0,96382.54630394741,1
8695,64574343,Surname_8695,670,Germany,,48.0,5,148109.66658594675,3,1,0,93835.70554340836,1
8696,91260319,Surname_8696,422,Germany,Male,51.0,9,72799.71337849578,2,1,1,144625.0580706035,1
8697,53602929,Surname_8697,419,Germany,Female,54.0,6,148157.61033309592,3,1,1,105986.507324362,0
8698,21580957,Surname_8698,693,Spain,,50.0,5,214466.62387606665,4,0,1,129300.78607147097,1
8699,90846439,Surname_8699,388,Germany,Female,45.0,3,165539.83822256303,3,0,0,13193.736576704963,1
8700,30745630,Surname_8700,403,France,Female,40.0,9,128882.18787257136,1,1,0,87855.33675111308,0
8701,63898011,Surname_8701,619,Germany,Male,43.0,0,182455.1861880268,2,0,0,35309.880473639016,0
8702,48952137,Surname_8702,790,France,Male,56.0,5,91586.31957438873,2,1,1,97261.52657540831,0
8703,93587166,Surname_8703,355,France,Female,55.0,9,51825.155246376795,1,1,0,58794.763055860625,0
8704,90973078,Surname_8704,826,Spain,,36.0,7,249591.23592790795,3,0,1,85796.80173855518,0
8705,19042345,Surname_8705,727,Spain,Male,57.0,9,87117.73352393568,1,1,0,101470.32534922729,0
8706,94827672,Surname_8706,639,Spain,Male,51.0,7,227180.88498052815,3,0,1,99488.51010808493,1
8707,62493191,Surname_8707,561,Spain,Female,30.0,6,174267.6638363445,3,0,1,42586.63178394058,1
8708,89179997,Surname_8708,754,France,Male,56.0,2,111169.2451379008,3,0,0,60114.691775868836,1
8709,74290914,Surname_8709,601,Germany,Female,50.0,9,35302.147394136424,4,0,0,69343.90855642478,1
8710,55185856,Surname_8710,795,Spain,Male,45.0,6,102788.20255657595,4,1,0,50488.60862229549,1
8711,91859503,Surname_8711,412,France,Female,22.0,8,158477.94310302718,3,0,0,76790.87659159463,0
8712,89999564,Surname_8712,596,Germany,Female,47.0,3,212922.85657812856,3,0,1,31911.656781507318,1
8713,25575183,Surname_8713,757,Spain,Female,58.0,5,224771.6651466277,3,0,0,30757.785691185276,0
8714,46927905,Surname_8714,379,France,Female,35.0,0,148975.05144641927,2,1,1,74566.0374318168,0
8715,56555333,Surname_8715,726,Germany,Female,40.0,6,80703.02402568974,3,1,1,22135.210983134217,0
8716,66104572,Surname_8716,467,France,Male,45.0,2,5788.303792416794,2,0,0,102802.24887472582,1
8717,94753845,Surname_8717,647,France,Female,34.0,0,82260.1218452182,4,1,1,129740.44960814605,0
8718,40140016,Surname_8718,495,Spain,Female,55.0,7,184581.08889482231,2,1,0,48782.551794232015,0
8719,28559683,Surname_8719,689,Germany,Male,41.0,2,226837.62680919527,4,1,1,93703.02110128947,1
8720,68459468,Surname_8720,470,Germany,Male,24.0,8,81492.88553127696,1,1,0,39022.80514059996,1
8721,25654450,Surname_8721,661,France,Male,18.0,6,67949.21015879876,2,1,1,44112.049718832604,0
8722,93151457,Surname_8722,624,Germany,Male,34.0,0,222823.83108360364,1,0,1,38074.38040713957,0
8723,70833107,Surname_8723,532,France,Male,56.0,5,183933.362096747,4,0,0,123844.76821412484,0
8724,35086124,Surname_8724,606,Germany,Male,37.0,1,239663.4543358662,1,0,1,110261.28401678638,1
8725,95374984,Surname_8725,602,Germany,Male,37.0,3,148470.54045610916,4,0,0,141127.34328111654,1
8726,36156698,Surname_8726,609,France,Male,43.0,9,39077.465169568146,3,0,1,21345.641378038235,0
8727,95731558,Surname_8727,734,Spain,,32.0,8,71588.62528920088,2,0,0,49552.392490008744,1
8728,22623575,Surname_8728,564,Spain,Female,32.0,0,34955.897103198244,3,1,1,59773.121071275105,0
8729,14677356,Surname_8729,735,France,Female,27.0,6,83063.60980977301,4,0,0,102512.63454187509,1
8730,96944282,Surname_8730,740,France,Male,27.0,8,195863.4021882285,3,0,0,138970.4228626728,1
8731,18641735,Surname_8731,394,Germany,Male,27.0,4,139545.9488992438,1,1,1,85735.27155500723,0
8732,12708090,Surname_8732,601,Germany,Female,46.0,9,241915.47126092072,4,0,1,146174.29470583194,1
8733,78616817,Surname_8733,352,Germany,Male,44.0,8,215607.29541606823,4,0,0,24970.877391078735,1
8734,20490952,Surname_8734,591,France,Female,36.0,9,29250.88182718419,4,1,0,43046.50150926343,0
8735,11425357,Surname_8735,646,Spain,Female,28.0,0,145835.8882966319,1,1,0,18831.046722324605,1
8736,87961039,Surname_8736,569,France,Female,23.0,2,65539.39508964926,1,0,1,16259.199134368359,0
8737,43561319,Surname_8737,492,Germany,Male,24.0,6,152432.836538068,1,1,1,32402.003014052163,0
8738,17802383,Surname_8738,360,France,Female,39.0,2,171893.39596435928,2,1,1,24645.43253515593,1
8739,98499607,Surname_8739,601,France,Female,25.0,3,113327.94066452593,1,0,0,12660.935667898599,0
8740,52552738,Surname_8740,844,France,Female,28.0,0,181764.8588567699,1,1,0,106185.38047559051,1
8741,35558385,Surname_8741,737,Germany,,37.0,2,75060.23321626557,1,1,0,76580.68981118864,1
8742,86936181,Surname_8742,726,Spain,Male,48.0,2,222476.95396104787,1,0,1,116385.76561318657,1
8743,98117111,Surname_8743,686,Spain,Male,18.0,5,218903.07024931666,4,0,0,28046.309855459913,1
8744,34163172,Surname_8744,390,Spain,Male,42.0,2,196276.3938554635,4,1,0,28433.081746784505,1
8745,60450125,Surname_8745,404,Germany,Male,57.0,1,139840.98046914794,3,1,0,141866.64361308498,0
8746,26121176,Surname_8746,383,Spain,Female,22.0,5,235461.863243451,2,1,0,116096.34742382173,0
8747,32093859,Surname_8747,531,France,Male,44.0,3,169433.25788170457,2,0,0,20299.71165891271,0
8748,15410547,Surname_8748,637,Spain,Male,39.0,1,55922.33345998432,1,0,1,135403.14705724397,0
8749,20964260,Surname_8749,730,France,Female,36.0,8,130485.94986352744,3,1,0,73534.83271743605,1
8750,33135072,Surname_8750,790,Germany,Male,51.0,2,124813.5968513936,2,1,0,112821.13098565894,0
8751,27677308,Surname_8751,646,Spain,Female,45.0,9,220191.96786566195,4,0,1,133548.43242458382,1
8752,67993934,Surname_8752,700,Germany,Female,24.0,0,43857.63950217858,4,1,0,143137.08726819776,0
8753,13278582,Surname_8753,838,France,Male,30.0,3,35518.589490472514,2,1,0,43541.875704123675,1
8754,39659672,Surname_8754,529,Spain,Female,45.0,7,71576.79711659982,2,0,1,133111.84941384377,0
8755,79437193,Surname_8755,416,Germany,Male,44.0,5,66947.90580874127,1,1,0,83150.46408683668,0
8756,45319123,Surname_8756,671,Spain,Female,49.0,5,59256.54799382527,2,0,0,30844.980996552073,1
8757,26729408,Surname_8757,416,Germany,Male,50.0,2,188285.46469529858,3,1,1,50761.75378194598,1
8758,60982429,Surname_8758,412,Germany,Female,35.0,3,220245.48453559467,3,1,1,121024.26980702051,1
8759,73037293,Surname_8759,636,Spain,Male,32.0,3,34511.85628896769,2,0,1,144219.70387129128,0
8760,34578545,Surname_8760,762,Spain,Male,33.0,1,221893.2035585337,2,1,1,143601.42973083042,0
8761,52931984,Surname_8761,772,France,Female,51.0,1,241851.80787477712,4,1,1,67109.14800791309,0
8762,69004911,Surname_8762,350,Germany,Male,34.0,3,73409.91837096609,3,0,0,98390.22522831598,1
8763,23325355,Surname_8763,383,Spain,Male,26.0,0,209362.32010319587,3,1,0,26205.28191214097,0
8764,36688207,Surname_8764,751,Germany,Female,53.0,4,224390.0604153536,2,0,0,79076.65322595241,0
8765,75986694,Surname_8765,371,Spain,Male,59.0,3,79921.90950819905,3,1,1,39876.55111811188,1
8766,53010367,Surname_8766,604,Spain,Female,40.0,2,193846.68068297225,3,0,0,121645.92770420523,0
8767,17444012,Surname_8767,585,France,,24.0,6,3092.3762173085124,4,0,1,75327.59981004908,0
8768,84776578,Surname_8768,493,Germany,Female,46.0,3,141511.13409787862,4,0,0,111963.40509298226,1
8769,29166588,Surname_8769,351,France,Male,26.0,1,216989.366194439,4,0,1,99312.43188442622,0
8770,41820997,Surname_8770,667,Germany,Female,46.0,0,820.0912726450682,1,0,1,101892.14753482577,0
8771,31307529,Surname_8771,685,Spain,Male,45.0,1,149054.82548048752,3,1,0,45505.962294043435,0
8772,43948365,Surname_8772,411,Spain,Male,35.0,9,112743.22854109014,4,1,1,60130.50482369658,1
8773,10402538,Surname_8773,823,France,Female,31.0,5,37601.3126022651,4,1,0,43780.473671604836,0
8774,75720216,Surname_8774,840,Spain,Male,26.0,8,105290.45375004667,3,1,1,144655.92382921715,0
8775,67573669,Surname_8775,699,Germany,Female,27.0,4,97229.13810963868,4,0,0,127038.9819432945,1
8776,66931893,Surname_8776,661,Spain,Female,19.0,8,84108.18618155325,1,0,0,109647.29405025531,1
8777,80333059,Surname_8777,641,Germany,Male,32.0,8,106531.56650574719,3,1,1,75787.86794050003,0
8778,74029343,Surname_8778,698,France,Male,19.0,3,125581.90174900483,1,1,0,84366.1009044926,0
8779,77693050,Surname_8779,764,France,,53.0,1,167787.1315101818,3,0,1,88712.00080347896,1
8780,85435907,Surname_8780,653,Germany,Female,28.0,9,212498.79215340223,2,1,0,58336.34371589861,1
8781,66235982,Surname_8781,701,Germany,Female,45.0,9,205161.5702223723,3,1,0,133174.1945991777,1
8782,20462075,Surname_8782,593,Spain,Male,32.0,3,96811.41913883884,4,0,1,88524.78115665216,0
8783,36002111,Surname_8783,696,Spain,Female,45.0,0,89966.34320479802,4,0,1,113441.29385463623,0
8784,21957257,Surname_8784,433,Germany,Male,32.0,5,217312.2059405116,1,0,1,70884.07455976673,0
8785,55804302,Surname_8785,772,Spain,Female,46.0,9,63956.987210514846,3,1,1,105300.51838360135,0
8786,91196149,Surname_8786,427,Germany,Male,28.0,0,229254.91416229325,1,0,0,117425.30354567282,0
8787,32704770,Surname_8787,553,Germany,Female,45.0,3,235786.45407331258,3,1,1,69689.95785983649,1
8788,37759648,Surname_8788,493,Spain,Male,42.0,6,41246.022540931124,3,0,0,25702.429200169987,1
8789,64429983,Surname_8789,529,Germany,Male,53.0,9,136852.77611334433,1,1,1,142371.19567830185,0
8790,31130310,Surname_8790,527,France,Female,48.0,4,81177.02308472995,2,0,0,24865.884693490276,1
8791,49901746,Surname_8791,567,Spain,Male,53.0,7,207860.31541897936,3,0,1,133250.02685062238,1
8792,35377452,Surname_8792,379,Spain,Male,48.0,6,42792.762906299824,3,0,1,43369.47371276707,0
8793,49665434,Surname_8793,378,Germany,Female,48.0,7,200219.01058901264,3,1,1,137787.74763042876,0
8794,86428745,Surname_8794,430,Spain,Male,38.0,6,174177.0886830096,2,0,1,80738.28391197027,0
8795,38879408,Surname_8795,493,Germany,Male,49.0,1,44748.46509111194,3,1,0,24775.056117055814,1
8796,35596841,Surname_8796,616,Spain,Female,22.0,4,145479.3255912278,2,0,1,83279.52032619403,1
8797,55973796,Surname_8797,777,Germany,Male,46.0,7,233114.75144563348,2,1,1,128587.5953820398,1
8798,22447106,Surname_8798,789,Spain,Male,37.0,3,220036.22169851878,1,1,1,148103.73393883556,0
8799,74475392,Surname_8799,568,France,Female,55.0,6,161592.38093774157,2,1,0,74990.45174746356,0
8800,73717651,Surname_8800,444,Spain,Female,55.0,2,249360.18282782967,2,1,1,51645.16634805216,1
8801,88229974,Surname_8801,618,France,Male,22.0,7,231005.750577959,1,1,0,96188.32061831072,1
8802,41186451,Surname_8802,830,Germany,Male,19.0,6,89554.19066332604,1,1,0,64013.23830232653,1
8803,97509536,Surname_8803,713,France,Male,42.0,2,76304.15884527405,4,1,0,122476.30129999064,0
8804,67402347,Surname_8804,547,France,Female,42.0,7,281.18457603218405,2,0,1,71456.932104644,0
8805,90665623,Surname_8805,392,Spain,Female,35.0,9,229163.1969578496,4,0,0,137597.14192330287,1
8806,37212966,Surname_8806,830,Germany,Male,32.0,1,153086.97481115258,3,1,0,69405.99338118972,0
8807,12700566,Surname_8807,605,Germany,Male,34.0,1,240379.29366889468,2,1,0,143587.55641979913,0
8808,55901842,Surname_8808,673,Germany,Male,58.0,7,135984.93590167555,1,0,0,76267.48616685171,1
8809,61362559,Surname_8809,582,Germany,Female,55.0,2,35412.08396761864,1,1,0,100619.14158999885,0
8810,49291260,Surname_8810,722,Spain,Female,54.0,0,137359.2674692852,3,0,0,82144.87352276845,0
8811,86301190,Surname_8811,525,France,Female,53.0,9,200354.30491935878,3,1,0,123528.68940936396,0
8812,13092993,Surname_8812,683,France,Male,47.0,6,89251.94737270709,4,0,1,74099.96073949445,0
8813,17288138,Surname_8813,466,Germany,Female,35.0,7,19951.44612914493,3,1,1,56182.931952582905,0
8814,55669919,Surname_8814,583,Spain,Female,35.0,5,113099.96928225155,2,1,1,35079.30906054375,1
8815,94229687,Surname_8815,790,France,Female,24.0,8,219212.6151351233,3,0,0,33134.272579227705,1
8816,11110498,Surname_8816,731,Germany,Female,28.0,2,94071.2862163019,2,0,0,52805.84489309834,1
8817,60605048,Surname_8817,718,France,Male,46.0,7,10830.206438000034,2,0,0,16669.545691289095,1
8818,69047447,Surname_8818,722,France,Female,41.0,3,248202.55808854848,4,1,1,134964.2591435653,1
8819,70046431,Surname_8819,740,Germany,Male,57.0,2,73117.7916578139,3,0,1,71167.67007569916,1
8820,90119090,Surname_8820,416,France,Male,59.0,3,105191.10852577403,4,1,1,14963.429852931633,0
8821,46756311,Surname_8821,440,Germany,Male,54.0,9,225270.33530596213,2,0,0,48114.818464774304,0
8822,17365884,Surname_8822,380,Germany,Male,39.0,2,43586.61609553949,3,1,0,108771.58471294037,0
8823,17275432,Surname_8823,770,Spain,Female,30.0,8,78045.06253730875,4,0,0,40333.39467747144,1
8824,98519520,Surname_8824,759,France,Male,39.0,6,159287.47918238732,2,1,0,79291.13580605129,1
8825,46018186,Surname_8825,677,Germany,Male,28.0,9,243697.63837354016,2,0,1,23852.92455657042,1
8826,86368886,Surname_8826,728,Germany,Female,47.0,9,110097.39685692058,1,1,1,118192.67464430997,0
8827,10707251,Surname_8827,839,Spain,Female,49.0,3,131317.95888681567,1,1,1,11204.132228022858,1
8828,91410795,Surname_8828,412,Germany,Male,30.0,7,150577.38060004497,4,0,0,25849.06432874485,1
8829,61862221,Surname_8829,590,Germany,Female,55.0,4,13740.730378432652,1,0,1,133991.71872642613,0
8830,17543573,Surname_8830,572,Germany,Male,38.0,2,140023.2090147911,2,0,0,138667.9452779109,0
8831,83103766,Surname_8831,533,Germany,Male,34.0,4,222947.75552777687,1,1,0,122493.14398864214,1
8832,85095754,Surname_8832,511,Spain,Male,28.0,7,227660.4943514129,4,1,0,66098.36587245294,0
8833,81139931,Surname_8833,421,France,Female,55.0,3,163772.67433595,3,0,0,20525.61696956956,1
8834,52813826,Surname_8834,837,Spain,Female,59.0,6,125058.70990881007,1,0,1,18958.967569385837,0
8835,24189684,Surname_8835,736,Spain,Male,23.0,9,247033.44167180307,1,0,0,110787.38213095577,1
8836,17367702,Surname_8836,830,Germany,Male,46.0,5,205448.17266137764,3,0,1,137990.0402201889,1
8837,18483606,Surname_8837,473,France,Female,41.0,5,114336.05989376474,2,0,0,115118.66409887449,0
8838,65291668,Surname_8838,385,France,Female,42.0,3,232016.2722215283,4,1,1,99803.58989094506,0
8839,48169514,Surname_8839,656,France,Male,53.0,4,149745.63042320634,3,1,0,81107.95555499432,0
8840,84162271,Surname_8840,364,Germany,Female,36.0,2,15156.504339644245,2,1,0,89487.39963983443,1
8841,31181674,Surname_8841,807,Spain,Female,43.0,4,106855.2694745433,1,1,0,12953.54082537739,1
8842,75342465,Surname_8842,383,France,Female,36.0,0,158667.51037191795,3,0,1,37694.51534688297,1
8843,12229701,Surname_8843,764,France,Female,36.0,0,150839.383817965,2,0,0,133551.51628539024,1
8844,52031438,Surname_8844,616,France,Male,56.0,0,83146.22730757915,1,1,1,46382.59006124274,0
8845,77724161,Surname_8845,815,Spain,Female,42.0,0,98852.37352873638,1,1,0,129428.52425716238,0
8846,87050171,Surname_8846,533,France,Male,53.0,2,31140.369930588524,3,0,1,138136.84391938546,1
8847,40822191,Surname_8847,482,France,Female,21.0,7,12323.324100938531,2,1,0,32077.916687867586,0
8848,13043879,Surname_8848,798,Spain,Female,44.0,5,134940.74969216625,2,0,1,134439.82187357754,1
8849,82802664,Surname_8849,658,Spain,Female,27.0,9,115858.77788730162,1,1,1,144453.40950932654,1
8850,75260109,Surname_8850,679,Germany,Female,46.0,5,57403.27830455269,3,1,1,78343.99967625897,0
8851,37198828,Surname_8851,697,Germany,Male,33.0,1,111524.19512503437,1,1,0,120820.33299507528,1
8852,82207810,Surname_8852,507,Spain,Female,46.0,2,126847.91912810129,1,0,0,58588.739355957136,1
8853,74135478,Surname_8853,465,Spain,Female,29.0,9,22661.870717354148,3,0,0,117708.87413562115,0
8854,37996917,Surname_8854,697,Spain,Female,20.0,9,26257.03020776024,2,1,1,112740.46774615977,1
8855,81792563,Surname_8855,789,France,Male,18.0,3,125447.05403125883,1,0,1,127669.39923908297,0
8856,72645863,Surname_8856,632,France,Female,56.0,6,239582.8056782763,4,0,0,95784.00114127476,1
8857,50641106,Surname_8857,766,Germany,Male,19.0,6,63344.67433895544,1,1,1,73090.6902648579,1
8858,27164296,Surname_8858,673,Germany,Female,26.0,7,52880.29588611445,4,0,0,99787.6353601914,0
8859,61728630,Surname_8859,668,France,Male,59.0,3,65450.35003540042,2,0,0,30498.218841433296,0
8860,24860002,Surname_8860,522,Spain,Female,36.0,5,13100.247358607292,1,1,0,149411.50304959965,1
8861,16443017,Surname_8861,789,Spain,Male,50.0,8,60645.21021027306,4,1,1,38302.39418676568,1
8862,77012767,Surname_8862,511,France,Male,34.0,0,151112.58923558088,4,1,1,50207.271902188855,1
8863,62958425,Surname_8863,685,France,Male,49.0,8,57563.48908128567,3,0,1,109719.77868640436,1
8864,84526398,Surname_8864,796,Germany,Male,53.0,3,220548.91207389432,1,1,0,59469.71713107364,0
8865,44445086,Surname_8865,622,France,Female,47.0,2,125639.15535154013,2,1,0,135107.30921229412,0
8866,21350733,Surname_8866,610,France,Male,43.0,3,66313.34103520704,2,1,0,95446.50198046326,1
8867,66993325,Surname_8867,783,Spain,Female,48.0,3,107685.22042747425,4,1,1,46060.00726134948,1
8868,27484801,Surname_8868,538,Spain,Male,35.0,6,133834.50773596583,2,1,0,105857.32877734014,0
8869,36404852,Surname_8869,718,Spain,Female,34.0,6,187113.79986720812,1,0,1,135448.3322840341,0
8870,45891322,Surname_8870,748,Germany,Male,41.0,5,140993.62212740778,4,1,1,133829.88592426156,0
8871,31873151,Surname_8871,762,France,Female,42.0,2,132106.92405111837,1,0,1,55191.41185011644,0
8872,28492904,Surname_8872,753,Germany,Female,44.0,6,113339.56649340501,4,0,0,65546.413536745,1
8873,33419510,Surname_8873,506,Germany,Male,20.0,3,185533.87876753448,1,0,0,105601.05236726566,1
8874,23810912,Surname_8874,384,France,Male,52.0,8,145656.4662739627,1,0,0,32414.638521546836,0
8875,68135814,Surname_8875,618,Germany,Male,31.0,8,77774.52331529545,2,0,0,92747.5231151566,1
8876,40105919,Surname_8876,429,Spain,Male,31.0,3,210659.07431876595,1,1,1,51642.38354078892,0
8877,47303100,Surname_8877,842,Germany,Female,46.0,7,130535.82194162342,1,1,1,137394.08745343456,1
8878,61643662,Surname_8878,831,France,Female,41.0,0,19956.199115514133,4,0,1,44847.45840383251,1
8879,41590496,Surname_8879,472,Germany,Female,30.0,9,97324.7222114505,4,0,0,140563.60412456916,0
8880,86994347,Surname_8880,599,France,Male,45.0,5,29929.653333159,2,0,0,137486.74029881536,1
8881,11673031,Surname_8881,793,France,Female,26.0,9,36133.45084918099,2,0,0,121968.8070754076,1
8882,41906357,Surname_8882,666,Spain,Male,30.0,7,163804.66943717917,1,1,0,138423.40396274906,1
8883,62088987,Surname_8883,644,France,Male,48.0,7,213276.8093320321,3,0,1,91717.96421008187,1
8884,85482317,Surname_8884,744,Spain,Female,28.0,2,64728.069573475346,4,0,0,126957.20477903509,0
8885,85316075,Surname_8885,409,France,Male,30.0,9,44146.81129539266,1,1,0,46374.69873545148,0
8886,57911781,Surname_8886,671,Spain,Male,46.0,3,103996.30759714893,4,0,0,32830.12875389535,0
8887,83889739,Surname_8887,649,Spain,Female,18.0,1,84157.01813877735,2,1,0,47127.93209397857,0
8888,94813799,Surname_8888,673,Germany,Male,59.0,7,236449.6225964749,2,1,0,61820.15662220733,1
8889,77183698,Surname_8889,694,Spain,Female,25.0,0,134277.80968811744,1,1,1,86533.2517390388,1
8890,79924736,Surname_8890,719,France,Female,45.0,6,222935.64736139108,1,1,0,86936.80580805957,0
8891,26664129,Surname_8891,708,Spain,Male,39.0,4,131377.65976547045,1,1,1,147280.2926724542,0
8892,42211737,Surname_8892,436,France,Female,50.0,7,9944.283860606085,2,1,1,107248.91845109401,1
8893,70649481,Surname_8893,638,Spain,Female,23.0,9,91171.75779666373,3,1,1,107471.4433690668,0
8894,68214489,Surname_8894,765,France,Female,20.0,2,207838.61647243987,2,0,1,74200.50111330464,0
8895,58965325,Surname_8895,796,Germany,Female,39.0,3,29987.614968669503,3,0,1,46139.317615944725,0
8896,93084418,Surname_8896,450,Spain,Male,51.0,3,220962.02693162533,1,1,0,67603.34222492494,0
8897,91146767,Surname_8897,771,France,Female,57.0,8,87795.68962458789,3,1,1,39240.11148747288,0
8898,48621959,Surname_8898,564,France,Male,48.0,2,147160.67339692425,1,1,1,123408.27075550333,1
8899,46483582,Surname_8899,495,Germany,Female,52.0,3,199241.79535190985,1,1,0,25702.32873663956,0
8900,29243652,Surname_8900,455,Spain,Female,42.0,9,147474.91964944813,4,0,1,47815.49794805892,0
8901,67305618,Surname_8901,631,France,Female,42.0,3,66097.3838727941,1,0,1,138263.6732292373,1
8902,24306844,Surname_8902,391,France,Female,54.0,2,39018.64196853261,3,1,0,127181.71597919977,0
8903,29390150,Surname_8903,488,Germany,Female,54.0,5,131349.7722157372,4,0,1,148851.00378441394,0
8904,48344206,Surname_8904,499,Germany,Female,48.0,7,10260.55321028943,1,1,1,97243.46628446828,1
8905,82134296,Surname_8905,788,Spain,Male,55.0,7,105497.5243455239,4,1,0,51858.58862096321,0
8906,20888774,Surname_8906,408,Germany,Female,34.0,0,44395.40053706631,2,0,1,108952.09573696641,1
8907,86747359,Surname_8907,754,Spain,Male,36.0,6,166762.0536600159,4,0,0,127926.01669941688,1
8908,23408129,Surname_8908,741,France,Female,26.0,4,150478.92667066932,4,1,0,54677.96513586631,0
8909,75311311,Surname_8909,614,Germany,Male,19.0,0,140458.56944040942,2,1,0,98906.39940248552,1
8910,11552828,Surname_8910,618,Germany,Male,26.0,4,211210.01364755418,3,1,0,75171.24510468513,0
8911,83947869,Surname_8911,689,Germany,Male,30.0,4,190839.23714444207,1,1,0,133319.55052058265,0
8912,71473423,Surname_8912,490,Spain,Female,48.0,7,231570.06766343932,4,1,0,27698.361035417758,0
8913,73142870,Surname_8913,407,Germany,Female,52.0,1,138569.68186788599,1,0,1,146216.98227369034,1
8914,76542827,Surname_8914,812,Spain,Male,18.0,2,246483.3340952809,2,0,0,58143.29607997797,0
8915,89818371,Surname_8915,580,Germany,Male,51.0,2,98948.3338440435,2,0,1,138308.96967319236,0
8916,93805233,Surname_8916,504,Spain,Female,30.0,1,227464.79097831665,3,1,1,33934.82851323027,0
8917,31588406,Surname_8917,567,France,Male,19.0,0,37373.596262583604,1,1,1,47763.187368543535,0
8918,18983799,Surname_8918,546,Spain,Female,26.0,1,161259.42986178808,2,1,0,103032.98492837786,1
8919,99835364,Surname_8919,594,Germany,Male,29.0,1,236065.6356957466,1,0,1,90063.45351523231,0
8920,95593748,Surname_8920,491,Spain,Female,27.0,6,162114.5287763437,2,1,0,67045.37180173937,0
8921,85616669,Surname_8921,784,Germany,Female,36.0,1,90337.2807053728,1,1,1,98262.69839091055,1
8922,75423887,Surname_8922,642,Germany,Female,25.0,9,212945.09181885174,1,0,0,70373.1456802476,1
8923,81491315,Surname_8923,493,Germany,Female,57.0,8,75757.18505007065,2,0,1,91970.4656192231,1
8924,95029688,Surname_8924,738,Spain,Male,48.0,0,204627.49914257147,1,1,1,123981.24466608827,0
8925,80022280,Surname_8925,639,Spain,Female,49.0,8,120321.52545645933,3,0,0,137460.69065755798,1
8926,59684339,Surname_8926,499,France,Female,42.0,7,192573.11415268495,3,0,1,84140.86937513028,1
8927,48414629,Surname_8927,841,France,Female,53.0,4,179344.54384246154,4,0,0,44902.46549306173,0
8928,63886064,Surname_8928,629,Spain,Male,25.0,6,229983.68174427844,3,1,0,36987.876258925404,1
8929,32781837,Surname_8929,656,Spain,Female,44.0,0,175772.5069580394,1,1,0,74983.71532434662,1
8930,50666835,Surname_8930,369,Germany,Male,22.0,3,120163.80119490408,2,0,1,124364.49737547708,0
8931,14765019,Surname_8931,709,Spain,,46.0,1,228638.53965714324,4,0,0,92557.6797850701,1
8932,78104886,Surname_8932,553,Spain,Male,41.0,3,76597.6911311295,2,0,0,58145.02052751518,0
8933,81766151,Surname_8933,434,Spain,Female,57.0,7,71884.99206792784,1,0,1,73661.84549531098,1
8934,80947717,Surname_8934,520,Spain,Male,26.0,4,148358.73755614943,3,0,1,44498.05201308533,0
8935,11382961,Surname_8935,660,Germany,Male,39.0,2,160688.69313389997,3,1,1,17581.39865156702,1
8936,71084672,Surname_8936,580,France,Male,32.0,3,219260.33770180846,3,1,1,60033.54402565536,1
8937,49109334,Surname_8937,438,Spain,Female,33.0,9,110516.51607806912,4,1,0,12202.563485932613,0
8938,20780519,Surname_8938,472,Germany,Female,56.0,4,117203.96755427368,4,0,0,69556.64343111482,0
8939,95686478,Surname_8939,604,Spain,Female,30.0,8,170587.01995536426,1,0,0,52391.20766658209,1
8940,82523933,Surname_8940,715,Spain,Female,31.0,5,124823.9780606781,3,1,0,76902.3090395372,0
8941,25781273,Surname_8941,662,Germany,Female,24.0,5,162110.90934735807,3,0,0,64857.96598826275,1
8942,64091488,Surname_8942,646,Spain,Male,59.0,6,141442.66072410686,4,1,1,37505.31057675765,0
8943,61528909,Surname_8943,401,France,Male,35.0,6,225231.02140293896,1,1,1,129749.21763985546,1
8944,45237932,Surname_8944,759,France,Male,58.0,9,234422.07321802503,4,0,0,121787.22315043394,0
8945,41482476,Surname_8945,825,France,Female,19.0,9,158069.53877398008,2,0,1,121416.14030767226,0
8946,37144180,Surname_8946,370,France,Male,48.0,8,38885.958389894644,3,0,1,75402.68960038845,1
8947,95036894,Surname_8947,375,Spain,Male,36.0,0,221325.28738615446,3,1,0,107258.5371418666,0
8948,79700181,Surname_8948,476,Spain,Male,33.0,4,23419.191015407516,3,0,1,62701.15197408629,0
8949,50477729,Surname_8949,564,Spain,Female,33.0,3,191889.99916722527,4,1,0,29615.402375682297,1
8950,64721847,Surname_8950,553,Spain,Female,32.0,2,245369.5829645814,1,0,0,120992.78020033058,1
8951,87244037,Surname_8951,837,Germany,Female,40.0,0,182115.81454626864,2,1,1,111801.48641196768,1
8952,83890790,Surname_8952,559,Spain,Male,55.0,7,75164.2726810564,1,1,1,137720.14471041143,0
8953,39626303,Surname_8953,628,Germany,Male,38.0,6,78898.18659196058,2,1,1,38385.88274663963,0
8954,26125675,Surname_8954,646,Spain,Female,52.0,1,151727.19772505973,3,0,1,14546.605733139335,1
8955,39117123,Surname_8955,591,Germany,Female,55.0,2,166193.33976109,1,0,1,135923.9818839818,1
8956,90258488,Surname_8956,551,Germany,Male,22.0,0,85.62442569357009,3,1,0,45446.828700072794,1
8957,74517129,Surname_8957,657,France,Male,48.0,1,90706.708617943,1,0,0,66461.45996022955,0
8958,48521837,Surname_8958,483,Spain,,42.0,5,51745.15066319915,2,0,1,104941.56440713684,1
8959,20814317,Surname_8959,780,Spain,Female,32.0,3,44579.54984868051,4,1,1,80385.51163903842,1
8960,33746608,Surname_8960,744,Germany,Female,27.0,4,211798.23499077756,2,1,1,120813.7907036508,1
8961,52284604,Surname_8961,770,Germany,Male,35.0,3,120366.49997849838,2,0,1,79546.148656426,0
8962,27797762,Surname_8962,813,France,Male,23.0,8,189602.3250187258,2,1,0,101747.33399235742,1
8963,81862826,Surname_8963,782,France,Male,33.0,0,110605.30860241949,2,1,1,63449.9743947915,0
8964,92471701,Surname_8964,838,Spain,Female,49.0,4,173320.01115252366,3,0,0,47151.18406310492,0
8965,43251309,Surname_8965,775,France,Female,49.0,1,63667.39803150101,2,0,1,39430.363167891024,1
8966,95554316,Surname_8966,487,Germany,Female,59.0,8,121572.02165005224,3,1,1,99672.19178458976,0
8967,45593854,Surname_8967,436,Germany,Female,47.0,7,13760.3769547954,2,1,1,79913.72459637324,0
8968,89052225,Surname_8968,596,Spain,Male,27.0,4,204953.94716594988,4,1,1,107537.6223430107,0
8969,79045950,Surname_8969,671,Germany,Male,54.0,0,198154.64866253434,2,1,0,15949.304024505247,0
8970,38948518,Surname_8970,759,France,Female,51.0,5,25255.714928602596,3,0,0,49999.87269297833,0
8971,77244631,Surname_8971,608,Spain,Female,18.0,4,122944.68150381488,2,1,1,48092.200028807034,1
8972,58617129,Surname_8972,731,Spain,Female,49.0,0,102916.2316824887,2,0,0,119261.84994286706,0
8973,81144587,Surname_8973,464,Spain,,18.0,5,194133.79225244164,1,0,0,134779.5600738104,0
8974,35914025,Surname_8974,784,Germany,Male,27.0,2,138373.79118581576,1,1,1,42721.440117846985,0
8975,60454768,Surname_8975,516,France,Female,58.0,8,127194.05428352678,1,1,0,51920.489746376734,1
8976,82465225,Surname_8976,520,Spain,Male,38.0,6,32778.12639745645,2,0,1,43042.11086465165,0
8977,99448254,Surname_8977,525,Spain,Male,48.0,0,247259.9804010212,1,1,1,83378.75941535461,0
8978,93509407,Surname_8978,846,Spain,Male,42.0,5,217151.85308533875,2,1,0,12978.864555126393,0
8979,11762852,Surname_8979,729,Germany,Male,21.0,6,247286.38477800728,4,0,0,125532.19457719846,1
8980,80471451,Surname_8980,477,Spain,Female,38.0,2,229286.57549811134,2,0,1,89291.91315404608,0
8981,24515892,Surname_8981,544,Germany,Female,22.0,5,14065.851382835532,1,0,0,66758.73942562952,0
8982,16948289,Surname_8982,763,Spain,Female,59.0,9,65475.73360685421,4,1,0,40787.77560395897,1
8983,88298600,Surname_8983,685,Spain,Male,20.0,0,50028.69635590318,3,0,0,94961.65425145559,1
8984,66426830,Surname_8984,763,France,Male,23.0,6,117867.75847377906,2,0,0,62891.11213493231,1
8985,96099504,Surname_8985,576,Germany,Female,44.0,7,131466.95998591173,3,0,1,33349.52460126403,0
8986,74279031,Surname_8986,632,Germany,Female,35.0,1,154797.64215602158,4,0,1,76966.1913555874,1
8987,17194628,Surname_8987,677,Spain,Female,39.0,3,76216.49842148334,1,0,0,78386.57988613506,1
8988,80878486,Surname_8988,395,France,Female,37.0,2,203432.31781327745,4,0,1,138520.67978034573,0
8989,11708625,Surname_8989,359,Spain,Female,46.0,1,148626.20353226218,4,1,1,28228.207076994433,1
8990,29607362,Surname_8990,764,Spain,Male,18.0,0,101164.78640229632,2,0,1,143816.89901453108,1
8991,17593330,Surname_8991,765,France,Male,27.0,8,41968.958542914545,3,0,0,21034.128718063945,1
8992,57207027,Surname_8992,610,Spain,Male,57.0,0,116345.58523577482,3,1,1,46429.36675923915,1
8993,97476804,Surname_8993,838,Germany,Female,19.0,5,107336.5366684382,1,1,1,51414.043038213385,1
8994,65181604,Surname_8994,563,France,Male,38.0,2,237702.36906482402,1,1,1,129633.47401712892,0
8995,15510819,Surname_8995,611,France,Male,52.0,0,68155.60776863863,1,1,0,105625.28732010677,0
8996,23503106,Surname_8996,820,Germany,Male,36.0,7,117710.32222439803,1,1,1,17157.814736569406,0
8997,49127359,Surname_8997,484,France,Male,48.0,5,9978.734470999063,2,1,0,43696.59555527291,1
8998,60906201,Surname_8998,554,Spain,Male,55.0,4,198173.24977921107,2,1,0,130175.95944902729,0
8999,19373841,Surname_8999,406,Spain,Male,41.0,1,74956.99609476114,4,1,1,44644.819506739586,0
9000,80156653,Surname_9000,383,France,Male,44.0,0,249559.06935298364,3,1,0,149077.29874313902,0
9001,84379026,Surname_9001,627,France,Male,42.0,0,14906.870223722251,3,0,0,46570.15924475076,0
9002,40957938,Surname_9002,393,Spain,Female,33.0,0,34941.421507585,3,1,0,35599.159092557675,0
9003,27927285,Surname_9003,637,Spain,Male,29.0,0,177167.863483337,1,0,1,134367.57040054287,0
9004,79745137,Surname_9004,552,Spain,Male,50.0,9,170953.2474494694,4,1,1,39157.865670882486,0
9005,93078202,Surname_9005,683,Spain,Male,53.0,2,218514.8016929084,1,1,0,132164.43738861583,0
9006,64045944,Surname_9006,563,Spain,Female,27.0,8,232058.36125632175,3,0,0,33936.55524838486,1
9007,39266636,Surname_9007,806,France,Female,49.0,4,65282.82798494594,2,0,1,110167.73283111048,1
9008,42428092,Surname_9008,573,France,Male,44.0,9,155561.1136612408,4,0,1,114391.00566576737,1
9009,55912572,Surname_9009,593,France,Female,32.0,0,38477.991677729115,3,0,0,64495.23599759323,0
9010,56544408,Surname_9010,409,Germany,Female,48.0,1,71166.13181212348,1,0,1,149106.87927612444,0
9011,49508950,Surname_9011,682,Germany,Male,44.0,6,17901.48203397543,4,0,1,68195.36715236488,1
9012,12830102,Surname_9012,824,Spain,Female,30.0,8,213863.5910502888,4,0,1,58126.23695469261,1
9013,48865321,Surname_9013,741,Germany,Female,44.0,2,225045.56519911517,2,0,1,133809.2999506992,0
9014,18810884,Surname_9014,785,France,Male,18.0,4,67203.21704503437,3,1,0,134688.13979730802,0
9015,98238310,Surname_9015,723,Spain,Male,41.0,9,220206.67365835657,3,1,1,133296.03130298154,1
9016,52688616,Surname_9016,586,France,Female,43.0,7,38933.8992102406,2,0,0,125826.45505443974,1
9017,35576752,Surname_9017,537,Spain,Male,47.0,9,23903.488522541706,3,0,1,115981.93141701676,0
9018,43146002,Surname_9018,686,Germany,Male,27.0,3,59817.29099860747,2,1,0,141947.71504762943,1
9019,67552444,Surname_9019,664,France,Female,55.0,0,207390.61547457945,3,1,0,116176.92817549869,0
9020,29067977,Surname_9020,362,Spain,Female,31.0,4,219491.24854718213,3,0,0,95175.4930296249,0
9021,35654824,Surname_9021,676,France,Male,25.0,7,23982.79853594193,2,1,1,117043.79604420891,0
9022,71622474,Surname_9022,719,Germany,Female,29.0,8,234921.47819464235,3,1,0,120631.72263743437,0
9023,32313683,Surname_9023,820,Germany,Female,43.0,7,188941.79712498086,4,0,0,23977.212076146774,0
9024,30730037,Surname_9024,450,Germany,Male,37.0,5,127047.58035732253,1,0,1,36419.096735763145,1
9025,11876904,Surname_9025,762,Spain,Male,59.0,1,17226.045032971564,4,1,0,32257.350149966805,1
9026,30262752,Surname_9026,426,France,Male,31.0,7,184887.2766271136,1,1,0,35132.77804127558,0
9027,15534953,Surname_9027,657,Germany,Female,53.0,9,92910.24433900425,4,1,1,125853.3607965196,1
9028,32419600,Surname_9028,409,Germany,Female,50.0,6,185591.0282677452,3,1,0,47682.27114966015,0
9029,36509062,Surname_9029,493,Germany,Male,38.0,0,220308.30726752194,2,0,0,141368.45444806776,1
9030,20579421,Surname_9030,372,France,Female,41.0,7,153254.89426856794,4,0,1,20680.8448706771,1
9031,36609773,Surname_9031,472,Germany,Female,58.0,5,154742.82475502137,2,0,1,135638.22077904342,1
9032,68407189,Surname_9032,411,Spain,Male,35.0,7,181483.92004125917,1,0,0,114352.98863214506,0
9033,22191446,Surname_9033,497,France,Male,53.0,6,215104.6048033778,1,0,0,25509.887310106868,0
9034,30463759,Surname_9034,688,Spain,Male,39.0,7,126065.47932240587,1,1,1,58303.32340108199,1
9035,10225481,Surname_9035,676,Germany,Male,20.0,3,201706.85140604558,1,0,1,97678.50725232984,1
9036,47783662,Surname_9036,501,Spain,Male,59.0,6,161601.8099330921,4,0,1,114273.25802152793,1
9037,64462400,Surname_9037,664,France,Female,41.0,6,67961.4244214338,4,0,0,57533.11976378317,0
9038,79562224,Surname_9038,553,Germany,Female,28.0,0,90056.37034100406,2,1,0,103706.01719834685,1
9039,29314884,Surname_9039,526,Germany,Female,41.0,8,201156.57955549523,3,0,0,52882.85550279849,1
9040,76819986,Surname_9040,465,Spain,Male,58.0,4,75408.51773629418,4,1,0,72988.3361510289,0
9041,75374343,Surname_9041,501,Spain,Male,35.0,5,228898.54090343261,3,0,0,128747.98333131996,0
9042,96934460,Surname_9042,485,France,Male,56.0,3,209070.43001527665,4,1,1,86486.57574276821,0
9043,13543517,Surname_9043,641,Spain,Male,34.0,4,216790.18584864485,4,1,1,134129.6206021121,0
9044,62564008,Surname_9044,439,France,Female,19.0,7,197411.71711671143,1,0,0,99875.39759057858,1
9045,36989878,Surname_9045,613,France,,46.0,7,196552.38007690365,2,1,1,103444.86085211554,0
9046,15985414,Surname_9046,760,Spain,Male,28.0,4,128853.53422846216,3,0,1,56956.888823916466,1
9047,84783825,Surname_9047,815,France,Male,51.0,0,142356.79560966464,1,1,1,69630.10245153424,0
9048,48015756,Surname_9048,681,Spain,Female,25.0,6,13528.707197435097,3,1,1,67723.69048656413,1
9049,77013655,Surname_9049,717,Germany,Female,29.0,7,24838.92170887636,4,1,1,78236.24767190486,0
9050,60740183,Surname_9050,634,Germany,Female,20.0,3,239736.24508926223,4,0,0,25312.296693035587,1
9051,48993428,Surname_9051,773,Spain,Male,25.0,9,7667.728430829301,1,0,0,97625.49514049613,1
9052,53981495,Surname_9052,539,Spain,Male,35.0,3,87218.30489098154,1,1,0,24670.569049693306,0
9053,63828895,Surname_9053,661,Spain,Male,18.0,4,112426.81584081615,3,1,1,47099.92809281116,1
9054,55340725,Surname_9054,666,France,Female,24.0,8,209048.73336637425,3,1,0,143466.95620500014,0
9055,96945721,Surname_9055,600,France,Female,38.0,2,87154.80547407536,2,1,1,60865.024091092506,1
9056,22528938,Surname_9056,564,Spain,Female,26.0,3,88249.700883036,4,0,1,51068.74058400382,1
9057,59399817,Surname_9057,477,Germany,Male,44.0,2,18233.521499440518,2,1,0,124221.03029866167,0
9058,26610919,Surname_9058,405,Spain,Female,52.0,2,197213.43095479836,1,0,0,129025.56169252475,0
9059,44443702,Surname_9059,565,Spain,Female,29.0,6,187131.91500400752,1,0,0,93637.62447954324,1
9060,98133156,Surname_9060,684,Germany,Female,44.0,0,13648.03867804712,1,0,0,85419.34636391321,0
9061,55987727,Surname_9061,531,France,Female,31.0,0,70116.65007743193,3,0,0,140352.74394626333,1
9062,52466275,Surname_9062,784,France,Male,33.0,8,9256.735965409158,2,1,1,62238.92251735118,0
9063,31720214,Surname_9063,358,Spain,Male,22.0,5,1005.2240995129247,2,0,1,29124.803330779214,1
9064,52544725,Surname_9064,418,France,Male,51.0,4,177192.96644236986,3,1,0,108328.39686265527,0
9065,89876836,Surname_9065,664,Spain,Male,47.0,4,167578.35987982404,1,1,0,18030.621056132535,0
9066,93621552,Surname_9066,726,Spain,Female,44.0,5,54712.98108038697,4,1,1,112676.96978917434,0
9067,76890429,Surname_9067,520,France,Female,38.0,1,104058.93649144993,2,0,1,57844.27066127178,0
9068,66427779,Surname_9068,671,Spain,Male,23.0,0,55499.085663686696,1,0,1,102634.36632552411,1
9069,25435461,Surname_9069,470,Spain,Male,58.0,7,190089.12987435766,3,0,0,136066.25340858725,0
9070,60277473,Surname_9070,662,France,,31.0,3,121551.67540300282,1,1,1,49628.71020312785,0
9071,69803830,Surname_9071,445,Spain,Female,34.0,1,12688.95639675488,1,1,0,74193.80250455117,1
9072,99806237,Surname_9072,383,Germany,Female,55.0,5,39581.805231589606,2,0,1,10211.659088197719,0
9073,81301363,Surname_9073,644,Germany,Male,59.0,7,105271.28165967956,3,0,0,56338.01069952133,0
9074,64676563,Surname_9074,529,Germany,Female,48.0,3,175068.2986968025,1,1,1,123770.32228431696,0
9075,63270994,Surname_9075,419,France,Male,32.0,1,132394.89398736064,3,0,0,141991.69807377015,0
9076,71455412,Surname_9076,669,Spain,Female,56.0,8,85390.3841836224,4,1,0,84161.74909818181,0
9077,60838668,Surname_9077,524,France,Female,59.0,2,71918.81368946626,4,1,0,128266.06577621294,1
9078,62399666,Surname_9078,590,France,Female,28.0,5,123489.89132095242,2,0,0,75526.42361501422,0
9079,54973317,Surname_9079,801,Germany,Male,41.0,0,74487.65605895397,1,1,1,106239.41151434886,1
9080,21976914,Surname_9080,788,Spain,Male,43.0,9,141153.50595142564,1,0,1,52710.4501495485,1
9081,99422082,Surname_9081,651,Spain,Female,49.0,5,89231.3291006023,4,0,0,149472.26104380525,1
9082,91483901,Surname_9082,399,France,Female,32.0,5,77403.71741820298,3,1,1,129572.8194482431,1
9083,85243254,Surname_9083,440,Germany,Male,55.0,3,176959.52803016416,3,0,0,48679.82145290699,0
9084,66925977,Surname_9084,621,Germany,Male,59.0,9,206692.1036285802,4,0,0,148063.79024353877,0
9085,55147414,Surname_9085,818,France,Female,31.0,6,248742.91459399243,3,0,0,127003.97471118777,0
9086,25335113,Surname_9086,808,Germany,Female,58.0,8,189418.14832497187,1,1,0,60189.224896509404,1
9087,32982648,Surname_9087,807,Germany,Female,50.0,3,160718.43699116568,1,1,0,147150.37936125437,1
9088,82737966,Surname_9088,395,France,Female,54.0,2,86500.6495104168,3,0,0,135695.37404077756,1
9089,64142088,Surname_9089,641,Germany,Female,22.0,9,183112.28891289857,2,0,0,45083.89603911776,1
9090,52525550,Surname_9090,843,France,Male,30.0,9,204041.70817539975,4,0,1,141077.98873487927,1
9091,74828113,Surname_9091,738,France,Female,35.0,2,30902.61585169876,2,1,1,90044.46202549036,0
9092,43756701,Surname_9092,787,Spain,Female,31.0,1,61448.818253407226,2,1,0,87635.9587648847,1
9093,75194187,Surname_9093,736,Germany,Male,39.0,1,18858.616775882823,2,0,0,76041.18193595773,0
9094,76212632,Surname_9094,663,Spain,Male,23.0,4,246732.77075986107,3,0,0,72693.90647326068,1
9095,76686616,Surname_9095,770,France,Male,29.0,6,102325.01291038418,3,1,1,108201.3342995963,1
9096,44291694,Surname_9096,799,Spain,Male,59.0,5,195669.3098164044,3,0,0,43975.34453550233,0
9097,42299712,Surname_9097,444,Spain,Female,20.0,0,95647.89233401278,4,1,0,76913.53175012533,1
9098,83001511,Surname_9098,591,Germany,Female,46.0,2,37246.19177350183,1,0,0,137640.02621827013,1
9099,29468839,Surname_9099,500,Spain,Female,35.0,5,4897.68159110271,1,0,1,16780.980847799707,0
9100,97603377,Surname_9100,354,Germany,Female,40.0,7,47030.24427452318,4,0,0,131082.92940341547,1
9101,97133446,Surname_9101,361,Germany,Male,44.0,2,91032.12572352724,1,1,1,135012.9677184709,0
9102,48501441,Surname_9102,631,Germany,Male,20.0,4,78009.24933482677,2,1,1,25971.745508729437,1
9103,76584821,Surname_9103,779,Spain,Female,42.0,3,122768.53455362078,4,1,1,24278.829097573456,1
9104,74289955,Surname_9104,751,Germany,Male,29.0,4,103571.85904998478,2,1,0,21393.112507808528,0
9105,90445974,Surname_9105,591,Spain,Male,40.0,4,25535.983366664765,3,1,1,79485.55527600231,0
9106,49391120,Surname_9106,680,Germany,Male,33.0,9,100918.74485512686,4,1,0,17031.42762621225,1
9107,11250854,Surname_9107,640,Spain,,35.0,7,160789.94149731845,1,0,0,45743.068990057705,1
9108,35116958,Surname_9108,835,Spain,Male,37.0,0,72858.51245658171,2,0,1,32841.254042634144,1
9109,25366558,Surname_9109,597,France,Female,24.0,3,93955.69617017388,3,1,1,35165.052187953916,1
9110,29775737,Surname_9110,571,France,Male,52.0,1,239312.76644933736,1,0,0,20792.016590113504,0
9111,29138121,Surname_9111,803,Spain,Male,23.0,3,78292.56509349166,1,1,1,100806.54474295073,1
9112,79650344,Surname_9112,743,Germany,Male,46.0,8,220791.55237719815,2,1,1,62268.19009785768,1
9113,32368233,Surname_9113,371,France,Female,23.0,1,1966.6737691365622,4,1,1,62147.780208967124,1
9114,65659932,Surname_9114,677,France,Male,24.0,4,72002.78991177156,4,0,0,45113.29220567802,0
9115,10883458,Surname_9115,394,Germany,Male,37.0,8,47438.73000145929,4,0,1,36940.333547804104,1
9116,19442686,Surname_9116,479,France,Male,32.0,7,6094.70896099909,4,1,1,27074.709098760824,0
9117,14949837,Surname_9117,495,France,Female,37.0,6,758.7125010284911,2,0,1,139589.71150799273,0
9118,14156971,Surname_9118,548,France,Male,33.0,6,141597.8825264824,3,0,1,37772.53918528059,0
9119,51106382,Surname_9119,815,Spain,Female,55.0,7,223298.74123049635,2,0,0,45328.32056567799,0
9120,90031951,Surname_9120,492,Spain,Male,22.0,6,168871.56610285028,4,1,1,56547.30963700816,1
9121,30209864,Surname_9121,353,France,Male,55.0,0,219953.93254633874,1,1,1,95862.87218098924,1
9122,17205409,Surname_9122,589,France,Male,20.0,0,58469.17224437404,2,0,1,19154.501469821655,1
9123,98313055,Surname_9123,532,Germany,Female,41.0,9,201825.03645681526,1,1,0,108403.53933837028,0
9124,50682277,Surname_9124,357,Spain,Female,55.0,0,195800.674148628,2,1,0,142352.291447769,1
9125,41348980,Surname_9125,390,Spain,Female,19.0,5,58463.60790901056,2,1,1,28016.972826458623,1
9126,94639280,Surname_9126,717,Germany,Male,45.0,5,126407.58168327263,4,0,0,85142.2425391798,0
9127,56188052,Surname_9127,838,France,Female,54.0,2,36153.33970902937,4,0,0,93480.78696173421,1
9128,25018757,Surname_9128,579,Germany,Female,20.0,2,78258.08718548222,4,0,1,61003.06334800773,1
9129,92195897,Surname_9129,700,Spain,,32.0,1,230231.67529930372,3,1,1,38381.28267738887,1
9130,73869206,Surname_9130,491,Spain,Female,59.0,8,87676.24359327478,4,0,0,129227.25371386489,0
9131,16529204,Surname_9131,573,Spain,Female,24.0,5,225247.89227300836,2,1,1,108514.23389856688,1
9132,28973400,Surname_9132,471,Spain,Male,34.0,6,131501.80082903075,1,1,0,42343.02071326268,1
9133,14532206,Surname_9133,470,France,Female,55.0,9,56293.73894873921,2,1,1,96403.87509976713,0
9134,83695829,Surname_9134,797,Germany,Male,48.0,1,170575.07582884055,4,1,1,98407.08229735466,1
9135,76226071,Surname_9135,463,Spain,Male,49.0,3,22748.267927887366,1,1,0,89489.59364408538,1
9136,55511247,Surname_9136,470,Spain,Male,35.0,6,151064.9604979449,2,1,0,23813.059098694986,1
9137,66515353,Surname_9137,375,France,Male,55.0,3,30865.87656523154,3,0,0,109053.47545072634,1
9138,37194726,Surname_9138,745,Germany,Female,29.0,2,208104.72764720587,1,0,0,65400.448980105735,0
9139,46710958,Surname_9139,491,Spain,Female,48.0,8,132927.42583842197,4,1,0,49332.33752843194,0
9140,48935201,Surname_9140,637,Germany,Male,28.0,7,74024.04760786449,3,1,1,135728.04662541166,0
9141,20686533,Surname_9141,628,France,Female,57.0,1,172885.19001792656,4,1,0,25228.3599320004,0
9142,84878292,Surname_9142,573,Spain,Female,58.0,5,72034.82203715778,4,1,1,38412.34350806789,0
9143,47897115,Surname_9143,539,Spain,Male,46.0,2,61806.053186971185,4,0,1,113639.31351192601,1
9144,10540175,Surname_9144,811,Germany,Male,56.0,0,210396.3596426222,1,1,0,35015.51473435127,1
9145,13928766,Surname_9145,755,France,Female,58.0,8,190391.45222189152,4,1,0,93732.05945267226,0
9146,79303452,Surname_9146,553,Spain,Female,20.0,7,216016.02950257342,4,0,0,145046.59765210905,0
9147,74100774,Surname_9147,699,Spain,Female,23.0,5,57985.26445402471,2,0,1,125171.43634180998,0
9148,22860151,Surname_9148,390,France,Male,36.0,0,38328.198229958034,1,1,0,73335.32754978427,1
9149,35519386,Surname_9149,694,France,,46.0,5,163529.55770058665,4,1,0,57883.17654504483,0
9150,56899316,Surname_9150,782,Spain,Female,58.0,2,220211.17639123005,1,1,0,82212.98791078014,1
9151,66271425,Surname_9151,727,France,Female,41.0,9,208400.6254221473,1,0,0,103021.28351593575,0
9152,11309492,Surname_9152,658,Germany,Female,39.0,7,236369.60995792056,3,0,0,142755.30758160635,0
9153,98613221,Surname_9153,380,Spain,Female,40.0,4,83488.3762040822,1,1,0,114472.55544641199,0
9154,75915239,Surname_9154,807,Germany,Female,32.0,7,52625.56890287035,4,1,0,69469.2538926684,1
9155,84444215,Surname_9155,444,Germany,Female,18.0,5,125461.02265642877,4,1,1,58373.47131625013,0
9156,38345109,Surname_9156,759,Spain,Female,24.0,5,140135.38473454159,4,0,0,48366.80124652092,1
9157,91531182,Surname_9157,811,France,Female,29.0,1,130657.29360152032,2,1,0,111843.90638345186,1
9158,48351753,Surname_9158,375,France,Male,58.0,1,63021.62673459535,2,1,0,38164.40316381849,0
9159,13618907,Surname_9159,715,Spain,Male,54.0,9,199436.72565306912,2,1,0,93060.02891102507,0
9160,69678345,Surname_9160,494,Spain,Female,48.0,7,152564.68568778152,4,0,1,124245.142747918,1
9161,23272415,Surname_9161,848,Germany,Male,55.0,7,78566.99807298605,1,1,1,114182.57933736457,1
9162,42228786,Surname_9162,544,Germany,Male,59.0,9,193774.04905267415,1,1,0,14312.188176392912,1
9163,64724224,Surname_9163,571,Germany,Female,54.0,9,229225.59316044103,2,1,0,10727.384187937701,1
9164,89341440,Surname_9164,607,Germany,Female,55.0,6,49306.79304453786,1,1,1,133672.73891446466,0
9165,62929177,Surname_9165,605,France,Male,49.0,8,214237.1298257022,1,1,1,86596.64048083016,0
9166,92372993,Surname_9166,723,Germany,Male,38.0,5,6393.577518332805,3,1,0,73847.8500820577,0
9167,39789576,Surname_9167,439,France,Female,51.0,9,2896.133048912203,3,0,1,40604.973224660425,0
9168,43170495,Surname_9168,643,Germany,Male,26.0,8,59483.526398564776,3,0,1,76853.09726061022,1
9169,87845885,Surname_9169,738,Spain,,58.0,8,245722.88579115926,2,1,0,10956.516649765003,1
9170,46242631,Surname_9170,737,Spain,Female,23.0,2,233652.66369647198,4,0,1,27508.15590656348,1
9171,99925882,Surname_9171,480,Spain,Male,47.0,7,161812.4147568987,2,0,0,99310.50874381735,1
9172,53521718,Surname_9172,784,Germany,Male,20.0,5,173587.40996927436,1,1,0,126607.31886692323,0
9173,25237599,Surname_9173,548,France,Male,43.0,7,214159.4057274463,4,0,1,113852.52585128773,1
9174,63811527,Surname_9174,679,Spain,Female,31.0,0,39753.9232722427,1,1,1,73614.36504430554,0
9175,54650849,Surname_9175,779,Germany,Male,54.0,7,75103.84351984007,2,1,0,92584.94121033647,1
9176,30196300,Surname_9176,420,France,Female,33.0,6,190044.3864472662,1,0,1,82575.1227832986,1
9177,46011796,Surname_9177,822,Spain,Female,39.0,9,172479.1558642129,3,0,0,17147.87739119481,0
9178,62888635,Surname_9178,780,Germany,Male,45.0,1,96144.53997450936,2,1,0,86191.52679695228,1
9179,75152845,Surname_9179,435,Spain,Male,55.0,2,201991.71381878568,4,0,1,147592.97190136742,0
9180,56901087,Surname_9180,388,France,Male,43.0,4,35621.80790454972,2,1,1,65372.3406135313,1
9181,25367833,Surname_9181,591,Spain,Female,38.0,7,116367.34078439104,3,0,1,59216.1494329389,0
9182,26035819,Surname_9182,514,Spain,Male,22.0,0,157479.27935291585,2,1,1,91652.65820935549,0
9183,24233397,Surname_9183,787,Spain,Female,58.0,3,80469.73082532985,4,0,1,84432.0753932021,0
9184,50553650,Surname_9184,613,Spain,Male,50.0,7,153388.9824170783,2,0,1,21602.35035459637,1
9185,11901153,Surname_9185,546,Spain,Female,24.0,2,72597.46852293638,3,1,1,111413.23863179726,0
9186,51352676,Surname_9186,415,France,Male,37.0,8,85782.99492011878,2,1,1,85331.34012987427,1
9187,99310886,Surname_9187,406,Germany,Female,22.0,7,69044.51742010254,4,0,1,79403.73683408115,0
9188,29226632,Surname_9188,696,Germany,Female,56.0,2,60672.31762393435,4,0,1,73100.38162492498,0
9189,88503785,Surname_9189,388,Spain,Male,26.0,5,154305.33430978656,1,1,1,128330.17628558319,0
9190,61441349,Surname_9190,407,Spain,Female,38.0,8,183586.18828017166,1,0,1,105356.30063315312,0
9191,81090128,Surname_9191,718,Spain,Male,26.0,1,200343.1129468546,4,0,1,107851.0804633546,0
9192,87704355,Surname_9192,529,Germany,Female,28.0,8,32701.908877557944,2,1,0,109086.7325929457,0
9193,86735798,Surname_9193,501,Germany,Female,31.0,2,163274.0366814938,4,1,0,40016.532529917546,0
9194,99091563,Surname_9194,786,Spain,Female,50.0,5,44424.070514768406,1,1,1,31333.312224121997,0
9195,51725265,Surname_9195,532,France,Male,42.0,8,105528.96831966018,4,0,1,92918.4438203149,1
9196,41350099,Surname_9196,640,Spain,Female,22.0,9,62423.664310724576,3,1,0,97868.91519953469,0
9197,86227549,Surname_9197,599,Spain,Female,37.0,5,141897.5668509341,2,1,0,93532.77814140254,1
9198,76166538,Surname_9198,645,France,Female,29.0,7,62416.68098116043,2,1,0,141525.0744011788,1
9199,28163031,Surname_9199,760,Spain,Female,48.0,6,136313.88125766462,4,1,0,12549.765332949202,0
9200,58736340,Surname_9200,637,Germany,Male,24.0,7,209924.23494703617,1,1,0,70035.3709023416,1
9201,18650448,Surname_9201,665,France,Male,35.0,8,183227.15840013005,1,1,1,146665.13408870486,1
9202,30398550,Surname_9202,635,France,Male,50.0,8,132824.04211099356,1,1,0,55655.75883288833,1
9203,16140348,Surname_9203,360,Spain,Male,29.0,8,13746.291183293402,3,0,1,120685.71733298874,0
9204,85997188,Surname_9204,708,Germany,Female,48.0,1,126213.15036892028,2,1,1,34419.43714802104,0
9205,49284708,Surname_9205,758,Spain,Male,30.0,3,178556.70943897712,2,0,1,16716.01601332985,1
9206,43610593,Surname_9206,353,Germany,Female,20.0,9,1217.8937057665817,4,1,1,43666.22973105819,1
9207,41858783,Surname_9207,841,Spain,Female,32.0,6,131522.78869083864,1,1,1,24240.994163088428,0
9208,13501634,Surname_9208,749,Germany,Male,59.0,1,53588.44250893893,1,0,0,134202.15063869633,1
9209,33493761,Surname_9209,470,Germany,Male,20.0,9,65133.00050246462,4,1,1,51100.22150974492,0
9210,59942674,Surname_9210,501,France,Female,37.0,5,210095.14569055891,2,0,1,108758.5664638852,1
9211,33142266,Surname_9211,490,Germany,Female,46.0,2,132993.7030237337,2,1,1,39969.02865079237,0
9212,51504645,Surname_9212,500,France,Male,37.0,9,138093.78529851843,4,1,1,68817.70681762748,1
9213,89362979,Surname_9213,762,Germany,Male,33.0,3,169794.3035885758,4,0,0,86592.72842508325,0
9214,63450626,Surname_9214,392,Spain,Female,24.0,9,170603.88464885968,3,1,1,113152.25551360869,1
9215,68063797,Surname_9215,379,France,Female,30.0,8,87118.7352164063,4,0,1,86695.15797592016,1
9216,99842950,Surname_9216,428,Spain,Male,25.0,9,33824.79453517201,4,1,1,34743.82722372694,1
9217,13928445,Surname_9217,567,Spain,Male,21.0,2,241771.7496370789,3,0,1,119506.99243643013,1
9218,41485039,Surname_9218,642,France,Male,50.0,7,141907.62620269493,4,0,1,92974.56184770477,0
9219,46785847,Surname_9219,523,Spain,Male,34.0,6,240129.02521365555,1,0,1,91339.53629817776,1
9220,18399156,Surname_9220,479,Spain,Female,43.0,6,95198.31703579379,2,1,1,118227.55243092426,1
9221,56350919,Surname_9221,577,Germany,,52.0,7,183090.8011285396,2,1,0,130681.94740651564,0
9222,48523501,Surname_9222,533,Germany,Female,24.0,8,93390.60430433307,4,0,1,82771.82090290103,1
9223,33606432,Surname_9223,807,France,Female,30.0,1,214160.97493549192,4,1,0,132276.93667008614,0
9224,32244307,Surname_9224,621,Germany,Female,43.0,6,217337.20677123996,1,0,1,72980.60336093768,0
9225,89298365,Surname_9225,527,Germany,Female,37.0,4,33342.11793315145,2,1,0,48564.87984885341,0
9226,12138273,Surname_9226,658,Germany,Female,28.0,8,97801.77341055304,4,1,0,82002.67331066974,0
9227,75346381,Surname_9227,478,France,Female,39.0,6,249390.6182373226,1,0,1,66306.75651690245,1
9228,80729796,Surname_9228,664,Germany,Female,24.0,1,110220.196458114,3,1,1,109448.86562756589,0
9229,84203911,Surname_9229,557,France,Male,52.0,6,17884.55363527397,4,0,1,83213.7421518208,1
9230,10491300,Surname_9230,425,France,Female,38.0,3,16396.472950227948,4,0,1,50198.29657602247,1
9231,66117960,Surname_9231,659,France,Male,18.0,4,58116.0822688252,2,0,1,18341.637717153688,1
9232,42540382,Surname_9232,455,Spain,Male,47.0,5,233379.57077064455,1,1,1,122295.83486974852,0
9233,55862191,Surname_9233,413,Spain,,34.0,5,243241.14265323317,2,1,1,78335.56901237382,0
9234,19204210,Surname_9234,739,France,Male,30.0,9,195983.69939980045,3,0,0,91287.31516801834,1
9235,19646564,Surname_9235,443,Spain,Female,53.0,0,129475.00562379486,4,0,0,22388.797272678814,0
9236,22010640,Surname_9236,528,Spain,Male,49.0,6,236877.08231065364,3,1,0,74455.04900933152,1
9237,62139723,Surname_9237,437,France,Female,48.0,7,13294.572848864262,1,0,1,16751.967966403165,1
9238,69838959,Surname_9238,364,Spain,Female,48.0,7,138939.11662716354,2,1,0,92559.75108874812,1
9239,69699527,Surname_9239,548,Germany,Male,18.0,2,248132.28006204442,3,1,1,52436.073314312576,0
9240,46489188,Surname_9240,678,Spain,Female,50.0,4,170695.37863238243,4,0,0,64835.516192300696,1
9241,92242567,Surname_9241,794,Spain,Female,54.0,0,102355.53695238438,3,0,0,31685.576211890897,0
9242,79200668,Surname_9242,799,Germany,Male,38.0,0,139924.84493502192,2,1,1,91814.51966514204,1
9243,94607237,Surname_9243,591,France,Female,30.0,4,73821.4057177671,3,0,1,142770.13943796876,0
9244,82165740,Surname_9244,361,Spain,Male,22.0,4,187326.01727235876,2,1,1,104264.94265866591,0
9245,71617220,Surname_9245,497,France,Female,51.0,3,11336.262913701044,4,1,0,68753.75641907135,0
9246,18112353,Surname_9246,642,France,Male,55.0,6,95624.06775660288,2,0,1,94603.0010552689,1
9247,63106162,Surname_9247,459,Spain,Female,19.0,8,170780.69080213518,3,1,0,138681.91869310028,0
9248,73596078,Surname_9248,404,Spain,Female,23.0,9,231697.8702999757,1,0,0,97121.22555635194,0
9249,52620045,Surname_9249,769,Spain,Female,43.0,2,154700.32406837627,1,0,1,59527.722590137695,0
9250,67556873,Surname_9250,614,France,Female,56.0,3,165049.00764441022,3,0,1,79125.97415357627,0
9251,52101427,Surname_9251,401,Spain,Male,28.0,7,43434.007527951515,4,0,0,49734.01543402162,0
9252,91548657,Surname_9252,409,Germany,Male,53.0,9,135930.34194560803,3,1,0,116703.938917177,1
9253,53669484,Surname_9253,535,France,Male,21.0,8,150173.64310728337,1,0,0,52759.59189336481,0
9254,79026809,Surname_9254,523,Germany,,18.0,3,20840.022017764193,1,0,0,98732.70414208883,1
9255,63840305,Surname_9255,833,France,Female,48.0,9,70140.55448262913,2,1,1,27631.12013069372,0
9256,96294576,Surname_9256,402,France,Male,54.0,1,202335.91781493122,3,0,0,105008.01433943378,1
9257,98631807,Surname_9257,586,France,Female,57.0,5,215469.1602848257,4,0,1,127565.76770273439,1
9258,69774163,Surname_9258,846,France,Female,50.0,5,189487.267314111,2,0,0,103328.82776630946,0
9259,96782527,Surname_9259,685,Spain,Male,51.0,3,8556.114312938484,1,0,1,50800.44365743497,0
9260,65707350,Surname_9260,552,France,Female,39.0,6,153489.00022593874,4,1,1,13331.013995363794,1
9261,78038086,Surname_9261,370,Germany,Female,50.0,1,108461.92419751022,2,1,1,111034.89206667095,1
9262,68915439,Surname_9262,405,Spain,Female,29.0,6,181482.5831083528,4,1,1,50205.630630441156,0
9263,83266728,Surname_9263,471,Spain,Female,55.0,2,23077.621543810463,3,0,0,139988.5929785004,1
9264,74172854,Surname_9264,679,Spain,Male,59.0,8,4038.216224355351,2,1,0,84777.03184561098,0
9265,63973919,Surname_9265,802,Germany,Male,54.0,4,227160.79806717782,1,0,1,57841.37688585605,1
9266,70087561,Surname_9266,825,France,Female,33.0,2,191133.9967041847,2,0,1,60787.06950730834,1
9267,21110659,Surname_9267,448,Germany,Female,23.0,3,134987.17096770674,1,0,0,110644.01618157962,0
9268,74744384,Surname_9268,765,France,Male,50.0,2,244653.46929379003,2,0,0,79776.77068626898,1
9269,51189107,Surname_9269,666,Germany,Female,56.0,2,244924.69592222036,4,0,0,63029.78945788285,1
9270,17344869,Surname_9270,706,Spain,,24.0,0,23705.751067564644,1,1,0,116390.94236979885,1
9271,49613676,Surname_9271,667,Spain,Male,37.0,2,86439.76290794925,3,1,0,55926.096919270974,0
9272,51178821,Surname_9272,540,Spain,Female,43.0,0,6252.694516375252,1,0,1,100458.67277806209,1
9273,76375681,Surname_9273,366,Spain,Female,36.0,5,81224.62352722998,4,0,0,67708.6590371466,0
9274,88643160,Surname_9274,387,France,Male,46.0,0,54215.5841818438,4,0,0,143861.54594240073,1
9275,77893427,Surname_9275,730,Spain,Female,23.0,5,57067.54885058976,1,1,0,29030.967386056116,0
9276,41311423,Surname_9276,535,France,Male,41.0,6,215918.28457003,4,0,0,36523.24170086642,1
9277,77486098,Surname_9277,575,Spain,Female,19.0,7,212265.80408163468,3,0,1,91497.37135145064,0
9278,48938832,Surname_9278,480,France,Female,21.0,1,164311.9851269812,4,0,0,128474.77903261532,0
9279,18489740,Surname_9279,764,France,Male,35.0,1,222237.25021114037,1,1,0,47494.32514135472,1
9280,28564380,Surname_9280,484,Spain,,31.0,1,67566.44831620395,3,0,1,44114.47810626394,0
9281,88003409,Surname_9281,449,Spain,Male,42.0,0,11487.325023818357,2,1,0,84722.7779490789,0
9282,92427442,Surname_9282,571,France,Male,46.0,6,91509.90321727429,3,1,0,116458.70500879546,0
9283,35572647,Surname_9283,713,Germany,Male,39.0,6,110504.21274087913,2,0,1,100310.13781575047,1
9284,13372964,Surname_9284,559,Spain,Female,52.0,5,110463.8774806908,1,0,0,44896.82228086041,0
9285,53464510,Surname_9285,480,Spain,Female,55.0,6,98548.26380313675,3,0,0,11807.429706565368,1
9286,61310018,Surname_9286,600,Germany,Female,45.0,8,53280.25388311611,4,1,0,91680.50408634765,1
9287,30494016,Surname_9287,697,France,Male,34.0,4,25169.16686494064,1,1,1,139575.3345425127,0
9288,16216306,Surname_9288,689,Germany,Female,51.0,9,45455.50344541696,4,1,1,116315.77772063171,1
9289,83391595,Surname_9289,684,Germany,Female,22.0,1,162973.9007573156,2,1,1,142547.42701185576,1
9290,23224710,Surname_9290,721,France,Male,41.0,3,144780.82364037863,1,1,0,49562.34036616708,1
9291,24465633,Surname_9291,637,Spain,Male,37.0,9,143891.13492726086,2,1,1,35157.03854517595,1
9292,82611044,Surname_9292,771,Spain,Male,21.0,1,207493.511323678,1,1,0,18703.626240450678,0
9293,65502424,Surname_9293,660,France,Female,47.0,9,144161.77452656618,4,0,0,82031.36772577684,1
9294,66460817,Surname_9294,570,France,Male,24.0,7,80888.63990350511,3,1,0,50124.67864949885,0
9295,85631901,Surname_9295,695,Spain,Male,28.0,6,133461.1431725925,1,0,1,141440.69315051247,1
9296,55562103,Surname_9296,723,France,Female,30.0,8,129887.95376885403,1,1,0,59232.25830309607,0
9297,66986284,Surname_9297,714,Germany,Female,23.0,9,144522.72890612707,3,1,1,90060.30403496294,1
9298,21167948,Surname_9298,481,Germany,Female,35.0,4,50226.44625556347,2,0,0,33065.71730575497,0
9299,89626576,Surname_9299,587,Germany,Female,22.0,6,87710.10569192808,4,0,0,137185.18865450358,1
9300,84748812,Surname_9300,805,Spain,Male,54.0,9,119715.82394530535,2,1,1,23008.01488817207,0
9301,81546404,Surname_9301,616,Spain,,48.0,2,111871.64907648215,3,0,1,128762.98747727,0
9302,46689385,Surname_9302,531,Germany,Male,43.0,2,130129.833170785,3,0,0,118970.49313643004,0
9303,94733533,Surname_9303,377,Spain,Male,21.0,1,124857.81138139307,1,0,1,144586.58879680609,1
9304,21091981,Surname_9304,762,Spain,Male,57.0,7,11542.11038521205,3,0,0,55038.39980974813,0
9305,56913418,Surname_9305,787,France,Male,53.0,7,31430.43476012339,4,1,1,61487.948506234825,1
9306,95187067,Surname_9306,764,France,Female,48.0,3,181107.72793741667,2,0,0,93267.57440882563,1
9307,19816308,Surname_9307,676,Spain,Female,42.0,6,102621.24858994415,4,1,1,108956.82216218016,0
9308,78696964,Surname_9308,552,France,Female,42.0,6,52166.69547187658,3,1,1,127930.40039050521,0
9309,22157096,Surname_9309,757,Germany,Female,37.0,2,145690.03277690054,4,0,0,58520.12951193737,0
9310,48479253,Surname_9310,843,France,Female,50.0,1,205161.18202791555,1,1,0,79939.80182860685,0
9311,41743361,Surname_9311,469,France,Female,50.0,0,219762.405609348,1,1,1,133541.61716417593,1
9312,33279413,Surname_9312,531,Spain,Female,48.0,5,245111.66329809697,1,1,0,96876.82665417947,0
9313,51350169,Surname_9313,724,France,Male,25.0,2,177050.4808650333,4,0,0,121936.94045254316,1
9314,88086841,Surname_9314,825,Spain,Female,41.0,9,77841.51246537291,3,1,0,96453.55574094763,1
9315,15862237,Surname_9315,686,France,Male,49.0,2,207176.2159518673,3,1,1,37865.003624081895,0
9316,16414484,Surname_9316,470,Spain,Female,35.0,4,174594.5926487335,1,1,1,137936.46113899664,0
9317,92864149,Surname_9317,639,Spain,Male,33.0,7,225716.94343135806,1,0,0,146122.2312820485,0
9318,74095899,Surname_9318,741,France,Male,53.0,7,69447.30857073159,4,0,0,46227.14320865728,1
9319,48506439,Surname_9319,480,France,Female,51.0,4,177583.06304511797,3,0,1,44755.52320205001,0
9320,26059192,Surname_9320,800,Spain,Male,47.0,8,218139.31009302364,4,0,1,119494.72290842426,1
9321,22608798,Surname_9321,749,France,Female,35.0,4,125576.38694553405,1,1,1,117821.04388568478,0
9322,33681971,Surname_9322,753,Spain,Female,25.0,7,81818.40996506704,1,1,0,138817.17809079617,1
9323,46895070,Surname_9323,545,Germany,Male,44.0,6,224509.958840752,4,1,0,105771.96198890834,0
9324,26485401,Surname_9324,681,Germany,Female,46.0,2,75310.68101116587,3,0,1,11904.488372682838,1
9325,90329044,Surname_9325,465,Spain,Female,19.0,7,239180.64674291268,2,0,1,48457.4769773025,1
9326,30148882,Surname_9326,355,Germany,Male,30.0,2,129258.67194780549,4,0,1,132969.63781383995,1
9327,64280892,Surname_9327,827,France,Female,25.0,3,14804.139843079294,1,0,1,49154.7137759409,1
9328,52873454,Surname_9328,353,Germany,Female,25.0,0,9611.342042173732,1,1,1,76901.64224563751,1
9329,59425586,Surname_9329,401,Germany,Female,30.0,5,15657.148765770595,4,1,1,115126.18983715322,1
9330,83192189,Surname_9330,730,Germany,Male,57.0,7,25793.31216676009,2,0,0,110712.99293956738,1
9331,41907729,Surname_9331,440,Germany,Male,36.0,8,239183.72092803026,3,1,0,126661.99030100043,0
9332,28182462,Surname_9332,705,Spain,Male,56.0,9,106263.22650093825,3,1,1,100245.48011631606,0
9333,73473821,Surname_9333,810,Germany,Female,51.0,1,206447.77490708817,4,0,1,89595.72534999982,0
9334,22680950,Surname_9334,621,Germany,Female,24.0,5,57167.02300854051,3,1,1,57520.4304664905,1
9335,37935488,Surname_9335,382,Spain,Female,22.0,1,66940.8756154852,1,1,1,137620.95622224256,1
9336,54749525,Surname_9336,627,Germany,,33.0,8,157721.17879887696,1,0,0,20149.465999080985,1
9337,84626580,Surname_9337,762,Spain,Female,53.0,3,115981.80202188272,4,0,0,75731.17553359941,0
9338,42377388,Surname_9338,758,Spain,Male,35.0,7,134382.98881272235,4,1,1,57188.91508540023,1
9339,37877328,Surname_9339,837,Spain,Male,21.0,5,201316.60417774745,2,0,1,54753.456794243895,0
9340,80676366,Surname_9340,559,France,Male,35.0,2,62920.16888693236,3,1,0,21358.022005242186,1
9341,27840006,Surname_9341,444,Spain,Male,51.0,6,144152.80581300872,3,1,0,105037.72945263774,0
9342,39032760,Surname_9342,761,France,Female,47.0,2,146494.85507749085,2,1,0,11167.150924412705,0
9343,49548177,Surname_9343,772,Germany,Male,46.0,8,39321.20103445025,2,1,0,135562.1194726642,0
9344,57652677,Surname_9344,656,Spain,Male,30.0,5,227113.05139494454,1,1,1,34765.80367491213,0
9345,80267824,Surname_9345,395,Germany,Male,34.0,1,165852.2386948156,3,0,0,138881.47262822776,0
9346,76916956,Surname_9346,436,Germany,Female,20.0,8,38892.20606492394,2,1,0,131013.84589139036,1
9347,49834489,Surname_9347,553,France,Female,30.0,9,241495.9013440691,4,0,1,35342.83430369549,0
9348,32909321,Surname_9348,620,Germany,Female,34.0,9,58977.15311246518,2,0,0,61099.56577489772,1
9349,94343289,Surname_9349,535,Germany,Female,45.0,5,67976.59984495216,2,1,0,82308.622678502,1
9350,92741525,Surname_9350,551,Germany,Female,19.0,9,141911.64719326727,1,1,0,104005.38863392135,0
9351,61756316,Surname_9351,415,France,Female,32.0,9,24069.07570395045,1,0,1,133599.24094959305,1
9352,85176744,Surname_9352,590,Spain,Male,42.0,3,20918.189581319664,2,0,0,69055.60524194442,0
9353,97302516,Surname_9353,542,France,Female,22.0,5,94937.48632211321,2,1,0,137403.76336444932,1
9354,52631412,Surname_9354,651,France,Female,19.0,0,5903.0341942605255,3,0,1,113108.87602103413,0
9355,83618989,Surname_9355,546,Germany,Female,21.0,8,54295.54099244518,1,1,1,59262.06709708842,0
9356,30770927,Surname_9356,401,Spain,Female,48.0,2,97369.91651360801,3,0,0,31411.928747875154,1
9357,25782422,Surname_9357,515,Spain,Male,32.0,6,52321.10203390103,2,1,0,78489.50494904938,1
9358,55609351,Surname_9358,676,France,Male,57.0,5,198807.54297394006,1,1,0,61655.93473405101,0
9359,94870636,Surname_9359,530,Spain,Female,27.0,7,200907.90280349925,2,0,1,106975.89083987172,1
9360,20364875,Surname_9360,421,Germany,,18.0,9,84685.32760619202,2,1,0,141354.78237909652,0
9361,32449450,Surname_9361,677,Spain,Female,41.0,0,152190.48622016155,3,0,1,96126.23435925883,0
9362,64618449,Surname_9362,543,Germany,Male,38.0,7,48436.232564550955,2,0,1,99738.83896244231,0
9363,74637875,Surname_9363,474,France,Male,39.0,5,128011.61754407441,3,0,1,95631.87603422048,1
9364,48321204,Surname_9364,746,Germany,Male,48.0,3,217638.4456486274,2,0,1,127769.35344040746,0
9365,95939803,Surname_9365,745,Spain,Female,41.0,2,165877.77887784917,1,1,1,29583.370521938985,0
9366,74053567,Surname_9366,656,Germany,Male,57.0,1,234831.35460761975,4,1,1,77696.41641682413,1
9367,78936121,Surname_9367,584,France,Male,18.0,1,233578.25848525926,3,1,1,119604.01223231539,1
9368,71518002,Surname_9368,806,France,Male,56.0,8,195095.27010177504,1,1,0,112490.00464507187,0
9369,21624443,Surname_9369,515,Germany,Female,56.0,4,90426.82499626583,4,1,0,24979.671375616377,1
9370,73543749,Surname_9370,793,Spain,Female,38.0,0,146037.140329875,2,1,1,59593.49763560549,0
9371,73725726,Surname_9371,367,Germany,Female,28.0,8,4302.578795242706,1,0,1,148222.96462633312,0
9372,44170060,Surname_9372,424,Spain,Male,26.0,8,224709.19483953272,3,1,1,10271.173392098583,0
9373,78004705,Surname_9373,501,Germany,Male,30.0,9,204678.83974884826,2,1,1,39550.64203850682,0
9374,69808689,Surname_9374,478,Spain,Female,56.0,7,25731.876132312176,3,1,1,22932.10462704719,0
9375,19779191,Surname_9375,661,Spain,,56.0,3,57440.04479703357,3,1,0,136770.8860024969,1
9376,88749844,Surname_9376,656,Spain,Female,57.0,4,31644.101148237984,4,1,0,96144.96374993105,0
9377,84435521,Surname_9377,514,France,Male,47.0,9,90362.42666497146,3,1,1,129637.28678284009,0
9378,99218895,Surname_9378,604,Germany,Female,58.0,9,74311.21924245823,1,1,1,149306.00395420747,1
9379,21972548,Surname_9379,797,Spain,Male,21.0,7,42404.05227045671,4,0,0,12725.682522479972,0
9380,94482130,Surname_9380,715,Germany,Female,40.0,6,169940.5828338102,3,1,1,148365.8448886969,0
9381,98740854,Surname_9381,427,Spain,,33.0,7,86330.28823026892,4,0,0,140816.05377921858,0
9382,96078769,Surname_9382,756,Spain,Female,29.0,2,156277.07410730244,2,0,0,110251.9894710901,1
9383,14117948,Surname_9383,837,Spain,Female,57.0,7,160223.47988268733,4,1,0,29751.340997550476,1
9384,56147365,Surname_9384,456,France,Female,47.0,3,17561.76661992684,2,1,0,114326.51737544064,1
9385,41033221,Surname_9385,589,Spain,Female,21.0,8,19698.232778616515,1,0,0,132445.4539621119,0
9386,13406506,Surname_9386,815,Germany,Female,51.0,0,3054.9005716243305,4,0,0,37569.73166494805,1
9387,41114042,Surname_9387,438,France,Female,18.0,4,59091.427845858496,4,0,0,58137.449285573835,1
9388,33720492,Surname_9388,474,France,Male,47.0,4,75722.96321537695,2,0,0,38105.94674661316,1
9389,42426703,Surname_9389,837,France,Male,27.0,9,243283.281077626,2,0,0,145691.56978362706,0
9390,82684156,Surname_9390,599,France,Male,55.0,5,72482.19132100497,4,0,1,59528.55267307024,0
9391,35932225,Surname_9391,681,Germany,Female,55.0,5,98594.21803396271,4,0,1,32026.5210993889,1
9392,88392008,Surname_9392,826,Germany,Male,51.0,0,110087.69734919394,2,0,1,36345.14485493637,1
9393,72676672,Surname_9393,620,Germany,Female,48.0,9,87862.90120333392,3,0,1,90431.00415469172,1
9394,78446378,Surname_9394,511,Germany,Female,56.0,4,5561.04620100642,4,0,0,135285.4650442283,1
9395,24882638,Surname_9395,648,France,Female,31.0,6,140991.7330918958,4,1,0,65113.830591621765,0
9396,17694853,Surname_9396,773,Spain,Male,33.0,6,224327.6887847559,2,1,1,22473.136387813942,0
9397,48021957,Surname_9397,639,Spain,Female,59.0,2,139123.68246662166,4,0,1,33810.041277138625,0
9398,54376734,Surname_9398,470,France,Male,52.0,3,227984.97178386466,4,0,1,145219.07073130753,0
9399,35605844,Surname_9399,362,Spain,Male,45.0,3,13896.079520609423,3,1,0,48911.279060781395,1
9400,14780526,Surname_9400,496,Spain,Female,59.0,9,149371.11867926936,3,1,0,37713.66117356837,1
9401,25429337,Surname_9401,493,France,Female,21.0,9,224996.58788102126,1,0,0,28497.54499925055,0
9402,68236965,Surname_9402,719,France,Female,33.0,2,227865.77676193786,1,1,0,19024.675332348233,0
9403,43428998,Surname_9403,401,Germany,Female,27.0,6,42645.4656376006,4,0,1,63974.43419233909,1
9404,61455809,Surname_9404,523,Spain,Male,51.0,2,101284.82820598372,1,0,1,117657.03217126169,1
9405,92608666,Surname_9405,468,Germany,Female,34.0,4,225468.4567139065,3,0,0,144737.9000383896,1
9406,46634596,Surname_9406,365,Germany,,44.0,0,33497.02110445887,3,1,1,121923.35892453582,1
9407,73564914,Surname_9407,460,France,Female,41.0,3,113343.6188801217,3,1,0,76244.46297864245,0
9408,32897695,Surname_9408,518,Spain,Female,42.0,8,9866.49335722803,1,0,0,130054.24039004625,0
9409,43510945,Surname_9409,547,Germany,Male,22.0,1,71661.78016360935,3,0,0,82220.10429664321,0
9410,55775436,Surname_9410,363,Germany,Female,24.0,2,78036.04914011345,2,0,0,115178.06931818693,0
9411,84287347,Surname_9411,377,Spain,Female,40.0,0,66971.63111893933,2,0,1,12632.959318349715,0
9412,81840481,Surname_9412,551,France,Male,40.0,2,96447.47625506528,4,1,0,107811.73229708467,0
9413,76499259,Surname_9413,762,Spain,Female,27.0,2,200112.57560817135,1,1,1,42719.86871000742,0
9414,50699326,Surname_9414,566,Germany,Male,32.0,9,151391.87775633042,1,1,1,76297.74567001386,1
9415,15755180,Surname_9415,840,Germany,Female,39.0,6,78388.59298593237,3,0,0,81624.44475217708,1
9416,44766564,Surname_9416,679,France,Female,37.0,9,128133.38549032385,2,1,0,61168.344768428135,0
9417,86832210,Surname_9417,505,Germany,Male,27.0,3,121618.8062320977,3,1,1,120462.95023496871,1
9418,56972533,Surname_9418,601,Germany,Female,57.0,9,176418.33018550446,3,0,0,98665.76654606804,0
9419,96639400,Surname_9419,655,France,Male,23.0,7,4587.837181131122,2,0,1,92242.19558545756,0
9420,75852801,Surname_9420,476,Germany,Female,40.0,2,91640.49520542694,4,0,1,35613.95740221553,0
9421,85262412,Surname_9421,674,Spain,Male,38.0,8,231219.81268050655,4,1,1,123707.84081514463,1
9422,26034746,Surname_9422,588,Germany,Female,20.0,9,17472.489701236576,1,1,1,57509.91421800204,0
9423,85791015,Surname_9423,546,France,Male,25.0,5,157511.98861105804,1,1,1,135678.41486081362,0
9424,53108667,Surname_9424,732,Spain,Male,19.0,6,140745.80264662328,3,1,0,71023.32982154156,1
9425,50241808,Surname_9425,539,France,Male,42.0,1,210666.80504152912,2,1,1,146252.16652487824,0
9426,97598783,Surname_9426,491,France,Male,46.0,9,87990.07753356037,3,1,0,20529.39465415186,0
9427,77426156,Surname_9427,788,Germany,Male,28.0,3,173895.0676612468,2,1,1,67136.16433485576,1
9428,41047324,Surname_9428,666,France,Male,52.0,2,166876.96581997522,4,0,1,109124.23565255354,1
9429,88961939,Surname_9429,616,Germany,Male,49.0,5,98329.7787857999,4,1,0,127647.07174460198,1
9430,46884373,Surname_9430,468,Germany,Female,52.0,1,172917.64495391803,3,1,0,90964.35225560947,1
9431,79514334,Surname_9431,475,Spain,Male,30.0,3,204794.5377559573,4,0,1,100599.77456776712,0
9432,68107955,Surname_9432,610,France,Female,29.0,2,114794.5400735846,1,1,0,145368.05024092502,0
9433,26621992,Surname_9433,496,Germany,,22.0,4,101964.567909276,2,1,0,38840.10422702849,1
9434,34352893,Surname_9434,753,Spain,Male,58.0,6,137053.71267036756,3,1,1,106050.86574295306,0
9435,54411783,Surname_9435,754,France,Female,58.0,2,7654.340129391951,2,0,1,25422.336573107925,1
9436,78910399,Surname_9436,412,Germany,,23.0,5,50764.87010850189,4,0,1,22916.165462200865,0
9437,31777945,Surname_9437,508,Germany,Female,18.0,2,96741.90703909915,4,1,0,146480.8678783701,1
9438,20273838,Surname_9438,660,France,Male,51.0,3,128326.8902534947,1,1,1,45402.07035548208,1
9439,33404843,Surname_9439,699,Spain,Male,48.0,9,136227.20796736644,4,1,0,110784.89600887492,1
9440,50320639,Surname_9440,514,Germany,Female,27.0,5,50700.069572564535,4,0,0,29589.825355096233,0
9441,14734186,Surname_9441,477,Germany,Male,53.0,4,156579.68178522075,3,0,1,105383.13604782445,1
9442,61113327,Surname_9442,665,Spain,Female,36.0,1,66420.54672190934,3,0,1,73269.08396128766,0
9443,14876054,Surname_9443,840,Germany,Male,20.0,3,189427.53561603645,3,1,1,37236.30314512433,0
9444,40537214,Surname_9444,552,Spain,Female,24.0,8,58715.395203983804,4,1,1,36238.594589835644,1
9445,47725654,Surname_9445,361,Germany,Male,29.0,2,79378.97460413273,3,0,1,97862.26107735075,1
9446,17373457,Surname_9446,433,France,Male,23.0,7,39184.078245887766,2,1,1,134021.3409538379,1
9447,32205723,Surname_9447,799,France,Female,39.0,7,123640.85621920129,3,0,1,38081.2498264736,0
9448,10837109,Surname_9448,501,Germany,Male,24.0,2,27591.5290662746,3,0,0,44069.03806473195,1
9449,22693353,Surname_9449,767,France,Male,31.0,2,151695.2206271399,3,1,1,27974.88169770594,0
9450,73860328,Surname_9450,607,France,Male,18.0,5,70027.0936334314,2,1,0,13307.13890438909,1
9451,34521934,Surname_9451,810,Germany,Male,56.0,9,235585.5387311462,1,0,0,135653.93498797296,0
9452,56809038,Surname_9452,521,Spain,Female,46.0,5,80332.56732177155,1,0,0,17686.422644147577,1
9453,19068385,Surname_9453,479,Germany,Male,38.0,3,231414.0665828877,4,0,0,63286.39711141215,0
9454,37845787,Surname_9454,701,Germany,Male,59.0,3,116105.78537941938,3,0,0,76928.89300494982,1
9455,10086589,Surname_9455,384,Germany,Male,47.0,5,209607.3603817441,4,0,1,41359.33645733883,1
9456,57927369,Surname_9456,593,Germany,,37.0,3,114070.0036694965,3,1,1,98005.12922972039,0
9457,54648818,Surname_9457,379,Germany,Female,46.0,5,75517.53565905226,2,1,1,138480.23224717448,0
9458,13588362,Surname_9458,511,France,Male,36.0,9,174841.554852073,3,0,0,83444.54217810922,0
9459,21680874,Surname_9459,383,Spain,Female,44.0,0,11690.06237588141,3,1,1,135439.22718470538,1
9460,63115486,Surname_9460,824,Germany,Male,43.0,6,44000.38958331154,1,1,1,82696.52000837681,1
9461,29904644,Surname_9461,721,Spain,Female,39.0,3,223774.98514767352,3,0,0,74567.00800731467,1
9462,27543307,Surname_9462,637,France,Male,44.0,5,21545.46954716291,1,0,1,54587.14952747454,1
9463,57028140,Surname_9463,599,Spain,Female,25.0,3,130418.53985925611,1,0,0,26157.58638815485,1
9464,53690898,Surname_9464,828,France,Male,36.0,6,106695.56416124245,2,0,1,30304.581408837625,1
9465,53842102,Surname_9465,444,Germany,Male,41.0,6,15654.864865312757,4,1,0,143711.24174746248,0
9466,52184757,Surname_9466,784,Spain,Male,18.0,2,75669.7705805901,3,0,1,26501.6937466423,1
9467,71715620,Surname_9467,447,Spain,Female,24.0,1,97490.20655462914,1,0,0,18662.06345890875,1
9468,74674622,Surname_9468,423,France,Male,53.0,3,75034.51843356054,2,0,1,93518.58422311344,0
9469,88493963,Surname_9469,770,Spain,Male,47.0,7,63925.09620226619,3,1,0,119061.46155044675,0
9470,72381286,Surname_9470,737,Spain,Female,23.0,0,41110.27944436463,1,1,1,109388.07829513094,0
9471,15237702,Surname_9471,437,Germany,,55.0,6,192068.26881974243,4,1,0,117778.77862741021,1
9472,59206470,Surname_9472,711,Germany,Female,19.0,1,64763.497750882,4,1,0,109271.63810247838,1
9473,21019256,Surname_9473,811,France,Female,34.0,6,242941.24469351934,2,1,0,68865.55529185236,0
9474,88282399,Surname_9474,700,France,Female,54.0,0,193853.19636884044,1,1,1,24100.89712963473,1
9475,27600865,Surname_9475,495,Spain,Male,20.0,8,43760.61882911511,3,0,0,31711.30700384473,0
9476,23341916,Surname_9476,770,Spain,Male,29.0,1,15171.429120500874,1,0,0,118101.43948092319,0
9477,10261455,Surname_9477,848,Spain,Male,28.0,8,42744.22461826704,4,1,1,30472.572535613,1
9478,51305227,Surname_9478,783,Germany,Female,50.0,3,144216.03662466203,1,1,0,71856.44707208723,1
9479,85487725,Surname_9479,609,Spain,Female,22.0,5,166642.5045855869,1,1,0,138105.64350167854,0
9480,38132572,Surname_9480,650,France,Female,50.0,1,3660.7871590801365,2,1,1,35179.9693089888,1
9481,48487314,Surname_9481,604,Spain,Male,18.0,4,137760.06597993668,2,1,0,55643.400952514115,0
9482,59914142,Surname_9482,781,France,Female,47.0,4,137832.94947518106,1,1,1,134421.905979408,0
9483,76219883,Surname_9483,748,Germany,Female,49.0,4,246660.72566642775,1,0,1,25614.424808938424,0
9484,92912474,Surname_9484,833,France,Female,45.0,1,70499.39436216454,1,1,0,126369.62353768529,0
9485,65515075,Surname_9485,690,Germany,Female,48.0,5,188160.53116036844,1,1,1,90564.63989842538,1
9486,89354466,Surname_9486,448,Spain,Male,38.0,8,89438.73840387665,4,0,0,65969.46059124576,0
9487,99910598,Surname_9487,394,Spain,Male,38.0,7,184315.8865956177,1,0,1,41136.25160264247,0
9488,30994646,Surname_9488,739,Germany,Male,59.0,1,100369.67375044922,3,1,0,19549.254735334594,1
9489,88605513,Surname_9489,464,France,Female,30.0,3,244358.59455072207,2,0,1,102154.46754853752,0
9490,63100217,Surname_9490,610,Germany,Female,58.0,0,77926.46486071766,2,1,0,128309.44568038256,0
9491,28516472,Surname_9491,563,Germany,Male,54.0,5,233593.25801342563,3,0,0,66779.53994192166,0
9492,58960580,Surname_9492,812,Germany,Female,26.0,1,170822.90922758053,1,0,0,139670.85689784095,0
9493,17693613,Surname_9493,684,Germany,Female,56.0,3,64817.00217661657,2,0,0,139355.1612278753,0
9494,17995135,Surname_9494,780,Germany,Male,44.0,8,86288.36879769147,3,1,1,40056.72533375712,0
9495,72353233,Surname_9495,723,France,Male,25.0,3,239905.1617999073,3,0,1,11543.027154015852,1
9496,24583764,Surname_9496,514,Germany,Male,54.0,1,50548.785195490775,1,0,1,15517.979263441428,1
9497,45721547,Surname_9497,460,France,Female,33.0,0,130486.50259358794,2,1,1,18295.612056799444,1
9498,39818915,Surname_9498,430,Germany,Male,27.0,1,25440.72384216503,3,0,1,119352.21226994252,0
9499,14417532,Surname_9499,471,Spain,Male,26.0,2,165003.76253835627,2,0,1,22054.86915193579,0
9500,45739885,Surname_9500,765,France,Female,54.0,9,60912.43830842363,3,1,0,133945.6507770905,0
9501,84988493,Surname_9501,684,Spain,Male,40.0,9,39536.488207706054,2,0,0,146260.84439270577,1
9502,93135931,Surname_9502,622,Spain,Female,25.0,1,2452.4868391757605,1,1,1,48823.41740317819,0
9503,68634981,Surname_9503,705,Germany,Female,42.0,2,43933.491232256536,1,0,0,134433.44639501988,1
9504,50526598,Surname_9504,442,Spain,Male,31.0,9,102915.08128905644,2,1,0,37581.28362724644,0
9505,18142467,Surname_9505,810,Germany,Male,49.0,6,61835.46405957091,2,1,0,27525.577981732957,1
9506,47314333,Surname_9506,422,Germany,Female,29.0,5,198541.34830732696,1,0,1,121407.75717144333,1
9507,10555873,Surname_9507,520,Spain,Male,38.0,5,62416.7960051806,2,1,1,87453.48953892129,0
9508,30860990,Surname_9508,584,Germany,Male,52.0,6,247793.33105843415,1,0,1,85775.0806737717,1
9509,23354972,Surname_9509,771,Germany,Female,20.0,7,123662.41456468918,3,0,0,114897.11155490357,1
9510,63247739,Surname_9510,838,Spain,Male,41.0,3,120567.75620168992,2,0,1,23784.247286789236,0
9511,90682211,Surname_9511,501,France,Male,57.0,2,171108.83180465392,3,1,0,57294.14990136537,1
9512,18994380,Surname_9512,636,Germany,Male,21.0,5,190489.44517993458,4,0,0,65198.608692338865,1
9513,14287119,Surname_9513,429,Germany,Female,28.0,2,177957.0919833334,2,0,1,33606.405349508255,0
9514,91511315,Surname_9514,524,Germany,Male,46.0,9,132798.731940156,4,0,0,34498.400883856644,1
9515,76303702,Surname_9515,832,Spain,Male,30.0,4,227710.32236418076,4,1,0,13390.717392971717,1
9516,60050056,Surname_9516,512,Spain,Female,19.0,1,126838.46642470178,2,0,0,97779.17716080775,1
9517,83593702,Surname_9517,788,France,Male,46.0,8,172286.24516419854,3,0,0,33120.23010545113,1
9518,49397456,Surname_9518,684,Germany,Male,42.0,4,199872.7990018762,2,0,1,101454.1159173039,0
9519,48169098,Surname_9519,430,Spain,Male,22.0,9,73565.07942390417,3,1,1,78414.6542812578,1
9520,15016270,Surname_9520,651,Germany,Female,40.0,9,139941.0376842778,4,1,0,84643.13655285508,1
9521,70952182,Surname_9521,822,France,Male,27.0,9,151994.18884267076,4,1,1,103030.1806747861,0
9522,47838736,Surname_9522,652,France,Male,52.0,4,38667.38087399932,2,1,1,56276.50129664776,1
9523,16389113,Surname_9523,798,France,Male,57.0,2,205258.90124089655,2,0,0,52325.07989963325,1
9524,14639099,Surname_9524,561,France,Female,53.0,7,63457.03502432712,3,0,1,101589.96308722804,0
9525,22807979,Surname_9525,387,Germany,Female,29.0,0,92408.69713673972,2,0,0,98308.07383411672,1
9526,61606361,Surname_9526,671,France,Female,51.0,5,56949.777150885726,1,1,1,123805.97250103086,0
9527,37247934,Surname_9527,632,Spain,Female,36.0,9,78412.7329513164,3,1,0,106233.3106159537,0
9528,35620399,Surname_9528,412,France,Male,58.0,4,152982.3360813604,4,1,0,147359.20499409686,1
9529,97244254,Surname_9529,611,Germany,,45.0,5,74831.33831160738,4,1,0,110552.93705862273,0
9530,77743930,Surname_9530,680,Spain,Female,26.0,4,134672.71797998008,1,1,0,94931.7672771855,0
9531,42406951,Surname_9531,510,Germany,Female,38.0,6,155597.03261931005,4,0,1,58751.47095448874,1
9532,43320468,Surname_9532,675,Germany,Female,32.0,3,10494.574680899066,1,0,1,61391.03481837756,0
9533,96406035,Surname_9533,671,Germany,Female,47.0,3,180252.24479638238,3,1,0,58233.781778478166,1
9534,39631075,Surname_9534,717,Spain,Male,20.0,3,117744.6808904738,3,0,1,64837.27241726864,0
9535,61835400,Surname_9535,721,France,Female,48.0,6,166800.18078419336,1,0,1,91723.85977325538,0
9536,14586407,Surname_9536,795,Spain,Male,37.0,7,127492.36831602755,2,1,0,29184.815081970068,0
9537,48465895,Surname_9537,605,Germany,Female,53.0,3,24504.319233291273,3,0,1,73562.35602305205,1
9538,66878950,Surname_9538,554,Spain,Male,42.0,3,52950.790651862146,1,0,1,110413.24312890727,0
9539,12401832,Surname_9539,745,Germany,Male,54.0,4,16459.485414628107,2,1,0,148995.51527627851,0
9540,88683619,Surname_9540,834,Germany,Male,31.0,6,16797.069144400433,1,1,0,41995.246846212605,0
9541,47539014,Surname_9541,706,Spain,Female,41.0,0,153811.62765428468,2,0,0,43507.41175316385,0
9542,32776785,Surname_9542,645,Spain,Female,40.0,3,240908.77318801684,3,0,1,144182.5185145237,0
9543,42380527,Surname_9543,719,Spain,Male,30.0,2,129357.98090797398,1,0,0,28630.91624363262,1
9544,32460822,Surname_9544,416,Germany,Female,21.0,2,10951.980461345212,3,0,0,64764.26442292628,1
9545,56240186,Surname_9545,477,Germany,,39.0,3,143668.47542368076,2,0,1,118965.31350741188,0
9546,29766300,Surname_9546,626,Spain,Male,56.0,3,40423.03457263727,2,1,0,13209.134445701196,1
9547,35784935,Surname_9547,398,France,Female,24.0,3,216905.7157914725,2,0,1,55053.38895041182,1
9548,37318619,Surname_9548,754,Germany,Male,58.0,6,107173.01612018165,4,1,0,29816.65829074556,0
9549,10968829,Surname_9549,389,Spain,Male,26.0,1,115628.3270752591,3,0,0,77414.71879009095,0
9550,90512910,Surname_9550,793,Germany,Male,44.0,1,164187.1690389606,4,0,0,79650.39358594081,1
9551,27212112,Surname_9551,737,Germany,Male,30.0,3,55795.02544967108,4,1,1,71032.72597899911,1
9552,19234127,Surname_9552,683,Spain,Female,22.0,0,145589.546384358,4,0,1,84486.04173688326,0
9553,88477973,Surname_9553,588,Spain,Female,58.0,7,111835.81529186148,3,0,1,30417.247740824896,1
9554,25498118,Surname_9554,543,Spain,Female,24.0,4,204752.53771207965,4,1,0,93546.07596995326,1
9555,30142689,Surname_9555,365,Spain,Male,55.0,8,249730.19329166744,4,1,1,131388.59275422018,1
9556,86397435,Surname_9556,806,France,Female,50.0,5,20799.5961304695,2,1,0,142549.48428463616,0
9557,11225035,Surname_9557,800,Spain,,56.0,0,58237.098310779445,2,1,0,56231.33065915882,1
9558,72220371,Surname_9558,790,Germany,Female,50.0,4,46795.36797147907,1,0,0,20036.511663790705,1
9559,82500779,Surname_9559,713,Spain,Male,57.0,8,207269.8851051374,2,0,0,77873.92750648112,0
9560,10597126,Surname_9560,832,Germany,Male,40.0,3,74498.82743581512,1,0,1,91075.28587552781,0
9561,28866437,Surname_9561,618,France,Male,38.0,0,171575.02631514292,3,1,0,102906.3552976746,0
9562,58976897,Surname_9562,403,Germany,Female,28.0,2,54421.04296680195,3,0,1,85779.15516479374,1
9563,34109666,Surname_9563,508,Germany,Male,24.0,6,194442.1518255248,3,0,1,51447.056524864325,1
9564,89794385,Surname_9564,780,France,Female,44.0,0,10187.62824225053,2,0,1,119385.55946808167,0
9565,54987630,Surname_9565,397,Spain,Female,28.0,8,209986.2371559732,4,1,0,81345.4342282145,0
9566,43620733,Surname_9566,803,Germany,Female,19.0,3,115886.54359474545,2,0,0,34207.7558829207,0
9567,38032436,Surname_9567,641,Germany,Female,22.0,4,206992.47087912372,4,0,1,118090.88867010869,1
9568,22350173,Surname_9568,770,Spain,Female,25.0,0,62255.28501579594,2,1,1,87397.48596994129,1
9569,19592587,Surname_9569,816,France,Male,19.0,0,138230.5040123178,3,1,1,34704.87089487715,0
9570,18823530,Surname_9570,684,France,,34.0,3,36539.08735985168,4,1,0,70133.96599682406,1
9571,17437768,Surname_9571,496,Spain,Female,18.0,0,62467.371786647855,4,1,1,83287.16287036831,0
9572,15600543,Surname_9572,423,Spain,Female,30.0,4,45273.60497762215,1,1,1,33078.630944471966,1
9573,66709466,Surname_9573,775,France,Female,36.0,1,223298.75758909853,3,1,1,29547.330180177563,0
9574,75718805,Surname_9574,400,Spain,Female,44.0,7,248788.92118268803,1,1,1,51099.781410934025,0
9575,26833692,Surname_9575,812,Spain,Male,24.0,6,121147.63948906743,4,0,0,61573.980233286784,0
9576,45866061,Surname_9576,613,Germany,Male,47.0,0,125067.54332492522,3,1,1,121831.31950540241,0
9577,99649768,Surname_9577,787,Germany,Male,43.0,3,179645.69852024596,1,0,1,103106.11084336956,0
9578,82402625,Surname_9578,788,Spain,Female,40.0,7,139399.9447891078,1,1,1,67843.84062215444,0
9579,19116468,Surname_9579,454,France,Male,37.0,8,13281.909291198435,3,0,1,92923.92807975998,1
9580,58566345,Surname_9580,812,Spain,Female,18.0,6,187564.44456177164,2,0,0,109505.10230842036,0
9581,52882660,Surname_9581,368,Spain,Male,31.0,4,45084.424325601976,2,0,0,15111.229674608077,1
9582,25457618,Surname_9582,417,France,Female,35.0,0,202256.12836135773,1,1,1,10781.379486281794,1
9583,96162472,Surname_9583,599,Germany,Male,59.0,4,229289.89739931826,4,1,1,35353.54771405789,0
9584,42645773,Surname_9584,616,France,Male,56.0,9,286.63772098530546,1,1,0,143133.5394494201,0
9585,39772307,Surname_9585,390,Spain,Male,27.0,3,67046.34288433239,2,0,1,45447.91435691662,0
9586,23501535,Surname_9586,454,Spain,Female,23.0,2,130191.35228377683,3,1,1,140686.99105055374,0
9587,68111858,Surname_9587,543,Germany,Male,28.0,4,114558.0362195923,3,0,0,93542.54033832399,1
9588,33479404,Surname_9588,455,Germany,Female,33.0,2,533.8774358747967,4,1,1,52137.646051536365,0
9589,26652021,Surname_9589,422,Germany,Female,22.0,0,77841.92689594682,1,0,1,70070.42632294746,1
9590,46622149,Surname_9590,497,France,Male,58.0,1,78798.63087975011,4,1,1,41593.91642999495,0
9591,62336204,Surname_9591,609,France,Male,20.0,6,127207.97974050413,4,0,0,75666.24028437173,1
9592,13902592,Surname_9592,377,France,Male,48.0,9,248624.2882070447,3,1,0,41836.617994839646,1
9593,41997197,Surname_9593,688,Germany,,30.0,9,190037.99025227362,2,0,0,119379.22800595203,1
9594,49408633,Surname_9594,521,Germany,Male,55.0,9,62127.40671140371,4,1,1,111945.75354041769,0
9595,78543732,Surname_9595,465,Germany,Female,54.0,3,114979.98383804991,1,0,1,17955.674272617027,1
9596,79929882,Surname_9596,522,Spain,Male,22.0,5,232389.33303100138,1,0,0,119645.98784946736,0
9597,50977965,Surname_9597,411,France,Male,48.0,1,38226.5826762711,2,0,1,65440.99457791319,0
9598,19862940,Surname_9598,734,France,Male,48.0,4,103952.9483815935,3,0,0,67172.33416831028,1
9599,81124963,Surname_9599,692,Spain,Male,35.0,8,181998.61006994342,2,1,0,17712.159733337478,1
9600,55346193,Surname_9600,724,Spain,Female,49.0,0,241949.71444924775,4,1,1,21573.424034410218,0
9601,85140783,Surname_9601,680,Spain,Male,22.0,5,220357.08676467353,2,1,1,62209.90356039558,1
9602,19524215,Surname_9602,639,Germany,Male,38.0,2,96762.54462840362,4,1,0,130690.13472941655,0
9603,18421137,Surname_9603,377,Spain,Male,31.0,3,136996.75876224381,1,0,1,28715.50362394424,0
9604,21503838,Surname_9604,462,France,Female,26.0,4,218306.04805266415,4,0,1,103144.06182719811,0
9605,99413596,Surname_9605,660,France,Female,37.0,9,15226.30073551709,2,0,0,54744.66969333131,0
9606,75594652,Surname_9606,777,Germany,Male,24.0,7,177663.76442151147,3,0,0,22420.101445956945,0
9607,25073328,Surname_9607,818,Germany,Male,47.0,5,111615.2262098196,4,1,0,53528.76975986034,1
9608,12433836,Surname_9608,842,France,Female,49.0,4,133065.41848295988,1,0,0,139835.51522026962,1
9609,47811393,Surname_9609,481,Germany,Male,47.0,7,39656.46053469718,1,0,1,32945.00200598821,0
9610,15651844,Surname_9610,727,Spain,Female,43.0,1,23290.08460727311,1,1,0,132288.88377059414,1
9611,14383072,Surname_9611,625,France,Female,43.0,4,216222.3956928704,4,0,0,51548.684440815494,0
9612,65072016,Surname_9612,757,France,Male,39.0,5,13050.315326859934,3,0,1,69534.02946216287,1
9613,60840710,Surname_9613,520,Spain,Female,18.0,6,221153.60053315735,2,1,1,112913.6420603459,0
9614,20474486,Surname_9614,536,France,Male,39.0,8,1645.1211897638984,3,1,0,123882.41535116131,0
9615,57653881,Surname_9615,562,Germany,Male,53.0,9,44426.04998150665,1,0,1,74945.79825257295,1
9616,62973692,Surname_9616,643,Spain,,23.0,1,203331.61613482796,4,0,1,35617.514477612945,0
9617,75193635,Surname_9617,590,Germany,Female,42.0,0,234450.32125135587,2,1,1,39967.698802713254,0
9618,92085692,Surname_9618,424,Spain,Female,49.0,3,224725.59118209837,3,0,1,138497.24984332762,0
9619,73250177,Surname_9619,669,Germany,Male,20.0,9,223290.93672507204,1,0,1,60716.54743366767,1
9620,77501079,Surname_9620,375,Spain,Female,54.0,7,28789.009090637195,4,0,1,84765.60981962971,1
9621,55744484,Surname_9621,607,France,Female,35.0,8,108316.37281116987,3,0,0,22346.047438745445,0
9622,94133177,Surname_9622,845,Spain,Male,31.0,7,81195.5849525157,4,0,1,52113.019586742244,0
9623,58128097,Surname_9623,521,France,Female,35.0,9,111139.52966002336,1,1,0,42552.435872672715,1
9624,95267594,Surname_9624,841,Germany,Male,19.0,3,152819.64953851732,3,1,1,89078.73692206747,1
9625,12412765,Surname_9625,843,France,Male,24.0,8,110711.73244458895,3,1,0,69549.17797196907,0
9626,67328072,Surname_9626,556,Spain,Male,23.0,9,1942.6981401376997,3,1,0,74736.28901395784,1
9627,65423734,Surname_9627,684,France,,34.0,8,203012.20349180017,3,1,1,125152.03813273666,0
9628,76359156,Surname_9628,535,Germany,Male,42.0,2,10822.973754184895,4,0,1,25319.669794685677,1
9629,96687970,Surname_9629,737,Germany,Male,36.0,6,112891.1188018964,1,1,1,65136.69004121462,1
9630,74704378,Surname_9630,546,Spain,Female,53.0,3,243951.9269864582,4,0,1,76497.19601363911,1
9631,97805762,Surname_9631,760,Germany,Female,24.0,2,206900.06165652385,3,0,1,81651.72719538558,1
9632,16765590,Surname_9632,453,Spain,Female,55.0,5,20463.737050901625,2,0,1,97230.01637695663,1
9633,23148268,Surname_9633,485,Spain,Female,44.0,7,89098.8657226428,1,1,1,147998.47611666512,0
9634,85281060,Surname_9634,421,Spain,Female,26.0,8,3368.119355564331,1,1,0,109539.3421172237,0
9635,66539286,Surname_9635,355,France,Male,59.0,4,158836.5558874002,3,1,0,24033.057587867945,0
9636,25936440,Surname_9636,757,Spain,Male,39.0,1,163239.68086653494,2,1,1,114476.46630234392,0
9637,42803569,Surname_9637,793,Germany,Female,56.0,4,221508.72798736938,3,1,1,63140.18789943635,0
9638,86235022,Surname_9638,385,Spain,Female,28.0,4,218458.94974945218,4,0,1,113201.8578266758,0
9639,82055869,Surname_9639,462,Germany,Female,18.0,4,105041.4812824296,4,1,0,79530.40378910578,1
9640,46512114,Surname_9640,357,Germany,Male,48.0,8,153811.71756995877,1,1,1,94812.00691378662,0
9641,94118025,Surname_9641,531,Spain,Female,54.0,2,242766.68889061018,1,1,0,28907.473357838106,0
9642,40499169,Surname_9642,421,Spain,Female,26.0,7,196350.85475300218,1,1,0,85150.11448942,1
9643,89330958,Surname_9643,615,Spain,Male,45.0,3,91171.68436654106,3,0,1,65191.26363857181,0
9644,54115921,Surname_9644,719,Spain,Female,43.0,9,98222.09788493214,3,1,1,59526.48047829618,0
9645,88935592,Surname_9645,694,Germany,Female,48.0,3,124314.23952167197,1,1,1,53840.972277580644,0
9646,58018002,Surname_9646,401,France,Male,43.0,2,92831.8771191711,4,1,0,60488.134156374945,1
9647,73546793,Surname_9647,839,France,Male,28.0,2,21373.38508843403,1,1,1,36641.6694433191,1
9648,32535302,Surname_9648,817,Spain,Female,23.0,3,70561.03453249432,4,1,1,61473.55103149906,1
9649,58588137,Surname_9649,591,France,Male,31.0,2,201174.29368870053,2,1,0,78096.27498928827,0
9650,88985876,Surname_9650,637,Spain,Male,35.0,1,80233.64014267085,2,0,1,44175.434874367864,0
9651,48586193,Surname_9651,578,France,Male,34.0,5,243612.449920754,4,1,1,11710.84539203317,1
9652,21421215,Surname_9652,643,France,Male,43.0,9,209626.7943550226,1,0,0,127404.68142481618,0
9653,56858619,Surname_9653,739,Germany,Female,53.0,3,127229.03766651927,2,0,0,18033.355718309656,1
9654,57719537,Surname_9654,555,France,Male,34.0,3,226071.14602481193,1,0,1,108636.61331759793,1
9655,67882914,Surname_9655,531,France,Female,24.0,9,241467.34597593136,2,1,0,133045.74082348763,1
9656,99977886,Surname_9656,383,Germany,Female,42.0,0,240700.6893266282,4,0,0,18446.55347789836,1
9657,83045783,Surname_9657,433,France,Male,32.0,5,149049.00853314064,2,0,0,35545.91281301815,0
9658,92405520,Surname_9658,500,France,Male,42.0,0,50252.08127402611,1,0,0,56545.968560524016,1
9659,91546987,Surname_9659,545,Germany,Male,47.0,4,201442.403188389,3,1,1,123213.99934673597,0
9660,12853392,Surname_9660,794,Spain,Male,50.0,2,43832.04910578714,1,0,0,111338.3887704005,1
9661,54619626,Surname_9661,422,France,Male,49.0,5,108472.95157702231,1,1,1,119170.52281048859,0
9662,17566125,Surname_9662,479,France,,34.0,2,164847.46437036403,4,1,1,131111.58127857913,1
9663,98902295,Surname_9663,729,Spain,Male,35.0,1,36857.64753594273,2,1,1,116318.5481677873,0
9664,81364280,Surname_9664,819,Germany,Male,35.0,0,175069.34895962267,3,1,1,119976.36553128554,0
9665,88180646,Surname_9665,820,Germany,Male,51.0,2,237454.32684921546,1,0,0,99869.09660587326,1
9666,97833920,Surname_9666,681,Spain,Female,22.0,8,211989.0148725306,4,0,1,15032.456572345945,0
9667,12255241,Surname_9667,427,Spain,Male,39.0,2,81307.20337950514,3,0,1,71221.60016690829,0
9668,15416478,Surname_9668,409,France,Female,31.0,5,12862.632894826642,1,1,1,12209.246577757094,0
9669,18866312,Surname_9669,716,Germany,Male,41.0,9,74551.37995840941,2,0,1,147491.63691366624,1
9670,94264373,Surname_9670,603,Germany,Male,19.0,6,181674.67921267918,4,0,0,16645.845134852054,1
9671,90772318,Surname_9671,451,Spain,Female,45.0,5,166343.9048452497,4,0,0,102916.11323421245,0
9672,67325112,Surname_9672,457,France,Female,53.0,2,59439.222102458196,4,0,1,96503.51543786124,1
9673,10819351,Surname_9673,540,Germany,Female,46.0,6,245894.0654042038,1,1,1,47607.17034624461,1
9674,93109315,Surname_9674,640,Spain,Female,59.0,6,105200.76683385437,1,0,1,79899.26399033541,0
9675,91782883,Surname_9675,687,Germany,Male,50.0,3,119067.5234663022,4,0,1,140042.42084124178,1
9676,62712908,Surname_9676,535,France,,35.0,5,9093.554676676025,1,1,0,82446.96445676858,1
9677,97895740,Surname_9677,694,Germany,Male,30.0,5,132966.63674538178,1,0,0,43100.65129976097,1
9678,23152307,Surname_9678,504,Germany,Male,56.0,7,190125.6617275692,1,0,0,62923.298766998305,0
9679,97880078,Surname_9679,442,Germany,Male,21.0,5,133883.5799926323,2,0,0,73345.98100679163,0
9680,46906978,Surname_9680,676,France,Male,53.0,2,54109.053211235434,4,1,0,93551.47854691799,1
9681,50462605,Surname_9681,623,Spain,Female,56.0,0,82433.37678231983,3,0,1,112744.811081119,0
9682,40774635,Surname_9682,370,France,Male,53.0,3,194177.206147956,3,0,0,142231.14732149147,1
9683,69417940,Surname_9683,575,Germany,Male,34.0,6,21911.551227384363,4,0,1,70086.21184577406,1
9684,98834387,Surname_9684,416,Germany,Male,52.0,0,125265.65800094989,4,1,0,61197.75141717287,1
9685,35725319,Surname_9685,805,France,Male,28.0,8,120686.14521542916,1,0,0,41027.04229809188,0
9686,11154025,Surname_9686,775,Spain,Female,40.0,1,203514.98944224397,3,1,0,90832.01141297334,1
9687,86793119,Surname_9687,519,Spain,Female,42.0,7,113083.63854068806,1,0,0,31789.69844657025,0
9688,15448930,Surname_9688,841,Germany,Male,50.0,8,170461.1995524782,3,0,1,28250.674924490526,1
9689,40000366,Surname_9689,566,Germany,Male,55.0,8,54370.59837568514,2,1,0,82637.06210923647,1
9690,82142851,Surname_9690,427,Spain,,42.0,6,44845.74999654764,3,0,0,121368.22589823166,0
9691,72293950,Surname_9691,730,France,Female,58.0,5,160921.11415274857,4,1,0,99451.25735797532,1
9692,32457247,Surname_9692,637,France,Male,50.0,3,104461.27385818477,1,0,0,63578.43743085543,0
9693,43003513,Surname_9693,653,Spain,Female,54.0,0,192607.3566971151,3,0,1,19810.81056337403,0
9694,75368558,Surname_9694,460,France,Male,35.0,1,119923.40091764476,1,1,0,24243.489580202946,1
9695,26129130,Surname_9695,506,France,Male,45.0,0,16829.64419043903,2,1,1,66408.3196477824,0
9696,40368293,Surname_9696,503,France,Female,30.0,6,46222.80166167692,1,0,0,87996.2375559353,0
9697,68435297,Surname_9697,801,Germany,Female,40.0,1,239118.21406663864,1,0,0,149877.2367924282,0
9698,27139775,Surname_9698,390,Spain,Female,54.0,4,22711.986788848586,4,0,1,11656.60868271078,1
9699,53026470,Surname_9699,792,Germany,Male,27.0,3,44723.13237239808,2,1,1,14685.301445733747,0
9700,85488819,Surname_9700,663,France,Male,30.0,9,246383.10904747972,2,1,0,146248.55068859848,1
9701,96908624,Surname_9701,715,France,Female,,1,47965.24172661126,2,1,1,129254.09823293715,1
9702,79515659,Surname_9702,621,France,Male,,4,26659.043337305233,1,1,0,25235.617545552406,1
9703,29310667,Surname_9703,791,Spain,,,4,157081.82992091906,2,0,0,93440.23912951205,0
9704,42339691,Surname_9704,430,Spain,Male,,6,16226.368656615086,2,0,1,43589.846031853696,0
9705,20058238,Surname_9705,422,Spain,Female,,3,60535.56377373362,4,0,1,26083.339691705063,0
9706,69783229,Surname_9706,789,France,Male,,5,54460.84216396127,2,1,1,148707.4600579652,0
9707,11071280,Surname_9707,641,France,Female,,7,15965.090893733686,3,0,1,48301.512579464135,0
9708,68051332,Surname_9708,672,Germany,Female,,6,69568.99083465934,3,1,0,76109.62044055,1
9709,42154272,Surname_9709,492,Germany,Female,,0,88426.99811234389,2,1,1,15715.028663009898,1
9710,24898022,Surname_9710,424,Spain,Female,,3,235947.30446080313,1,1,0,111435.16433815136,1
9711,46983693,Surname_9711,485,Germany,Male,,0,5867.210146871721,4,0,0,62095.84479416173,1
9712,39298193,Surname_9712,469,Spain,Female,,2,151412.16471917406,4,0,0,62446.693051008624,1
9713,22719657,Surname_9713,485,France,Female,,6,245804.5404186703,4,1,1,94003.89917945047,0
9714,79692382,Surname_9714,464,Spain,Female,,4,226889.44061516036,1,0,1,66665.5328838049,1
9715,51826714,Surname_9715,479,Germany,Male,,8,228159.57778482864,3,1,0,92693.44260232638,0
9716,58168237,Surname_9716,740,Spain,Female,,6,236113.98111251823,1,1,0,30053.519786590554,1
9717,37715555,Surname_9717,651,Germany,Female,,1,87028.93680175534,4,0,0,53226.635995678036,0
9718,38999118,Surname_9718,622,Germany,Female,,9,134055.94191970062,3,1,1,129063.21112616503,1
9719,50434616,Surname_9719,427,Spain,Male,,5,9662.184581090833,2,1,1,10260.053247925096,1
9720,28069176,Surname_9720,433,Spain,Female,,7,89591.33935339577,4,0,0,144084.71099246427,1
9721,24573776,Surname_9721,369,Germany,Female,,2,27037.796308533645,3,0,0,89923.44801210114,0
9722,48975106,Surname_9722,428,Spain,Male,,1,200265.0314997847,3,0,0,30909.68454563678,1
9723,57523574,Surname_9723,485,Germany,Male,,7,114130.61245718703,1,1,0,33650.63361611642,0
9724,72169356,Surname_9724,541,France,Female,,1,65045.374705115704,1,0,1,79033.37397423535,1
9725,92522705,Surname_9725,746,Germany,Female,,8,65871.47492303546,2,1,1,46764.60720646886,1
9726,50697221,Surname_9726,794,France,Female,,9,35018.15077337236,1,0,0,100996.7849695995,1
9727,82625795,Surname_9727,557,Germany,Male,,5,213873.06729890566,2,1,1,96103.8778289411,1
9728,90972221,Surname_9728,527,Spain,Female,,1,114785.65724721199,2,1,0,98398.63517261007,1
9729,71093274,Surname_9729,368,Germany,Male,,5,21954.132106469377,2,0,1,71380.18526522497,0
9730,22471779,Surname_9730,529,Spain,Male,,3,67367.36598484372,3,1,1,147856.62650428928,1
9731,98251209,Surname_9731,535,Germany,Female,,8,93971.44243885647,3,0,0,88096.34713400241,0
9732,68648436,Surname_9732,544,Spain,Male,,7,176334.59825505872,1,1,1,100150.15039739839,0
9733,28656482,Surname_9733,794,Spain,Male,,8,129788.00566978601,1,1,1,31005.793838340927,1
9734,47480809,Surname_9734,789,Spain,Female,,3,238382.13582977024,1,0,0,94063.25457252325,1
9735,87258743,Surname_9735,829,Germany,Female,,6,108932.15235031437,2,0,0,27298.888881383173,1
9736,17924596,Surname_9736,590,Germany,Male,,2,54511.90269218056,4,1,0,137848.77632710175,1
9737,37114101,Surname_9737,832,Germany,Male,,5,21174.564730950806,1,0,1,13775.26549131917,1
9738,17762601,Surname_9738,552,France,Female,,8,204070.3375958332,3,0,1,50984.89870835004,1
9739,77928613,Surname_9739,530,Germany,Female,,4,27040.477810427397,2,0,1,57058.2224371668,1
9740,68173857,Surname_9740,577,France,Female,,5,62282.47396353057,3,0,1,105016.70938082197,1
9741,79837201,Surname_9741,771,France,,,4,169210.03007486,1,1,1,19874.476540536754,1
9742,68239356,Surname_9742,478,France,Male,,2,180138.17222758496,4,1,1,147147.03486638234,0
9743,54526080,Surname_9743,806,France,Male,,7,157544.48953157113,4,1,0,59262.17268088046,0
9744,17293773,Surname_9744,490,France,,,3,116665.07486174443,4,1,0,58419.396108633395,0
9745,13644298,Surname_9745,752,Germany,Female,,2,232120.28499822243,4,1,1,109173.30295497722,0
9746,57311032,Surname_9746,532,France,Female,,8,3447.4692388509475,4,0,1,31435.959921322436,0
9747,23162282,Surname_9747,370,Spain,Female,,0,48422.42221385951,4,1,1,17806.531975038706,1
9748,66135421,Surname_9748,730,France,Male,,0,148001.6344311074,3,1,0,126887.31543573413,1
9749,98510600,Surname_9749,570,Germany,Female,,6,81877.88377897954,1,0,1,100357.95373874849,0
9750,98974430,Surname_9750,744,Germany,Male,,1,200583.27595771154,1,1,0,136798.03218885104,0
9751,49829208,Surname_9751,606,Germany,Male,,9,15019.434508752178,1,1,1,146135.65887780773,1
9752,15344641,Surname_9752,758,France,Female,,9,186354.369247309,4,1,1,41283.12133311112,0
9753,83023926,Surname_9753,510,France,Female,,1,142011.9521004066,3,0,1,85748.78275476815,0
9754,67251178,Surname_9754,580,France,,,0,125562.97323225066,2,0,1,99728.7044934915,1
9755,42051046,Surname_9755,401,France,Female,,3,175896.2474248728,1,0,1,21986.330627554267,0
9756,81606664,Surname_9756,619,Spain,Male,,8,150971.38192653967,1,1,0,133244.32774154033,1
9757,20641179,Surname_9757,528,Germany,Female,,7,146611.79384005556,4,0,0,74739.15542330849,1
9758,76108032,Surname_9758,614,France,Male,,1,9963.93541264995,1,0,1,62169.482012076594,1
9759,14497152,Surname_9759,552,Spain,Female,,7,214663.51488031854,1,0,1,23303.667233912878,0
9760,74952132,Surname_9760,696,Spain,Female,,0,8410.317384815236,4,0,1,52118.354678771735,0
9761,91003893,Surname_9761,631,Germany,Female,,1,5865.547704561102,4,1,1,121792.39057743757,0
9762,41763422,Surname_9762,417,Germany,Male,,2,38273.148955330515,1,1,1,86522.10094274153,0
9763,45459881,Surname_9763,704,Germany,Male,,5,9360.37604406667,3,1,0,23083.69245375879,1
9764,46824330,Surname_9764,492,Spain,Female,,7,136894.83241564292,2,0,1,81205.68420928878,1
9765,59747105,Surname_9765,840,Spain,Female,,1,175243.600297038,3,1,0,25491.894460102376,1
9766,34830935,Surname_9766,672,France,Female,,8,41947.52310888264,3,0,1,129889.23641308658,1
9767,56008912,Surname_9767,436,France,Female,,7,32448.870527419516,1,1,1,80140.60938192089,0
9768,33672329,Surname_9768,391,Germany,Female,,8,198389.85018718845,1,0,0,83738.86454461026,0
9769,63532200,Surname_9769,477,Spain,Female,,2,44086.33392612388,4,1,1,139371.3437949311,0
9770,49580807,Surname_9770,450,France,Female,,2,63521.64985078024,3,1,1,130799.14401331855,1
9771,78920569,Surname_9771,707,Spain,Male,,8,176346.58825917472,4,1,1,40125.4964917383,0
9772,68672592,Surname_9772,817,France,Female,,4,35528.659988490115,4,1,1,98738.13270527036,1
9773,97912171,Surname_9773,486,Spain,Female,,5,163630.73762058615,4,0,1,47786.95536384608,0
9774,67598806,Surname_9774,706,France,Male,,6,70671.21505878685,3,0,1,32568.777878967227,1
9775,73241495,Surname_9775,752,France,Female,,5,8214.698415526966,2,0,0,26671.217539778205,1
9776,23633982,Surname_9776,730,France,Female,,9,164258.1815541964,4,0,0,22375.865988541576,1
9777,45015694,Surname_9777,609,Spain,Female,,9,142953.6729573845,1,1,0,60586.68257164059,1
9778,64023135,Surname_9778,825,Germany,Male,,9,202567.45481052756,4,1,1,90877.12684175947,1
9779,54544422,Surname_9779,638,France,Female,,5,199130.36060121807,3,0,0,44649.16688309876,0
9780,81849472,Surname_9780,590,Spain,Male,,9,11948.936150527472,4,1,0,123046.12623434176,1
9781,26773254,Surname_9781,756,Germany,Male,,7,181364.40750918334,3,0,1,97786.81637447249,1
9782,69085926,Surname_9782,627,Spain,Male,,2,187890.45480627977,2,1,0,108186.19385100766,0
9783,75348936,Surname_9783,459,Germany,,,7,220760.9365084236,2,0,0,101262.74929408135,0
9784,69071821,Surname_9784,578,Germany,Male,,4,134648.78997684334,2,1,0,131508.70743345254,1
9785,85244352,Surname_9785,733,Germany,Female,,2,58166.39359366976,1,1,0,103313.08080276118,0
9786,30077662,Surname_9786,841,Germany,Male,,0,67308.00017451643,1,0,1,33924.24930962528,1
9787,25488573,Surname_9787,830,Spain,Male,,1,11090.234413270506,1,0,0,15212.294311327787,1
9788,34609507,Surname_9788,760,France,Female,,9,134748.07907683248,4,0,1,83056.69269458465,0
9789,32971098,Surname_9789,452,France,Female,,8,246345.56245801764,4,0,1,50764.41159558474,0
9790,14309729,Surname_9790,432,Germany,Female,,8,167886.91972090537,3,0,1,89513.06573971748,0
9791,58500955,Surname_9791,591,Spain,,,6,176933.3458136881,1,1,1,144136.27742456688,0
9792,47983898,Surname_9792,653,Germany,Male,,6,92533.10834082168,4,0,1,98380.02287991019,0
9793,55707555,Surname_9793,442,France,Male,,3,61553.35483426772,1,1,1,63202.48737725201,0
9794,65820095,Surname_9794,555,France,Male,,4,231285.48187821146,3,0,1,48863.88156408459,0
9795,36323409,Surname_9795,661,France,Female,,8,215251.99006225934,3,0,1,86093.488398799,1
9796,14240323,Surname_9796,660,Germany,Male,,1,14939.422473395387,2,0,1,118564.21464940584,0
9797,29033394,Surname_9797,375,Germany,Female,,3,171311.92677395494,1,1,1,69006.2214485151,1
9798,45944948,Surname_9798,487,France,Female,,3,132219.66260222014,3,1,1,145032.24793612532,0
9799,24376142,Surname_9799,419,France,Female,,2,59059.17344733241,1,1,0,124461.06744116177,1
9800,49611694,Surname_9800,462,France,,,3,25801.088512024755,4,1,1,143284.86773740163,0
9801,58777389,Surname_9801,481,Spain,Male,,6,149632.29900635674,3,0,0,69777.90974171668,1
9802,22818542,Surname_9802,715,Spain,Female,,4,117445.29247726848,2,0,1,79355.5001308684,1
9803,79499595,Surname_9803,845,Spain,Male,,6,193489.0477602605,2,1,1,119521.19299682319,1
9804,37904383,Surname_9804,446,France,Female,,8,74336.98801315088,3,1,1,16848.474213649057,1
9805,40421737,Surname_9805,496,France,Female,,6,169208.5518018642,1,1,0,22136.904783679674,1
9806,66111125,Surname_9806,620,Spain,Male,,7,81688.66892989154,3,1,0,130171.10431372157,0
9807,83201772,Surname_9807,595,Spain,Female,,7,79547.06736887731,3,1,1,62831.48850488288,0
9808,31312599,Surname_9808,492,Spain,Female,,3,179028.54132828946,3,0,0,41605.74870129734,1
9809,43759852,Surname_9809,707,France,Female,,6,9583.744736924999,1,1,0,56586.72549405257,0
9810,67809785,Surname_9810,717,France,Male,,0,235293.48367331774,1,0,0,73546.32680212968,0
9811,92637968,Surname_9811,371,Germany,Female,,0,149348.86962224863,2,1,0,23583.290512117943,0
9812,80095848,Surname_9812,710,Germany,Male,,5,25241.19918788756,3,1,0,58333.15680517337,1
9813,84385056,Surname_9813,404,Spain,Female,,0,47631.70932870159,2,0,0,96777.61894193872,1
9814,10712129,Surname_9814,596,Germany,Female,,0,20307.602635115745,3,1,0,15868.369406603926,0
9815,16283553,Surname_9815,505,France,Female,,3,20106.786480514504,1,1,0,132060.21358189348,0
9816,48104993,Surname_9816,370,Germany,Male,,8,85680.39943986436,4,0,0,90103.1800251864,0
9817,58805645,Surname_9817,557,France,Male,,3,25010.106434269765,3,1,0,85724.3649291628,1
9818,59067846,Surname_9818,372,Germany,Male,,5,12853.031606095688,3,0,1,27430.211650838683,0
9819,39163681,Surname_9819,441,Germany,Male,,7,204798.49251828235,4,1,0,70718.64685804042,0
9820,90194873,Surname_9820,389,France,Male,,4,9297.42917983367,1,1,0,136647.15158350574,1
9821,68516919,Surname_9821,520,Germany,Male,,0,91314.34357339302,3,1,1,93652.59447171133,0
9822,62266009,Surname_9822,665,Spain,Male,,0,156847.38362642415,4,1,0,14591.506512422458,0
9823,26607167,Surname_9823,844,France,Male,,1,237096.5834491929,3,1,1,98453.43434815381,0
9824,11583707,Surname_9824,436,France,Female,,7,97253.38723880741,1,0,1,111877.32737108208,1
9825,23357941,Surname_9825,580,France,Female,,1,92134.29710593607,3,0,0,139847.59194203792,1
9826,40749640,Surname_9826,627,Germany,Female,,7,233222.8649539737,2,1,1,96921.52180772653,0
9827,50029894,Surname_9827,363,Spain,Female,,7,129904.37951020373,2,1,1,132368.3023278275,1
9828,80288477,Surname_9828,799,Germany,,,9,132539.6937207659,1,1,0,82139.73550197968,1
9829,49101384,Surname_9829,498,Spain,Male,,0,76698.13266895314,1,1,0,126141.45271724158,1
9830,65715961,Surname_9830,438,Spain,Male,,2,56191.05714886688,3,1,0,120679.33540492873,1
9831,12225267,Surname_9831,524,France,,,2,68970.9137620878,3,0,0,81825.22023508207,0
9832,92633479,Surname_9832,792,France,Male,,0,90028.74636717387,3,1,1,75907.2629427722,1
9833,76056107,Surname_9833,400,Germany,Female,,0,42708.56628172029,1,0,0,12540.51357077914,1
9834,39768702,Surname_9834,679,Spain,Male,,1,67757.19342794656,4,1,1,110270.29027854095,0
9835,97532033,Surname_9835,491,France,Female,,5,181174.30213630796,3,1,1,135925.11613501984,1
9836,49290918,Surname_9836,748,Spain,Female,,1,201323.18530057246,2,0,1,131604.11566450985,1
9837,90196422,Surname_9837,757,Spain,Male,,8,109247.1904388168,4,1,0,25524.729589408496,0
9838,25154994,Surname_9838,582,France,Male,,0,240458.8387180762,1,0,1,54642.05980648267,0
9839,22126758,Surname_9839,666,Spain,Male,,8,170925.34755442382,1,0,0,10181.628007094554,0
9840,34582834,Surname_9840,663,Spain,Female,,3,154868.2737298357,1,1,0,132241.38306404545,0
9841,35570841,Surname_9841,583,France,Male,,9,49948.00088402387,4,0,1,119538.09852545425,0
9842,80926456,Surname_9842,404,Spain,Male,,2,90989.29895745552,4,1,1,101552.32392477784,0
9843,47368887,Surname_9843,602,Spain,Female,,5,56962.96514490421,4,1,0,37366.80067285326,1
9844,48701887,Surname_9844,544,France,Male,,8,248475.70319240465,1,1,1,85161.28015975784,0
9845,72952423,Surname_9845,774,Spain,Female,,5,65414.04464007014,3,0,0,40681.575502020154,1
9846,52513782,Surname_9846,800,Germany,Female,,0,20179.82635859511,1,0,0,95645.15296304894,0
9847,76192265,Surname_9847,820,France,Male,,8,131474.01489519625,1,1,1,71973.62088230945,0
9848,62628139,Surname_9848,529,Spain,Female,,3,134384.33223923063,1,1,1,71570.42161939447,0
9849,71883637,Surname_9849,522,Germany,Male,,5,149090.88470112972,2,0,0,46971.11946273088,1
9850,25650068,Surname_9850,522,France,Male,,3,108807.74947426564,2,0,0,80148.65058197209,0
9851,11534397,Surname_9851,748,Germany,Male,,4,202517.34272601717,1,1,1,13784.432736713148,0
9852,57716154,Surname_9852,778,France,Male,,1,237979.051036342,2,0,1,149466.30660921385,0
9853,53483666,Surname_9853,567,Germany,Male,,7,232825.26725987205,3,1,1,90297.8587302166,0
9854,67833819,Surname_9854,835,France,Female,,5,164992.7612007904,4,1,1,101789.45748060035,1
9855,53989810,Surname_9855,604,France,Male,,8,166877.05254523936,2,1,1,116776.27296158925,1
9856,26262793,Surname_9856,453,France,Female,,1,159934.22392445747,3,0,0,123254.5524149319,0
9857,64950477,Surname_9857,429,France,Male,,7,161092.66774062972,4,1,1,44567.865167726784,1
9858,54663041,Surname_9858,518,France,Male,,4,149191.28181037886,4,0,0,44246.542480812335,1
9859,20560869,Surname_9859,755,France,Female,,3,2866.951046375993,3,0,1,109812.31195867724,1
9860,33459651,Surname_9860,617,Spain,Male,,8,38344.3002407062,2,1,1,80275.0251187741,0
9861,97999144,Surname_9861,358,Spain,Female,,6,144988.43148064625,1,1,1,140278.75033570867,0
9862,10589902,Surname_9862,835,Germany,Male,,0,136760.23149625905,4,0,0,120910.05705376816,0
9863,67543099,Surname_9863,489,France,Female,,1,78592.45711855778,4,1,1,77991.44521879588,0
9864,45459446,Surname_9864,588,Germany,Male,,0,201122.6503325861,1,1,1,31567.901973091957,0
9865,98198820,Surname_9865,780,Germany,Male,,9,180152.88868755873,1,0,0,39672.85555521813,1
9866,87509679,Surname_9866,771,France,,,0,94677.97217984725,1,1,1,20136.654929633045,1
9867,75958066,Surname_9867,612,Germany,Male,,2,48125.89750248447,4,1,0,97755.4719025087,0
9868,37422163,Surname_9868,380,Germany,Male,,4,40038.34398440012,3,0,1,74616.39812872701,1
9869,11598614,Surname_9869,713,France,Male,,2,97723.18762397069,2,0,1,23339.886876782868,0
9870,73206461,Surname_9870,744,Spain,Male,,0,40422.7394732429,4,1,0,121110.89708841186,1
9871,47724413,Surname_9871,514,France,Male,,6,110482.31285484816,4,0,0,39272.06015393335,1
9872,84957154,Surname_9872,766,Spain,Male,,4,107316.09130187919,3,0,0,49430.005919457304,0
9873,77335288,Surname_9873,533,France,Male,,0,76276.63468155777,4,1,0,104501.86904995178,0
9874,15575971,Surname_9874,409,Spain,Male,,3,87582.73490623839,3,0,1,11422.818719104456,0
9875,35492517,Surname_9875,691,Spain,Female,,2,168761.64328336148,1,0,1,135671.30932976934,0
9876,13506163,Surname_9876,704,France,Female,,0,212582.40126913527,3,0,0,91529.04999351208,0
9877,65357978,Surname_9877,828,France,Female,,0,137430.01424870794,3,1,1,68609.32567404897,1
9878,68116231,Surname_9878,381,Spain,Female,,8,237115.60293044624,1,0,0,66034.4804712818,0
9879,71603114,Surname_9879,557,France,Male,,5,38587.82125079793,2,1,1,127912.200616888,0
9880,94759173,Surname_9880,391,Spain,Male,,1,209038.73318988728,1,0,0,110577.77897898648,0
9881,10018268,Surname_9881,433,Spain,Male,,4,150779.79152811144,4,1,1,47670.19084974043,0
9882,47105330,Surname_9882,657,Germany,Male,,5,49859.663403815866,2,1,1,99517.5658052542,0
9883,25470085,Surname_9883,500,France,Male,,9,123307.44411368288,3,0,0,89918.07347595794,0
9884,38675020,Surname_9884,556,Germany,Male,,2,181714.00819631465,4,1,0,58332.375430596374,0
9885,95342316,Surname_9885,808,France,Female,,0,208514.49614875816,4,1,1,118545.0949585318,0
9886,41792962,Surname_9886,756,France,Male,,3,155694.3193671307,4,1,1,83431.74837296255,1
9887,92092025,Surname_9887,400,Spain,,,4,85522.23362729813,4,0,0,137164.39398091755,1
9888,17649379,Surname_9888,818,Spain,Male,,8,27856.71236086609,1,1,0,109281.01093371992,0
9889,10304026,Surname_9889,809,Spain,Female,,9,211363.61267420434,3,0,1,138823.9881449758,1
9890,80197685,Surname_9890,520,Germany,Female,,8,203455.71604217266,4,1,1,143906.10581097126,0
9891,65538798,Surname_9891,741,France,Male,,1,83564.0860819758,3,1,1,62543.43024878858,1
9892,47778039,Surname_9892,542,Spain,Female,,7,43980.4838778726,4,0,1,71965.09360536706,0
9893,24790850,Surname_9893,685,Germany,Male,,2,177986.7563584907,3,1,1,125194.96672378619,0
9894,18655811,Surname_9894,417,Germany,Male,,6,151116.87413593562,1,0,0,145352.5087934188,1
9895,67957501,Surname_9895,705,France,Female,,3,8708.991355534463,1,0,1,85753.79700380069,1
9896,51843262,Surname_9896,683,France,,,1,120673.41672533342,4,0,0,12957.56469052953,0
9897,13389998,Surname_9897,786,Germany,Male,,4,213336.9201057194,2,1,1,80988.7338253323,1
9898,49671210,Surname_9898,488,France,Male,,6,171438.12304221743,2,1,0,20679.144179765506,1
9899,67483253,Surname_9899,503,Germany,Male,,1,63893.36963348888,1,1,0,80701.65896152472,1
9900,74132770,Surname_9900,483,Spain,Male,,6,233443.7949175498,3,1,1,148967.6815311061,0
9901,13804417,Surname_9901,618,France,,,5,158058.6201628725,4,1,0,61532.257293576215,0
9902,50854716,Surname_9902,382,Germany,Female,,9,170001.92781952873,4,0,0,83474.21783058775,0
9903,46639569,Surname_9903,746,France,,,9,232349.05667777176,4,0,0,86068.32098442063,1
9904,43055972,Surname_9904,399,Spain,Male,,8,13694.085347656537,2,1,0,55032.50250437858,0
9905,76679733,Surname_9905,838,France,,,0,191722.62099351955,2,1,1,74949.55041400898,1
9906,62236234,Surname_9906,621,Germany,Male,,1,204073.13811568206,2,0,1,147672.3034792387,0
9907,67611355,Surname_9907,695,France,Male,,6,247001.52184536477,1,1,0,55254.92941428135,0
9908,22170623,Surname_9908,690,France,Male,,1,41754.02838344877,2,1,0,124555.91053627829,1
9909,94719560,Surname_9909,492,France,Male,,8,71653.62077634913,3,0,0,58235.680515237706,0
9910,56994827,Surname_9910,621,France,Male,,4,64506.990974817905,3,1,1,138466.0936857381,1
9911,78179543,Surname_9911,563,France,Female,,5,27646.756056807666,2,0,1,17078.660732262102,1
9912,42114452,Surname_9912,772,Spain,Female,,3,106727.81222518068,4,0,1,77910.15058022128,1
9913,91419263,Surname_9913,835,Spain,Male,,8,92146.96107968346,2,0,0,115158.45468943244,0
9914,62358883,Surname_9914,518,Germany,Male,,2,180370.7958123701,3,0,0,50937.81306721404,0
9915,25940945,Surname_9915,633,France,Female,,4,29085.433125112693,4,1,0,91657.53275855751,1
9916,83620234,Surname_9916,749,Spain,Male,,5,32530.56746267635,4,1,0,85084.40380748178,0
9917,96413566,Surname_9917,636,Spain,Male,,8,119077.82839752069,2,1,1,34635.78625443487,1
9918,61834863,Surname_9918,440,France,Male,,2,173150.4483274255,1,0,1,87843.05949065641,0
9919,24408547,Surname_9919,493,France,Male,,3,141629.4709586438,1,0,0,92631.8107961223,0
9920,45251815,Surname_9920,689,France,,,2,243682.4812541802,3,0,1,45408.79760128267,0
9921,18237695,Surname_9921,606,Spain,Male,,8,89204.79493312552,2,1,1,110882.20308858645,0
9922,91944022,Surname_9922,361,France,Female,,2,141456.09940630282,1,0,1,18339.92897543744,1
9923,62830389,Surname_9923,709,Germany,Female,,5,54316.25004852469,4,1,0,100948.34835300654,0
9924,36223699,Surname_9924,596,France,Female,,4,92103.9660669615,2,1,0,141860.81892713025,1
9925,24742594,Surname_9925,405,Spain,Male,,8,76770.32052099761,2,0,1,110895.73454261011,0
9926,12510214,Surname_9926,735,Germany,Male,,8,24747.279620800673,1,1,1,30884.84644130524,1
9927,60627678,Surname_9927,694,France,Female,,9,88512.59346658396,2,1,1,122741.57478331459,0
9928,40280336,Surname_9928,458,Spain,Male,,4,109741.44380341221,1,1,0,46096.81239021978,1
9929,58515985,Surname_9929,802,Spain,Female,,3,190308.32566620578,2,0,1,148489.392409392,0
9930,30287399,Surname_9930,599,Spain,,,3,179924.80981800685,4,0,0,80929.3819778148,1
9931,51261119,Surname_9931,585,France,Male,,1,99976.17380060001,3,1,0,122414.13550366675,1
9932,73271749,Surname_9932,800,Germany,Male,,9,11181.508087509701,4,1,1,112959.06966943108,1
9933,82571260,Surname_9933,528,Spain,Female,,8,124243.59665102213,2,0,1,92790.71093218989,0
9934,26854514,Surname_9934,651,Spain,Female,,9,122624.99509405467,3,0,0,135549.29989350087,1
9935,94261098,Surname_9935,835,Spain,Female,,9,208167.23700963214,3,1,0,91962.65544782115,0
9936,77864272,Surname_9936,784,France,Female,,5,71505.303689673,4,1,1,41843.30323780652,1
9937,60072536,Surname_9937,449,Spain,Female,,1,85444.96610115834,3,0,0,127115.43335059709,0
9938,16349821,Surname_9938,440,Spain,Female,,8,46478.543047419415,4,0,0,111234.26769775,0
9939,98271982,Surname_9939,587,France,Male,,5,157165.09229738524,4,0,1,41023.770988000484,1
9940,37733927,Surname_9940,367,Spain,Female,,3,149841.22147087377,3,0,1,48687.98595829125,1
9941,69048846,Surname_9941,460,France,Female,,3,129794.86448059627,4,1,1,90033.54691725592,1
9942,73972973,Surname_9942,721,France,Male,,1,112197.08695262557,4,1,1,108318.44241787303,0
9943,82384870,Surname_9943,519,Germany,,,3,201267.85318446785,2,0,1,97515.96013520833,1
9944,12893991,Surname_9944,602,Germany,Female,,9,69504.9376958077,1,0,1,97178.22808142238,0
9945,23257874,Surname_9945,435,France,Female,,9,97773.02083418843,2,0,0,19145.809417517376,0
9946,39225331,Surname_9946,745,Germany,Male,,1,111593.6604393018,3,1,0,134621.28061211645,0
9947,31788360,Surname_9947,517,Germany,Male,,5,124999.23631099438,4,0,0,56098.06603921914,1
9948,39984844,Surname_9948,675,France,Male,,8,177515.29500568847,2,0,0,31632.906430389994,0
9949,10148375,Surname_9949,682,France,Female,,5,160435.70472983993,4,0,1,16059.716788049505,0
9950,99086560,Surname_9950,494,Germany,Female,,8,207146.36582705815,4,0,1,66612.33026457066,0
9951,89013247,Surname_9951,502,Spain,,,0,14061.597633704127,3,1,0,101713.90388169253,1
9952,84849182,Surname_9952,526,Spain,Female,,1,111772.57009697956,1,1,0,91394.05109833008,1
9953,20290595,Surname_9953,462,France,Female,,3,174406.48550990073,4,1,0,63375.99015877832,0
9954,78670793,Surname_9954,721,Germany,Female,,7,122050.7274485707,2,1,0,94541.66977717812,1
9955,44002130,Surname_9955,689,Germany,Male,,4,25923.83705563592,4,1,1,51379.88403636542,1
9956,90963440,Surname_9956,828,Germany,Male,,5,26781.727163619013,4,1,0,115658.9500576865,1
9957,71144100,Surname_9957,510,Spain,Female,,7,88947.44932061515,1,0,0,93231.0013849822,1
9958,61491017,Surname_9958,529,Germany,Male,,1,177100.86026294442,2,1,1,17709.988877328327,0
9959,46918711,Surname_9959,576,Germany,Female,,7,106516.87428411662,2,1,1,82087.71873168586,1
9960,67388654,Surname_9960,758,Spain,Female,,6,182629.62744776634,2,1,0,22831.21444747505,1
9961,61522535,Surname_9961,358,Germany,Female,,1,209307.00826694028,3,1,0,124849.32788952453,0
9962,91439826,Surname_9962,728,Germany,Male,,4,215347.13993075685,1,1,0,48682.13890999074,1
9963,71140073,Surname_9963,801,Germany,Female,,1,62704.80222042254,1,0,0,126178.81696085563,1
9964,21059170,Surname_9964,353,Spain,Male,,9,234672.63473092703,1,1,1,58273.80039068048,1
9965,83239824,Surname_9965,540,Germany,Female,,8,196336.41200600087,1,1,1,119108.93495532636,1
9966,25573168,Surname_9966,494,France,Female,,1,221055.88890465396,2,0,1,137995.56642966944,0
9967,62448443,Surname_9967,632,Germany,Male,,6,154525.92457642572,1,0,1,66506.6400854396,1
9968,55235557,Surname_9968,559,Spain,Male,,6,102162.58830102453,4,0,1,106918.22392532285,1
9969,63779224,Surname_9969,731,Spain,Female,,7,198501.41766887926,1,1,0,79963.80667414049,1
9970,79894114,Surname_9970,829,Germany,Male,,7,36160.79908833242,1,0,1,59229.685368087645,1
9971,84147180,Surname_9971,766,Spain,Male,,2,196774.522399143,3,1,0,86728.92333025845,0
9972,20332762,Surname_9972,449,Germany,Female,,9,113905.7430413268,2,0,0,146111.09251544188,1
9973,72508475,Surname_9973,657,Spain,Female,,3,117398.8105389959,4,1,1,44515.50709272882,1
9974,21253897,Surname_9974,442,Germany,Male,,3,52962.70677444348,1,1,1,19249.827516190766,0
9975,14500280,Surname_9975,368,France,Male,,9,64462.50681667537,4,1,0,51326.475916813484,0
9976,52995574,Surname_9976,420,France,Female,,7,186765.4501676224,1,1,0,32467.983547361648,1
9977,58341482,Surname_9977,438,Germany,Male,,9,44237.44636324947,4,0,0,16407.958386934195,0
9978,80451325,Surname_9978,650,France,Male,,4,112706.24057709852,3,1,0,141353.6436206652,1
9979,66715763,Surname_9979,770,France,Male,,3,106588.88228812563,4,0,1,27172.100334638948,0
9980,18476348,Surname_9980,458,Germany,Female,,1,200845.68461751367,4,0,1,127175.23652042598,0
9981,15429899,Surname_9981,462,Germany,Male,,0,75972.50375818304,1,1,0,75595.73549736687,1
9982,82031163,Surname_9982,619,Spain,Female,,6,151178.83456163312,4,1,1,123372.34950235441,1
9983,74043088,Surname_9983,400,Spain,Male,,9,173762.37333724712,3,0,0,40304.762578797134,1
9984,23868366,Surname_9984,355,France,Male,,5,224159.3707786391,1,1,0,23927.00644134725,0
9985,36520373,Surname_9985,761,Spain,Male,,7,191250.12579288607,4,1,0,61443.333148890764,0
9986,46438732,Surname_9986,373,Spain,Male,,4,83405.34102043873,1,0,1,133961.14277769852,1
9987,84639436,Surname_9987,631,France,Female,,4,126518.23961023023,4,0,1,94723.33700899646,1
9988,15173793,Surname_9988,746,Germany,Male,,7,196456.05049584716,4,0,0,130299.19245324498,0
9989,35589048,Surname_9989,410,France,Male,,1,41690.36277427141,3,1,1,113817.98328460973,1
9990,39618653,Surname_9990,688,Germany,Female,,0,200111.95583290487,1,1,0,69383.373979786,1
9991,85992758,Surname_9991,797,France,Male,,2,88395.55839110527,4,0,0,145693.17864851956,1
9992,73431813,Surname_9992,742,Spain,Male,,5,77165.60909231316,2,1,0,140127.45225566783,0
9993,52929010,Surname_9993,731,Germany,Male,,7,102886.90317542598,4,1,0,98757.86547675938,0
9994,25209841,Surname_9994,771,Germany,Female,,3,224973.11928794056,2,0,1,114112.93566985325,0
9995,69879445,Surname_9995,681,France,Female,,6,124841.85136106404,3,0,1,120825.6830484166,0
9996,40800776,Surname_9996,433,Spain,Male,,5,234806.2813650563,3,0,0,26753.37498214203,0
9997,70302436,Surname_9997,485,Spain,Male,,4,53750.46178628656,3,1,0,48935.0796808486,1
9998,97281558,Surname_9998,824,France,Female,,6,90931.60691647817,3,1,0,82474.38024512996,1
9999,39435142,Surname_9999,383,Germany,Female,,1,38400.630037556,4,1,0,87992.08962724805,1
10000,38430869,Surname_10000,510,Germany,Male,,8,25357.67331990693,4,0,1,120003.61999434537,0
